time,probability
6.0,0.9444444444444444
11.0,0.8888888888888888
28.0,0.8333333333333333
31.0,0.7777777777777777
48.0,0.7222222222222222
67.0,0.6666666666666667
113.0,0.6111111111111112
137.0,0.5555555555555556
163.0,0.5
182.0,0.4444444444444444
200.0,0.38888888888888884
382.0,0.33333333333333326
472.0,0.33333333333333326
672.0,0.2666666666666666
849.0,0.19999999999999996
1627.0,0.19999999999999996
2036.0,0.19999999999999996
2153.0,0.19999999999999996
