time,probability
11.0,0.8571428571428571
48.0,0.7142857142857143
53.0,0.5714285714285715
56.0,0.4285714285714286
181.0,0.2857142857142857
321.0,0.14285714285714285
2118.0,0.14285714285714285
