{
  "closed": "right",
  "cut_points": {
    "RI": [
      1.51115,
      1.516442,
      1.5174720000000002,
      1.518232,
      1.520608,
      1.53125
    ],
    "Na": [
      10.73,
      12.85,
      13.19,
      13.456000000000001,
      14.006,
      17.38
    ],
    "Mg": [
      0.0,
      0.19800000000000048,
      3.39,
      3.54,
      3.65,
      4.49
    ],
    "Al": [
      0.29,
      1.1320000000000001,
      1.28,
      1.448,
      1.7480000000000002,
      3.04
    ],
    "Si": [
      69.81,
      72.116,
      72.646,
      72.914,
      73.152,
      75.41
    ],
    "'K'": [
      0.0,
      0.08,
      0.47200000000000003,
      0.57,
      0.62,
      6.21
    ],
    "Ca": [
      5.79,
      8.176,
      8.452,
      8.76,
      9.57,
      14.68
    ],
    "Ba": [
      0.0,
      3.15
    ],
    "Fe": [
      0.0,
      0.16,
      0.51
    ]
  }
}