{
  "closed": "right",
  "cut_points": {
    "Alcohol": [
      12.1850004196167,
      12.744999885559082
    ],
    "Malic_acid": [
      1.4199999570846558,
      2.234999895095825
    ],
    "Ash": [
      2.0299999713897705
    ],
    "Alcalinity_of_ash": [
      17.5
    ],
    "Magnesium": [
      88.0
    ],
    "Total_phenols": [
      1.840000033378601,
      2.325000047683716
    ],
    "Flavanoids": [
      0.9750000238418579,
      1.5700000524520874,
      2.309999942779541
    ],
    "Nonflavanoid_phenols": [
      0.38999998569488525
    ],
    "Proanthocyanins": [
      1.2699999809265137
    ],
    "Color_intensity": [
      3.4600000381469727,
      7.5
    ],
    "Hue": [
      0.6850000023841858,
      0.8199999928474426
    ],
    "OD280/OD315_of_diluted_wines": [
      2.125,
      2.505000114440918
    ],
    "Proline": [
      468.0,
      755.0,
      987.5
    ]
  }
}