time,probability
15.0,0.8333333333333334
35.0,0.6666666666666667
59.0,0.5
60.0,0.3333333333333333
196.0,0.16666666666666666
435.0,0.0
