time,probability
45.0,0.8333333333333334
53.0,0.6666666666666667
108.0,0.5
137.0,0.3333333333333333
161.0,0.16666666666666666
1188.0,0.16666666666666666
