time,probability
1.0,0.9411764705882353
2.0,0.7647058823529411
3.0,0.5294117647058822
4.0,0.47058823529411753
5.0,0.4117647058823528
7.0,0.29411764705882343
10.0,0.23529411764705876
15.0,0.11764705882352938
48.0,0.05882352941176469
234.0,0.0
