{
  "closed": "right",
  "cut_points": {
    "age": [
      29.0,
      45.400000000000006,
      52.0,
      58.0,
      62.60000000000002,
      77.0
    ],
    "resting_blood_pressure": [
      94.0,
      118.0,
      125.0,
      134.0,
      142.0,
      200.0
    ],
    "serum_cholestoral": [
      126.0,
      206.4,
      231.8,
      255.2,
      288.0,
      564.0
    ],
    "maximum_heart_rate_achieved": [
      71.0,
      127.4,
      147.0,
      159.2,
      169.0,
      202.0
    ],
    "oldpeak": [
      0.0,
      0.4,
      1.2,
      1.8600000000000023,
      6.2
    ],
    "slope": [
      1.0,
      2.0,
      3.0
    ],
    "number_of_major_vessels": [
      0.0,
      1.0,
      1.6000000000000227,
      3.0
    ]
  }
}