{
  "closed": "right",
  "cut_points": {
    "RI": [
      1.517335057258606,
      1.5179849863052368
    ],
    "Na": [
      13.994999885559082
    ],
    "Mg": [
      2.549999952316284
    ],
    "Al": [
      1.399999976158142,
      1.7899999618530273
    ],
    "Si": [],
    "'K'": [
      0.054999999701976776,
      0.6200000047683716,
      0.7450000047683716
    ],
    "Ca": [
      6.559999942779541,
      6.789999961853027,
      7.019999980926514,
      8.319999694824219,
      10.170000076293945
    ],
    "Ba": [
      0.33500000834465027
    ],
    "Fe": []
  }
}