{
  "closed": "right",
  "cut_points": {
    "age": [
      29.0,
      45.0,
      53.0,
      58.0,
      63.0,
      77.0
    ],
    "trestbps": [
      94.0,
      118.80000000000001,
      126.0,
      134.0,
      144.0,
      200.0
    ],
    "chol": [
      126.0,
      205.4,
      230.0,
      254.0,
      288.0,
      417.0
    ],
    "thalach": [
      71.0,
      130.0,
      146.8,
      159.0,
      170.0,
      202.0
    ],
    "oldpeak": [
      0.0,
      0.4,
      1.1,
      1.9,
      6.2
    ],
    "ca": [
      0.0,
      0.41863354037266254,
      1.0,
      3.0
    ]
  }
}