model_type,variant,dataset,M-of-N count,integrated_brier_score (train),integrated_brier_score (test),rules,conditions_count,avg conditions per rule,avg rule quality,avg rule precision,avg rule coverage,training time total (s),training time growing (s),training time pruning (s),induction measure,pruning measure,voting measure
exact_M-of-N,no_discretization,GBSG2,2,0.1718788690186011,0.1645450148442735,2,2.0,1.0,1.0,1.0,0.5,5.911477327346802,1.710438372,0.005705053,Correlation,Correlation,Correlation
exact_M-of-N,no_discretization,GBSG2,2,0.1703648202648333,0.1923226389109803,3,5.0,1.6666666666666667,0.9999999983747262,1.0,0.4321988114532685,6.863306999206543,4.8353077870000005,0.282379317,Correlation,Correlation,Correlation
exact_M-of-N,no_discretization,GBSG2,0,0.1723095469142641,0.2279252401262122,7,19.0,2.7142857142857144,0.999999999994139,1.0,0.2944983818770226,17.248157024383545,9.481508092,1.605823826,Correlation,Correlation,Correlation
exact_M-of-N,no_discretization,GBSG2,2,0.1745684824218462,0.1515561315051452,5,18.0,3.6,0.9999999999997928,1.0,0.387378640776699,84.95750069618225,9.016778853,4.008794173,Correlation,Correlation,Correlation
exact_M-of-N,no_discretization,GBSG2,0,0.1685983605205095,0.233178192496787,3,3.0,1.0,0.9999999999999996,1.0,0.4051863857374392,6.655248403549194,2.421179179,0.288433493,Correlation,Correlation,Correlation
exact_M-of-N,no_discretization,GBSG2,0,0.1650803218096896,0.1889083043860088,6,14.0,2.333333333333333,0.9999999998552324,1.0,0.3014586709886547,25.327656030654907,9.570548734,2.340655468,Correlation,Correlation,Correlation
exact_M-of-N,no_discretization,GBSG2,6,0.1688624541200082,0.1611180767624635,6,15.0,2.5,0.9999999997782768,1.0,0.2757968665586169,32.93114423751831,26.672103156,0.263010761,Correlation,Correlation,Correlation
exact_M-of-N,no_discretization,GBSG2,0,0.1739074456882769,0.1922213296076105,2,2.0,1.0,1.0,1.0,0.5,3.4537785053253174,1.332450226,0.06963623,Correlation,Correlation,Correlation
exact_M-of-N,no_discretization,GBSG2,0,0.1756290225679063,0.1904007666095494,3,6.0,2.0,1.0,1.0,0.3629989212513484,8.955611228942871,4.35378274,0.573056289,Correlation,Correlation,Correlation
