time,probability
1001.0,0.8888888888888888
1003.0,0.7777777777777777
1036.0,0.6666666666666665
1233.0,0.6666666666666665
1522.0,0.5333333333333332
2271.0,0.3999999999999999
2796.0,0.2666666666666666
3313.0,0.1333333333333333
4139.0,0.0
