time,probability
12.0,0.9230769230769231
13.0,0.8461538461538461
59.0,0.7692307692307692
93.0,0.6923076923076923
95.0,0.6153846153846153
132.0,0.5384615384615384
156.0,0.4615384615384615
163.0,0.3846153846153846
177.0,0.3076923076923077
212.0,0.23076923076923078
218.0,0.15384615384615385
222.0,0.07692307692307693
624.0,0.0
