time,probability
11.0,0.9411764705882353
12.0,0.8823529411764706
13.0,0.8235294117647058
30.0,0.7647058823529411
53.0,0.7058823529411765
65.0,0.6470588235294118
93.0,0.5882352941176471
118.0,0.5294117647058824
156.0,0.47058823529411764
163.0,0.4117647058823529
180.0,0.3529411764705882
183.0,0.29411764705882354
212.0,0.23529411764705885
222.0,0.17647058823529413
288.0,0.11764705882352941
329.0,0.058823529411764705
707.0,0.0
