time,probability
221.0,1.0
291.0,0.8
310.0,0.6000000000000001
404.0,0.6000000000000001
413.0,0.6000000000000001
814.0,0.0
