{
  "closed": "right",
  "cut_points": {
    "area": [
      0.0,
      2.0,
      49.400000000000006,
      214.39999999999998,
      641.4000000000001,
      22402.0
    ],
    "population": [
      0.0,
      2.0,
      6.0,
      18.0,
      274.0
    ],
    "bars": [
      0.0,
      5.0
    ],
    "stripes": [
      0.0,
      1.7999999999999972,
      3.0,
      14.0
    ],
    "colours": [
      1.0,
      2.0,
      3.0,
      4.0,
      7.0
    ],
    "circles": [
      0.0,
      4.0
    ],
    "crosses": [
      0.0,
      2.0
    ],
    "saltires": [
      0.0,
      1.0
    ],
    "quarters": [
      0.0,
      4.0
    ],
    "sunstars": [
      0.0,
      1.0,
      50.0
    ]
  }
}