time,probability
41.0,0.9090909090909091
42.0,0.8181818181818181
56.0,0.7272727272727272
57.0,0.6363636363636362
60.0,0.4545454545454545
117.0,0.3636363636363636
150.0,0.2727272727272727
174.0,0.1818181818181818
403.0,0.0909090909090909
1214.0,0.0909090909090909
