{
  "closed": "right",
  "cut_points": {
    "Alcohol": [
      11.03,
      12.25,
      12.72,
      13.256,
      13.732000000000001,
      14.39
    ],
    "Malic_acid": [
      0.74,
      1.508,
      1.726,
      2.124,
      3.262,
      5.65
    ],
    "Ash": [
      1.36,
      2.19,
      2.3,
      2.444,
      2.612,
      3.23
    ],
    "Alcalinity_of_ash": [
      10.6,
      16.8,
      18.6,
      20.0,
      22.1,
      30.0
    ],
    "Magnesium": [
      70.0,
      87.8,
      94.0,
      101.39999999999999,
      111.2,
      162.0
    ],
    "Total_phenols": [
      1.1,
      1.65,
      2.012,
      2.5,
      2.852,
      3.85
    ],
    "Flavanoids": [
      0.47,
      0.9040000000000001,
      1.67,
      2.43,
      2.982,
      5.08
    ],
    "Nonflavanoid_phenols": [
      0.14,
      0.26,
      0.3,
      0.39,
      0.48,
      0.66
    ],
    "Proanthocyanins": [
      0.41,
      1.056,
      1.42,
      1.66,
      1.982,
      3.58
    ],
    "Color_intensity": [
      1.28,
      2.89,
      3.98,
      5.288,
      6.82,
      13.0
    ],
    "Hue": [
      0.48,
      0.75,
      0.9084,
      1.04,
      1.15,
      1.71
    ],
    "OD280/OD315_of_diluted_wines": [
      1.27,
      1.816,
      2.516,
      2.904,
      3.3,
      3.92
    ],
    "Proline": [
      278.0,
      471.6,
      596.0,
      737.0,
      1052.0,
      1680.0
    ]
  }
}