{
  "closed": "right",
  "cut_points": {
    "sepallength": [
      5.800000190734863
    ],
    "sepalwidth": [
      3.3499999046325684
    ],
    "petallength": [
      2.3499999046325684,
      4.800000190734863,
      5.099999904632568
    ],
    "petalwidth": [
      0.800000011920929,
      1.7000000476837158
    ]
  }
}