time,probability
35.0,0.9
42.0,0.7999999999999999
45.0,0.7
53.0,0.6
68.0,0.5
90.0,0.4
214.0,0.30000000000000004
385.0,0.2
942.0,0.2
1006.0,0.2
