time,probability
4.0,0.9411764705882353
9.0,0.8823529411764706
11.0,0.8235294117647058
20.0,0.7647058823529411
43.0,0.7058823529411765
83.0,0.6470588235294118
95.0,0.5882352941176471
100.0,0.5882352941176471
106.0,0.5228758169934641
116.0,0.4575163398692811
126.0,0.39215686274509803
193.0,0.32679738562091504
274.0,0.26143790849673204
324.0,0.19607843137254904
333.0,0.13071895424836602
426.0,0.06535947712418301
1468.0,0.06535947712418301
