{
  "closed": "right",
  "cut_points": {
    "mcg": [
      0.0,
      0.31,
      0.43,
      0.6,
      0.69,
      0.89
    ],
    "gvh": [
      0.16,
      0.38,
      0.4480000000000001,
      0.51,
      0.61,
      1.0
    ],
    "lip": [
      0.48,
      1.0
    ],
    "chg": [
      0.5,
      1.0
    ],
    "aac": [
      0.0,
      0.4,
      0.46,
      0.52,
      0.58,
      0.86
    ],
    "alm1": [
      0.05,
      0.3,
      0.39,
      0.53,
      0.7460000000000002,
      0.94
    ],
    "alm2": [
      0.0,
      0.33,
      0.39,
      0.49,
      0.7460000000000002,
      0.94
    ]
  }
}