{
  "closed": "right",
  "cut_points": {
    "Alcohol": [
      12.770000457763672
    ],
    "Malic_acid": [
      1.350000023841858,
      2.234999895095825
    ],
    "Ash": [
      2.0299999713897705
    ],
    "Alcalinity_of_ash": [
      18.049999237060547
    ],
    "Magnesium": [
      88.0
    ],
    "Total_phenols": [
      1.840000033378601,
      2.3350000381469727
    ],
    "Flavanoids": [
      0.9549999833106995,
      1.5700000524520874,
      2.3299999237060547
    ],
    "Nonflavanoid_phenols": [
      0.38999998569488525
    ],
    "Proanthocyanins": [
      1.3049999475479126
    ],
    "Color_intensity": [
      3.4600000381469727,
      7.300000190734863
    ],
    "Hue": [
      0.8199999928474426
    ],
    "OD280/OD315_of_diluted_wines": [
      1.8200000524520874,
      2.4749999046325684
    ],
    "Proline": [
      468.0,
      755.0,
      862.5,
      987.5
    ]
  }
}