{
  "closed": "right",
  "cut_points": {
    "mpg": [
      9.0,
      16.0,
      20.040000000000003,
      25.08,
      31.0,
      46.6
    ],
    "displacement": [
      68.0,
      98.0,
      122.0,
      200.0,
      304.0,
      455.0
    ],
    "horsepower": [
      46.0,
      72.0,
      88.0,
      100.0,
      139.40000000000003,
      230.0
    ],
    "weight": [
      1613.0,
      2155.0,
      2572.6,
      3068.0,
      3778.6000000000004,
      5140.0
    ],
    "acceleration": [
      8.5,
      13.5,
      14.9,
      16.0,
      17.8,
      24.8
    ]
  }
}