time,probability
222.0,1.0
301.0,1.0
337.0,0.8888888888888888
376.0,0.8888888888888888
413.0,0.8888888888888888
559.0,0.8888888888888888
689.0,0.7111111111111111
731.0,0.5333333333333333
740.0,0.5333333333333333
821.0,0.5333333333333333
1010.0,0.5333333333333333
