time,probability
11.0,0.9
60.0,0.85
65.0,0.7999999999999999
88.0,0.7499999999999999
105.0,0.7
107.0,0.65
110.0,0.6000000000000001
116.0,0.55
142.0,0.5
144.0,0.45
156.0,0.39999999999999997
188.0,0.39999999999999997
189.0,0.3428571428571428
267.0,0.2857142857142857
283.0,0.22857142857142856
285.0,0.17142857142857143
363.0,0.11428571428571428
477.0,0.05714285714285714
519.0,0.0
