{
  "closed": "right",
  "cut_points": {
    "age": [
      34.0,
      46.0,
      53.0,
      58.0,
      63.0,
      77.0
    ],
    "trestbps": [
      94.0,
      120.0,
      128.0,
      135.0,
      145.0,
      200.0
    ],
    "chol": [
      126.0,
      204.0,
      229.8,
      254.0,
      283.0,
      564.0
    ],
    "thalach": [
      71.0,
      129.4,
      147.0,
      159.0,
      169.60000000000002,
      195.0
    ],
    "oldpeak": [
      0.0,
      0.4,
      1.2,
      1.9600000000000022,
      4.4
    ],
    "ca": [
      0.0,
      1.0,
      3.0
    ]
  }
}