time,probability
19.0,0.9333333333333333
41.0,0.8666666666666667
45.0,0.8
60.0,0.7333333333333334
66.0,0.6666666666666667
115.0,0.6000000000000001
136.0,0.5333333333333334
196.0,0.4666666666666668
202.0,0.4000000000000001
246.0,0.3333333333333334
290.0,0.2666666666666668
754.0,0.2666666666666668
849.0,0.17777777777777784
1838.0,0.17777777777777784
3288.0,0.17777777777777784
