time,probability
15.0,0.9
42.0,0.7999999999999999
48.0,0.7
60.0,0.6
64.0,0.5
136.0,0.4
202.0,0.30000000000000004
435.0,0.2
996.0,0.1
1949.0,0.1
