time,probability
1060.0,0.8571428571428571
1064.0,0.7142857142857143
1070.0,0.5714285714285715
2247.0,0.4285714285714286
3900.0,0.2857142857142857
5837.0,0.14285714285714285
5980.0,0.14285714285714285
