time,probability
163.0,0.9411764705882353
1036.0,0.8823529411764706
1056.0,0.8235294117647058
1064.0,0.7647058823529411
1070.0,0.7058823529411765
1075.0,0.6470588235294118
1076.0,0.5294117647058824
1333.0,0.5294117647058824
1522.0,0.4632352941176471
2082.0,0.39705882352941174
3612.0,0.39705882352941174
3973.0,0.3176470588235294
4108.0,0.23823529411764705
4139.0,0.1588235294117647
5980.0,0.1588235294117647
