time,probability
163.0,0.9411764705882353
1003.0,0.8823529411764706
1056.0,0.8235294117647058
1059.0,0.7647058823529411
1064.0,0.7058823529411765
1065.0,0.6470588235294118
1075.0,0.5882352941176471
1076.0,0.4117647058823529
2796.0,0.3529411764705882
3313.0,0.29411764705882354
3433.0,0.23529411764705885
4108.0,0.17647058823529413
5980.0,0.17647058823529413
