time,probability
19.0,0.8888888888888888
68.0,0.7777777777777777
136.0,0.6666666666666665
163.0,0.5555555555555555
202.0,0.4444444444444444
246.0,0.3333333333333333
353.0,0.2222222222222222
435.0,0.1111111111111111
1006.0,0.1111111111111111
