time,probability
19.0,0.9444444444444444
59.0,0.8888888888888888
67.0,0.8333333333333333
102.0,0.7777777777777777
115.0,0.7222222222222222
147.0,0.6666666666666667
163.0,0.6111111111111112
174.0,0.5555555555555556
321.0,0.5
335.0,0.4444444444444444
435.0,0.38888888888888884
576.0,0.33333333333333326
672.0,0.27777777777777773
767.0,0.27777777777777773
849.0,0.20833333333333331
1074.0,0.20833333333333331
1791.0,0.20833333333333331
2800.0,0.20833333333333331
