{
  "closed": "right",
  "cut_points": {
    "mcv": [
      65.0,
      87.0,
      89.60000000000001,
      91.0,
      94.0,
      103.0
    ],
    "alkphos": [
      23.0,
      55.0,
      63.0,
      71.0,
      83.0,
      138.0
    ],
    "sgpt": [
      5.0,
      18.0,
      23.60000000000001,
      29.0,
      37.20000000000002,
      155.0
    ],
    "sgot": [
      5.0,
      18.0,
      21.0,
      25.0,
      29.0,
      82.0
    ],
    "gammagt": [
      5.0,
      14.0,
      21.0,
      32.0,
      53.0,
      297.0
    ],
    "drinks": [
      0.0,
      0.5,
      2.0,
      4.0,
      6.0,
      20.0
    ]
  }
}