time,probability
31.0,0.9333333333333333
45.0,0.8666666666666667
48.0,0.7333333333333334
53.0,0.6666666666666667
113.0,0.6000000000000001
117.0,0.5333333333333334
130.0,0.4666666666666668
191.0,0.4000000000000001
382.0,0.3333333333333334
472.0,0.3333333333333334
534.0,0.25000000000000006
1188.0,0.25000000000000006
2105.0,0.25000000000000006
2525.0,0.25000000000000006
