time,probability
41.0,0.9090909090909091
42.0,0.8181818181818181
55.0,0.7272727272727272
56.0,0.6363636363636362
90.0,0.5454545454545453
174.0,0.4545454545454544
202.0,0.36363636363636354
246.0,0.27272727272727265
290.0,0.18181818181818177
1214.0,0.18181818181818177
1985.0,0.18181818181818177
