{
  "closed": "right",
  "cut_points": {
    "RI": [
      1.51115,
      1.5164119999999999,
      1.51743,
      1.518208,
      1.5204280000000001,
      1.53393
    ],
    "Na": [
      10.73,
      12.854,
      13.136000000000001,
      13.44,
      14.006,
      17.38
    ],
    "Mg": [
      0.0,
      0.5100000000000026,
      3.4,
      3.54,
      3.636,
      4.49
    ],
    "Al": [
      0.29,
      1.14,
      1.29,
      1.49,
      1.7520000000000004,
      3.5
    ],
    "Si": [
      69.81,
      72.128,
      72.65,
      72.89,
      73.128,
      75.41
    ],
    "'K'": [
      0.0,
      0.08,
      0.5080000000000001,
      0.58,
      0.6260000000000002,
      6.21
    ],
    "Ca": [
      5.43,
      8.12,
      8.472000000000001,
      8.79,
      9.57,
      16.19
    ],
    "Ba": [
      0.0,
      3.15
    ],
    "Fe": [
      0.0,
      0.14,
      0.51
    ]
  }
}