{
  "closed": "right",
  "cut_points": {
    "Alcohol": [
      12.789999961853027
    ],
    "Malic_acid": [
      1.5299999713897705,
      2.234999895095825
    ],
    "Ash": [
      2.0299999713897705
    ],
    "Alcalinity_of_ash": [
      18.0
    ],
    "Magnesium": [
      88.0
    ],
    "Total_phenols": [
      1.840000033378601,
      2.380000114440918
    ],
    "Flavanoids": [
      0.9750000238418579,
      1.5750000476837158,
      2.309999942779541
    ],
    "Nonflavanoid_phenols": [
      0.3700000047683716
    ],
    "Proanthocyanins": [
      1.25
    ],
    "Color_intensity": [
      3.4600000381469727,
      7.550000190734863
    ],
    "Hue": [
      0.6850000023841858,
      0.8199999928474426
    ],
    "OD280/OD315_of_diluted_wines": [
      1.9249999523162842,
      2.4749999046325684
    ],
    "Proline": [
      510.0,
      755.0,
      953.5
    ]
  }
}