{
  "closed": "right",
  "cut_points": {
    "attribute_1": [],
    "attribute_2": [],
    "attribute_3": [],
    "attribute_4": [
      0.052000001072883606
    ],
    "attribute_5": [
      0.03920000046491623
    ],
    "attribute_6": [
      0.10189999639987946
    ],
    "attribute_7": [],
    "attribute_8": [
      0.10700000077486038
    ],
    "attribute_9": [
      0.11640000343322754
    ],
    "attribute_10": [
      0.16314999759197235
    ],
    "attribute_11": [
      0.19795000553131104
    ],
    "attribute_12": [
      0.16769999265670776
    ],
    "attribute_13": [
      0.20589999854564667
    ],
    "attribute_14": [],
    "attribute_15": [],
    "attribute_16": [],
    "attribute_17": [],
    "attribute_18": [],
    "attribute_19": [],
    "attribute_20": [],
    "attribute_21": [
      0.6496000289916992
    ],
    "attribute_22": [],
    "attribute_23": [],
    "attribute_24": [],
    "attribute_25": [],
    "attribute_26": [],
    "attribute_27": [],
    "attribute_28": [
      0.92330002784729
    ],
    "attribute_29": [],
    "attribute_30": [],
    "attribute_31": [],
    "attribute_32": [],
    "attribute_33": [],
    "attribute_34": [],
    "attribute_35": [],
    "attribute_36": [
      0.5047000050544739
    ],
    "attribute_37": [],
    "attribute_38": [],
    "attribute_39": [],
    "attribute_40": [],
    "attribute_41": [],
    "attribute_42": [],
    "attribute_43": [
      0.30924999713897705
    ],
    "attribute_44": [
      0.4271000027656555
    ],
    "attribute_45": [
      0.38545000553131104
    ],
    "attribute_46": [
      0.06904999911785126
    ],
    "attribute_47": [
      0.06129999831318855
    ],
    "attribute_48": [
      0.07620000094175339
    ],
    "attribute_49": [
      0.05939999967813492
    ],
    "attribute_50": [],
    "attribute_51": [
      0.012799999676644802
    ],
    "attribute_52": [
      0.009349999949336052
    ],
    "attribute_53": [],
    "attribute_54": [
      0.02250000089406967
    ],
    "attribute_55": [],
    "attribute_56": [],
    "attribute_57": [],
    "attribute_58": [],
    "attribute_59": [],
    "attribute_60": []
  }
}