{
  "closed": "right",
  "cut_points": {
    "age": [
      29.0,
      45.0,
      52.0,
      57.19999999999999,
      63.0,
      77.0
    ],
    "trestbps": [
      94.0,
      120.0,
      126.0,
      135.0,
      144.60000000000002,
      200.0
    ],
    "chol": [
      126.0,
      204.0,
      229.0,
      254.0,
      285.20000000000005,
      564.0
    ],
    "thalach": [
      71.0,
      129.4,
      146.0,
      159.2,
      170.0,
      202.0
    ],
    "oldpeak": [
      0.0,
      0.4,
      1.2,
      2.0,
      6.2
    ],
    "ca": [
      0.0,
      0.2732919254658385,
      1.0,
      3.0
    ]
  }
}