{
  "closed": "right",
  "cut_points": {
    "age": [
      34.0,
      45.0,
      53.0,
      57.0,
      62.0,
      77.0
    ],
    "trestbps": [
      94.0,
      118.0,
      125.0,
      135.0,
      142.0,
      200.0
    ],
    "chol": [
      126.0,
      205.2,
      231.4,
      256.0,
      287.6,
      564.0
    ],
    "thalach": [
      71.0,
      130.0,
      144.0,
      157.6,
      169.0,
      192.0
    ],
    "oldpeak": [
      0.0,
      0.4,
      1.2,
      1.980000000000001,
      6.2
    ],
    "ca": [
      0.0,
      0.7093167701863313,
      1.0,
      3.0
    ]
  }
}