time,probability
3.0,0.9411764705882353
5.0,0.8823529411764706
7.0,0.8235294117647058
16.0,0.8235294117647058
29.0,0.8235294117647058
42.0,0.7486631016042781
57.0,0.6737967914438503
62.0,0.5989304812834224
122.0,0.5240641711229946
194.0,0.4491978609625668
200.0,0.37433155080213903
220.0,0.29946524064171126
583.0,0.29946524064171126
599.0,0.19964349376114082
628.0,0.09982174688057041
1437.0,0.09982174688057041
