time,probability
1.0,1.0
3.0,0.9285714285714286
5.0,0.8571428571428572
27.0,0.8571428571428572
120.0,0.7714285714285715
147.0,0.6857142857142857
162.0,0.6857142857142857
196.0,0.5877551020408163
248.0,0.3918367346938775
268.0,0.29387755102040813
363.0,0.19591836734693874
890.0,0.09795918367346937
907.0,0.09795918367346937
