time,probability
2.0,1.0
3.0,1.0
5.0,1.0
7.0,0.9411764705882353
12.0,0.9411764705882353
17.0,0.9411764705882353
42.0,0.9411764705882353
92.0,0.8687782805429864
116.0,0.7963800904977375
183.0,0.7963800904977375
272.0,0.7167420814479638
363.0,0.7167420814479638
446.0,0.7167420814479638
533.0,0.7167420814479638
562.0,0.7167420814479638
604.0,0.5733936651583711
683.0,0.4300452488687783
972.0,0.4300452488687783
1237.0,0.4300452488687783
1397.0,0.4300452488687783
