time,probability
1.0,0.9230769230769231
3.0,0.7692307692307693
5.0,0.6923076923076924
22.0,0.6153846153846154
23.0,0.6153846153846154
82.0,0.5274725274725275
151.0,0.5274725274725275
155.0,0.42197802197802203
176.0,0.3164835164835165
247.0,0.3164835164835165
307.0,0.15824175824175826
1040.0,0.15824175824175826
