time,probability
2.0,0.95
5.0,0.95
6.0,0.95
19.0,0.8941176470588235
20.0,0.838235294117647
38.0,0.7823529411764705
40.0,0.7823529411764705
41.0,0.7221719457013575
116.0,0.6619909502262443
143.0,0.6018099547511312
161.0,0.5416289592760181
244.0,0.48144796380090493
285.0,0.48144796380090493
347.0,0.48144796380090493
390.0,0.4012066365007541
413.0,0.4012066365007541
418.0,0.4012066365007541
522.0,0.2674710910005027
579.0,0.2674710910005027
1126.0,0.2674710910005027
