time,probability
95.0,0.8888888888888888
185.0,0.8888888888888888
211.0,0.8888888888888888
221.0,0.8888888888888888
222.0,0.8888888888888888
239.0,0.6666666666666666
404.0,0.6666666666666666
511.0,0.6666666666666666
551.0,0.6666666666666666
