time,probability
31.0,0.9090909090909091
211.0,0.9090909090909091
221.0,0.9090909090909091
222.0,0.9090909090909091
288.0,0.7792207792207791
303.0,0.6493506493506493
404.0,0.6493506493506493
511.0,0.6493506493506493
740.0,0.6493506493506493
814.0,0.3246753246753247
821.0,0.3246753246753247
