time,probability
2844.0,0.9333333333333333
3227.0,0.8666666666666667
4656.0,0.8
5024.0,0.7333333333333334
5151.0,0.6666666666666667
5181.0,0.6000000000000001
5789.0,0.5333333333333334
6089.0,0.4666666666666668
6479.0,0.4000000000000001
7301.0,0.4000000000000001
7875.0,0.4000000000000001
7898.0,0.4000000000000001
7954.0,0.4000000000000001
8009.0,0.4000000000000001
8100.0,0.4000000000000001
