{
  "closed": "right",
  "cut_points": {
    "unit_number": [],
    "proof_cut": [],
    "viscosity": [],
    "ink_temperature": [
      17.0
    ],
    "humifity": [
      70.0
    ],
    "roughness": [],
    "blade_pressure": [],
    "varnish_pct": [],
    "press_speed": [
      2210.0
    ],
    "ink_pct": [
      55.849998474121094,
      56.20000076293945,
      56.618167877197266
    ],
    "solvent_pct": [],
    "ESA_Voltage": [
      0.0,
      0.625,
      1.25,
      5.0
    ],
    "ESA_Amperage": [
      0.011560693383216858,
      0.26156070828437805
    ],
    "wax": [],
    "hardener": [],
    "roller_durometer": [
      34.0
    ],
    "anode_space_ratio": []
  }
}