{
  "closed": "right",
  "cut_points": {
    "Alcohol": [
      12.779999732971191
    ],
    "Malic_acid": [
      1.350000023841858,
      2.4549999237060547
    ],
    "Ash": [
      2.0299999713897705
    ],
    "Alcalinity_of_ash": [
      17.899999618530273
    ],
    "Magnesium": [
      88.5
    ],
    "Total_phenols": [
      1.940000057220459,
      2.3350000381469727
    ],
    "Flavanoids": [
      0.9750000238418579,
      1.5750000476837158,
      2.309999942779541
    ],
    "Nonflavanoid_phenols": [
      0.39500001072883606
    ],
    "Proanthocyanins": [
      1.2450000047683716,
      1.565000057220459
    ],
    "Color_intensity": [
      3.4600000381469727,
      7.5
    ],
    "Hue": [
      0.7850000262260437
    ],
    "OD280/OD315_of_diluted_wines": [
      1.809999942779541,
      2.484999895095825
    ],
    "Proline": [
      500.0,
      755.0,
      987.5
    ]
  }
}