time,probability
12.0,0.9166666666666666
13.0,0.8333333333333333
26.0,0.75
30.0,0.6666666666666666
54.0,0.5833333333333333
65.0,0.4999999999999999
163.0,0.4166666666666666
166.0,0.33333333333333326
183.0,0.24999999999999994
288.0,0.16666666666666663
291.0,0.08333333333333331
814.0,0.0
