time,probability
202.0,1.0
240.0,1.0
268.0,0.8333333333333334
296.0,0.8333333333333334
332.0,0.8333333333333334
524.0,0.5555555555555556
529.0,0.5555555555555556
559.0,0.5555555555555556
