time,probability
182.0,0.9
226.0,0.7999999999999999
266.0,0.7999999999999999
356.0,0.7999999999999999
364.0,0.7999999999999999
384.0,0.7999999999999999
543.0,0.7999999999999999
641.0,0.5333333333333332
821.0,0.5333333333333332
965.0,0.5333333333333332
