time,probability
67.0,0.9333333333333333
102.0,0.8666666666666667
108.0,0.8
147.0,0.7333333333333334
163.0,0.6666666666666667
200.0,0.6000000000000001
261.0,0.5333333333333334
335.0,0.4666666666666668
385.0,0.4000000000000001
397.0,0.3333333333333334
413.0,0.2666666666666668
435.0,0.20000000000000007
576.0,0.13333333333333336
849.0,0.06666666666666668
1074.0,0.06666666666666668
