time,probability
35.0,0.6666666666666666
41.0,0.3333333333333333
161.0,0.0
