time,probability
60.0,0.9375
421.0,0.875
494.0,0.875
510.0,0.875
531.0,0.875
606.0,0.7954545454545454
671.0,0.7954545454545454
964.0,0.7954545454545454
1297.0,0.7954545454545454
1424.0,0.7954545454545454
1679.0,0.7954545454545454
2043.0,0.7954545454545454
2208.0,0.7954545454545454
2926.0,0.7954545454545454
2932.0,0.7954545454545454
3364.0,0.7954545454545454
