time,probability
147.0,0.8571428571428571
511.0,0.8571428571428571
766.0,0.8571428571428571
1376.0,0.8571428571428571
1385.0,0.8571428571428571
1949.0,0.8571428571428571
2208.0,0.8571428571428571
