time,probability
152.0,0.9880952380952381
362.0,0.9761904761904762
792.0,0.9642857142857143
809.0,0.9523809523809523
1005.0,0.9404761904761905
1766.0,0.9285714285714286
2236.0,0.9166666666666667
2435.0,0.9047619047619049
2466.0,0.8928571428571429
2678.0,0.880952380952381
2989.0,0.8690476190476192
3227.0,0.8571428571428572
3560.0,0.8452380952380953
4236.0,0.8333333333333335
4726.0,0.8214285714285716
5068.0,0.8095238095238098
5151.0,0.7976190476190479
5238.0,0.7857142857142859
5354.0,0.7738095238095241
5982.0,0.7619047619047622
6089.0,0.7500000000000003
6155.0,0.7380952380952384
6349.0,0.7261904761904765
6479.0,0.7142857142857145
6524.0,0.7023809523809526
6642.0,0.6904761904761907
6723.0,0.6785714285714287
6760.0,0.6666666666666667
6778.0,0.6547619047619048
6878.0,0.6428571428571429
7065.0,0.6428571428571429
7085.0,0.6307277628032345
7106.0,0.6185983827493261
7160.0,0.6185983827493261
7198.0,0.6185983827493261
7235.0,0.6059739259585235
7247.0,0.6059739259585235
7280.0,0.6059739259585235
7288.0,0.6059739259585235
7301.0,0.6059739259585235
7370.0,0.6059739259585235
7410.0,0.6059739259585235
7417.0,0.6059739259585235
7428.0,0.5908245778095604
7454.0,0.5908245778095604
7498.0,0.5908245778095604
7555.0,0.5908245778095604
7668.0,0.5908245778095604
7736.0,0.5908245778095604
7758.0,0.5908245778095604
7862.0,0.5908245778095604
7867.0,0.5908245778095604
7875.0,0.5908245778095604
7884.0,0.5908245778095604
7899.0,0.5704513165057825
7911.0,0.5704513165057825
7921.0,0.5493234899685313
7954.0,0.5493234899685313
7958.0,0.5493234899685313
8009.0,0.5493234899685313
8023.0,0.5493234899685313
8030.0,0.5493234899685313
8052.0,0.5231652285414584
8059.0,0.49700696711438547
8100.0,0.49700696711438547
8133.0,0.49700696711438547
8308.0,0.49700696711438547
8381.0,0.49700696711438547
8389.0,0.49700696711438547
8497.0,0.49700696711438547
8600.0,0.45877566195174047
8761.0,0.45877566195174047
8806.0,0.41706878359249133
8887.0,0.41706878359249133
8961.0,0.41706878359249133
9257.0,0.41706878359249133
9560.0,0.41706878359249133
9598.0,0.41706878359249133
9603.0,0.33365502687399307
9993.0,0.33365502687399307
10122.0,0.33365502687399307
10852.0,0.16682751343699653
12457.0,0.16682751343699653
