time,probability
41.0,0.9879518072289156
51.0,0.9759036144578312
71.0,0.9638554216867469
77.0,0.9518072289156626
130.0,0.9397590361445783
131.0,0.9277108433734941
140.0,0.9156626506024097
179.0,0.9036144578313253
207.0,0.8915662650602411
216.0,0.8795180722891568
264.0,0.8554216867469882
304.0,0.8433734939759038
321.0,0.8313253012048195
326.0,0.8192771084337352
334.0,0.807228915662651
348.0,0.7951807228915666
400.0,0.7831325301204822
460.0,0.771084337349398
533.0,0.771084337349398
549.0,0.758844903423217
552.0,0.7466054694970361
673.0,0.7343660355708551
733.0,0.7221266016446741
737.0,0.7221266016446741
750.0,0.709676142995628
762.0,0.6972256843465818
769.0,0.6847752256975357
788.0,0.6847752256975357
797.0,0.6720942029994332
799.0,0.6594131803013307
837.0,0.6594131803013307
859.0,0.6464835100993438
877.0,0.6464835100993438
890.0,0.6332899690769082
901.0,0.6332899690769082
930.0,0.6198157144156973
943.0,0.6063414597544865
974.0,0.5928672050932756
980.0,0.5793929504320648
999.0,0.565918695770854
1000.0,0.5524444411096432
1012.0,0.5389701864484324
1067.0,0.5389701864484324
1083.0,0.5251504380779598
1084.0,0.5251504380779598
1152.0,0.5109571829947718
1165.0,0.49676392791158364
1170.0,0.48257067282839555
1191.0,0.46837741774520747
1235.0,0.4541841626620194
1297.0,0.4399909075788313
1350.0,0.4257976524956432
1356.0,0.41160439741245514
1413.0,0.39741114232926705
1420.0,0.39741114232926705
1434.0,0.3826922111318868
1504.0,0.3826922111318868
1536.0,0.3673845226866113
1542.0,0.3673845226866113
1656.0,0.3673845226866113
1677.0,0.3673845226866113
1690.0,0.34989002160629645
1765.0,0.34989002160629645
1770.0,0.34989002160629645
1827.0,0.3304516870726133
1882.0,0.3304516870726133
2033.0,0.3304516870726133
2081.0,0.30842157460110575
2256.0,0.2863914621295982
2318.0,0.2863914621295982
2386.0,0.26252550695213167
2689.0,0.23865955177466514
3244.0,0.21479359659719863
3282.0,0.1909276414197321
3395.0,0.16706168624226558
3428.0,0.14319573106479908
3574.0,0.11932977588733257
3839.0,0.09546382070986606
4079.0,0.07159786553239955
4191.0,0.04773191035493303
4453.0,0.04773191035493303
4467.0,0.04773191035493303
