time,probability
1059.0,0.9166666666666666
1064.0,0.8333333333333333
1076.0,0.75
1781.0,0.6666666666666666
2247.0,0.5833333333333333
2557.0,0.5833333333333333
3144.0,0.48611111111111105
3706.0,0.38888888888888884
4154.0,0.29166666666666663
4198.0,0.19444444444444442
5294.0,0.09722222222222221
5980.0,0.09722222222222221
