{
  "closed": "right",
  "cut_points": {
    "AGE": [
      7.0,
      30.0,
      36.6,
      43.39999999999999,
      52.0,
      78.0
    ],
    "BILIRUBIN": [
      0.3,
      0.7,
      0.9600000000000002,
      1.1462184873949581,
      1.7200000000000002,
      8.0
    ],
    "ALK_PHOSPHATE": [
      26.0,
      72.0,
      85.0,
      101.31372549019608,
      133.4,
      295.0
    ],
    "SGOT": [
      14.0,
      29.8,
      50.800000000000004,
      68.0,
      117.2,
      648.0
    ],
    "ALBUMIN": [
      2.1,
      3.3,
      3.9,
      4.0,
      4.2,
      6.4
    ],
    "PROTIME": [
      0.0,
      43.5,
      65.2,
      66.57142857142857,
      73.0,
      100.0
    ]
  }
}