time,probability
2.0,0.96
3.0,0.92
5.0,0.8800000000000001
6.0,0.8400000000000002
7.0,0.8000000000000002
10.0,0.7200000000000002
18.0,0.6800000000000002
20.0,0.6400000000000001
26.0,0.6000000000000001
31.0,0.56
53.0,0.52
101.0,0.48000000000000004
143.0,0.44
151.0,0.39999999999999997
166.0,0.36
226.0,0.31999999999999995
321.0,0.27999999999999997
354.0,0.23999999999999996
497.0,0.19999999999999998
609.0,0.19999999999999998
632.0,0.15
718.0,0.09999999999999999
905.0,0.049999999999999996
1536.0,0.0
