time,probability
2.0,0.6666666666666666
4.0,0.5
17.0,0.3333333333333333
419.0,0.16666666666666666
2350.0,0.0
