time,probability
54.0,1.0
58.0,1.0
162.0,1.0
268.0,0.6666666666666666
347.0,0.6666666666666666
488.0,0.6666666666666666
