time,probability
190.0,1.0
191.0,1.0
718.0,0.6666666666666666
766.0,0.3333333333333333
938.0,0.3333333333333333
