time,probability
25.0,1.0
54.0,1.0
58.0,1.0
93.0,1.0
170.0,0.9230769230769231
190.0,0.9230769230769231
191.0,0.9230769230769231
201.0,0.8307692307692308
286.0,0.8307692307692308
342.0,0.8307692307692308
415.0,0.8307692307692308
446.0,0.8307692307692308
645.0,0.8307692307692308
661.0,0.8307692307692308
682.0,0.5538461538461539
718.0,0.27692307692307694
938.0,0.27692307692307694
