time,probability
17.0,0.9
25.0,0.9
54.0,0.9
55.0,0.7714285714285714
170.0,0.6428571428571428
190.0,0.6428571428571428
191.0,0.4821428571428571
286.0,0.4821428571428571
718.0,0.24107142857142855
766.0,0.0
