time,probability
318.0,0.9090909090909091
733.0,0.8181818181818181
1042.0,0.7272727272727272
1046.0,0.5454545454545454
1067.0,0.45454545454545453
1076.0,0.36363636363636365
2247.0,0.2727272727272727
4370.0,0.1818181818181818
5351.0,0.0909090909090909
5980.0,0.0909090909090909
