time,probability
1.0,0.9565217391304348
2.0,0.9130434782608696
3.0,0.8695652173913043
4.0,0.8478260869565217
5.0,0.8260869565217391
6.0,0.7826086956521738
10.0,0.7608695652173912
11.0,0.7391304347826086
14.0,0.717391304347826
16.0,0.6956521739130435
19.0,0.6739130434782609
20.0,0.6521739130434783
32.0,0.6086956521739131
34.0,0.5869565217391305
53.0,0.5652173913043479
108.0,0.5434782608695653
109.0,0.5217391304347827
129.0,0.5000000000000001
140.0,0.4782608695652175
143.0,0.4565217391304349
166.0,0.4347826086956523
169.0,0.4130434782608696
287.0,0.391304347826087
312.0,0.3695652173913044
313.0,0.3478260869565218
343.0,0.3260869565217392
412.0,0.3260869565217392
422.0,0.30279503105590067
446.0,0.2795031055900622
521.0,0.2795031055900622
535.0,0.254093732354602
562.0,0.22868435911914178
578.0,0.22868435911914178
646.0,0.20009881422924905
670.0,0.17151326933935632
905.0,0.1429277244494636
1165.0,0.11434217955957089
1232.0,0.08575663466967817
1363.0,0.08575663466967817
1381.0,0.08575663466967817
1408.0,0.08575663466967817
