time,probability
1.0,0.9791666666666666
2.0,0.9479166666666666
3.0,0.9166666666666666
5.0,0.90625
6.0,0.8854166666666667
7.0,0.8750000000000001
10.0,0.8645833333333335
11.0,0.8437500000000002
14.0,0.8333333333333335
16.0,0.8229166666666669
19.0,0.7916666666666669
20.0,0.7812500000000001
22.0,0.7604166666666669
26.0,0.7500000000000001
33.0,0.7395833333333335
34.0,0.7291666666666669
42.0,0.7187500000000002
52.0,0.7083333333333336
57.0,0.697916666666667
60.0,0.6875000000000002
64.0,0.6770833333333336
76.0,0.666666666666667
81.0,0.6562500000000003
83.0,0.6458333333333336
88.0,0.635416666666667
93.0,0.6250000000000003
100.0,0.6145833333333336
108.0,0.604166666666667
113.0,0.5937500000000002
134.0,0.5833333333333335
143.0,0.5729166666666667
166.0,0.5625000000000001
169.0,0.5520833333333335
187.0,0.5416666666666669
197.0,0.5312500000000001
200.0,0.5208333333333334
235.0,0.5104166666666667
259.0,0.5000000000000001
287.0,0.4895833333333334
313.0,0.47916666666666674
343.0,0.46875000000000006
345.0,0.45833333333333337
358.0,0.4479166666666667
363.0,0.4375
382.0,0.4270833333333333
422.0,0.41666666666666663
458.0,0.41666666666666663
465.0,0.40598290598290593
521.0,0.40598290598290593
523.0,0.40598290598290593
535.0,0.40598290598290593
551.0,0.40598290598290593
589.0,0.40598290598290593
612.0,0.39368039368039365
626.0,0.39368039368039365
646.0,0.38098102614231644
659.0,0.38098102614231644
718.0,0.3678437493787883
849.0,0.3547064726152601
903.0,0.34156919585173195
905.0,0.3284319190882038
953.0,0.31529464232467563
1096.0,0.3021573655611475
1103.0,0.3021573655611475
1151.0,0.3021573655611475
1165.0,0.2877689195820452
1224.0,0.2877689195820452
1232.0,0.27262318697246385
1336.0,0.27262318697246385
1338.0,0.27262318697246385
1359.0,0.2555842377866849
1363.0,0.2555842377866849
1377.0,0.23732822080192167
1536.0,0.21907220381715847
1548.0,0.20081618683239527
1579.0,0.18256016984763207
1624.0,0.16430415286286887
1627.0,0.14604813587810564
1914.0,0.14604813587810564
1939.0,0.14604813587810564
1964.0,0.14604813587810564
1969.0,0.14604813587810564
2114.0,0.14604813587810564
2126.0,0.14604813587810564
2160.0,0.07302406793905282
2190.0,0.07302406793905282
