time,probability
3.0,0.8571428571428571
203.0,0.8571428571428571
297.0,0.6857142857142857
766.0,0.5142857142857142
938.0,0.5142857142857142
1191.0,0.5142857142857142
1286.0,0.5142857142857142
