time,probability
1.0,1.0
2.0,1.0
9.0,1.0
11.0,1.0
12.0,1.0
18.0,1.0
37.0,1.0
150.0,1.0
160.0,1.0
181.0,1.0
187.0,1.0
190.0,1.0
218.0,1.0
250.0,1.0
337.0,0.9166666666666666
394.0,0.9166666666666666
475.0,0.9166666666666666
499.0,0.9166666666666666
562.0,0.9166666666666666
634.0,0.9166666666666666
663.0,0.7638888888888888
730.0,0.7638888888888888
758.0,0.7638888888888888
984.0,0.7638888888888888
1035.0,0.7638888888888888
1129.0,0.7638888888888888
