{
  "closed": "right",
  "cut_points": {
    "mcg": [
      0.0,
      0.30400000000000005,
      0.43,
      0.6,
      0.69,
      0.89
    ],
    "gvh": [
      0.16,
      0.38,
      0.45,
      0.51,
      0.6060000000000002,
      1.0
    ],
    "lip": [
      0.48,
      1.0
    ],
    "chg": [
      0.5,
      1.0
    ],
    "aac": [
      0.0,
      0.41,
      0.47,
      0.52,
      0.58,
      0.88
    ],
    "alm1": [
      0.03,
      0.30400000000000005,
      0.4,
      0.54,
      0.74,
      1.0
    ],
    "alm2": [
      0.0,
      0.32,
      0.4,
      0.5019999999999999,
      0.74,
      0.99
    ]
  }
}