time,probability
30.0,0.9879518072289156
35.0,0.9879518072289156
355.0,0.9757548713372005
817.0,0.9635579354454855
872.0,0.9513609995537705
1156.0,0.9391640636620555
1427.0,0.9269671277703405
1499.0,0.9269671277703405
1512.0,0.9269671277703405
1525.0,0.9144405449626333
1542.0,0.9144405449626333
1557.0,0.9144405449626333
1563.0,0.9144405449626333
1584.0,0.9013771086060243
1605.0,0.9013771086060243
1634.0,0.9013771086060243
1641.0,0.9013771086060243
1648.0,0.9013771086060243
1652.0,0.9013771086060243
1654.0,0.9013771086060243
1678.0,0.9013771086060243
1685.0,0.9013771086060243
1710.0,0.9013771086060243
1726.0,0.8858361239748859
1762.0,0.8858361239748859
1787.0,0.8858361239748859
1804.0,0.8858361239748859
1839.0,0.8858361239748859
1856.0,0.8858361239748859
1864.0,0.8858361239748859
1899.0,0.8858361239748859
1942.0,0.8858361239748859
1956.0,0.8858361239748859
2005.0,0.8858361239748859
2007.0,0.8858361239748859
2038.0,0.8858361239748859
2056.0,0.8858361239748859
2085.0,0.8657034847936385
2102.0,0.8657034847936385
2103.0,0.8450914970604566
2104.0,0.8450914970604566
2150.0,0.8450914970604566
2156.0,0.8450914970604566
2227.0,0.8450914970604566
2339.0,0.8450914970604566
2361.0,0.8450914970604566
2388.0,0.8209460257158722
2431.0,0.8209460257158722
2460.0,0.8209460257158722
2492.0,0.8209460257158722
2521.0,0.8209460257158722
2559.0,0.8209460257158722
2570.0,0.8209460257158722
2660.0,0.8209460257158722
2676.0,0.8209460257158722
2738.0,0.8209460257158722
2787.0,0.8209460257158722
2984.0,0.8209460257158722
3032.0,0.8209460257158722
3067.0,0.8209460257158722
3079.0,0.8209460257158722
3144.0,0.8209460257158722
3180.0,0.8209460257158722
3185.0,0.8209460257158722
3199.0,0.8209460257158722
3328.0,0.8209460257158722
3330.0,0.8209460257158722
3383.0,0.8209460257158722
3441.0,0.8209460257158722
3458.0,0.7525338569062161
3459.0,0.7525338569062161
3695.0,0.7525338569062161
3776.0,0.7525338569062161
3830.0,0.7525338569062161
3968.0,0.7525338569062161
4119.0,0.7525338569062161
4207.0,0.7525338569062161
4479.0,0.7525338569062161
4688.0,0.7525338569062161
