time,probability
35.0,1.0
469.0,0.9866666666666667
718.0,0.9733333333333334
1228.0,0.96
1557.0,0.96
1563.0,0.96
1584.0,0.9462857142857143
1605.0,0.9462857142857143
1627.0,0.9462857142857143
1648.0,0.9462857142857143
1654.0,0.9462857142857143
1685.0,0.9462857142857143
1710.0,0.9462857142857143
1745.0,0.9462857142857143
1762.0,0.9462857142857143
1787.0,0.9462857142857143
1804.0,0.9462857142857143
1839.0,0.9462857142857143
1856.0,0.9462857142857143
1864.0,0.9462857142857143
1899.0,0.9462857142857143
1927.0,0.9462857142857143
1942.0,0.9462857142857143
1956.0,0.9462857142857143
2024.0,0.9462857142857143
2056.0,0.9462857142857143
2075.0,0.9462857142857143
2102.0,0.9462857142857143
2103.0,0.9252571428571428
2112.0,0.9252571428571428
2150.0,0.9252571428571428
2156.0,0.9252571428571428
2227.0,0.9252571428571428
2256.0,0.9021257142857142
2388.0,0.8789942857142856
2431.0,0.8789942857142856
2460.0,0.8789942857142856
2467.0,0.8545777777777777
2492.0,0.8545777777777777
2521.0,0.8545777777777777
2559.0,0.8545777777777777
2570.0,0.8545777777777777
2660.0,0.8545777777777777
2676.0,0.8545777777777777
3032.0,0.8545777777777777
3067.0,0.8545777777777777
3152.0,0.8545777777777777
3154.0,0.8217094017094017
3180.0,0.8217094017094017
3199.0,0.8217094017094017
3229.0,0.8217094017094017
3278.0,0.8217094017094017
3328.0,0.8217094017094017
3383.0,0.8217094017094017
3385.0,0.8217094017094017
3402.0,0.8217094017094017
3441.0,0.8217094017094017
3458.0,0.770352564102564
3459.0,0.770352564102564
3695.0,0.770352564102564
3776.0,0.770352564102564
3830.0,0.770352564102564
3856.0,0.770352564102564
3968.0,0.770352564102564
4119.0,0.770352564102564
4124.0,0.770352564102564
4207.0,0.770352564102564
4310.0,0.770352564102564
4390.0,0.770352564102564
4479.0,0.770352564102564
4688.0,0.770352564102564
4926.0,0.770352564102564
5565.0,0.770352564102564
