{
  "closed": "right",
  "cut_points": {
    "AGE": [
      7.0,
      30.0,
      37.0,
      44.0,
      52.0,
      78.0
    ],
    "BILIRUBIN": [
      0.3,
      0.7,
      1.0,
      1.1462184873949581,
      1.7200000000000002,
      8.0
    ],
    "ALK_PHOSPHATE": [
      26.0,
      73.6,
      85.0,
      101.31372549019608,
      135.0,
      295.0
    ],
    "SGOT": [
      14.0,
      28.8,
      48.0,
      69.0,
      120.0,
      528.0
    ],
    "ALBUMIN": [
      2.1,
      3.1518518518518515,
      3.8,
      4.0,
      4.220000000000001,
      6.4
    ],
    "PROTIME": [
      0.0,
      43.5,
      63.0,
      66.57142857142857,
      67.60000000000001,
      100.0
    ]
  }
}