{
  "closed": "right",
  "cut_points": {
    "AGE": [
      7.0,
      30.0,
      36.0,
      42.0,
      51.0,
      72.0
    ],
    "BILIRUBIN": [
      0.4,
      0.7,
      0.9200000000000003,
      1.0799999999999998,
      1.6400000000000006,
      8.0
    ],
    "ALK_PHOSPHATE": [
      26.0,
      74.6,
      85.0,
      101.31372549019608,
      131.20000000000002,
      280.0
    ],
    "SGOT": [
      14.0,
      29.6,
      48.0,
      68.8,
      125.00000000000003,
      648.0
    ],
    "ALBUMIN": [
      2.2,
      3.3,
      3.9,
      4.0,
      4.2,
      6.4
    ],
    "PROTIME": [
      0.0,
      43.5,
      63.0,
      66.57142857142857,
      72.4,
      100.0
    ]
  }
}