{
  "closed": "right",
  "cut_points": {
    "age": [
      29.0,
      45.0,
      52.0,
      58.0,
      62.0,
      77.0
    ],
    "trestbps": [
      94.0,
      118.0,
      125.80000000000001,
      134.0,
      142.0,
      200.0
    ],
    "chol": [
      126.0,
      204.0,
      229.8,
      254.0,
      283.6,
      564.0
    ],
    "thalach": [
      90.0,
      131.0,
      147.0,
      159.0,
      170.0,
      202.0
    ],
    "oldpeak": [
      0.0,
      0.4,
      1.2,
      1.9,
      6.2
    ],
    "ca": [
      0.0,
      0.2732919254658385,
      1.0,
      3.0
    ]
  }
}