time,probability
185.0,0.9285714285714286
204.0,0.8571428571428572
232.0,0.7857142857142857
386.0,0.7142857142857143
426.0,0.6428571428571429
493.0,0.5714285714285714
529.0,0.5
667.0,0.42857142857142855
779.0,0.35714285714285715
826.0,0.28571428571428575
1062.0,0.2142857142857143
1075.0,0.14285714285714285
1312.0,0.07142857142857142
1667.0,0.0
