time,probability
185.0,0.96
204.0,0.92
210.0,0.8800000000000001
232.0,0.8400000000000002
295.0,0.8000000000000002
386.0,0.7600000000000001
426.0,0.7200000000000001
493.0,0.68
529.0,0.64
667.0,0.6
779.0,0.5599999999999999
826.0,0.52
982.0,0.48000000000000004
1062.0,0.44
1075.0,0.39999999999999997
1252.0,0.36
1271.0,0.31999999999999995
1312.0,0.27999999999999997
1506.0,0.23999999999999996
1667.0,0.19999999999999998
1779.0,0.19999999999999998
1860.0,0.15
1970.0,0.15
2227.0,0.15
3388.0,0.15
