time,probability
185.0,0.9411764705882353
204.0,0.8823529411764706
232.0,0.8235294117647058
279.0,0.7647058823529411
386.0,0.7058823529411765
426.0,0.6470588235294118
493.0,0.5882352941176471
529.0,0.5294117647058824
621.0,0.47058823529411764
659.0,0.4117647058823529
779.0,0.3529411764705882
1062.0,0.29411764705882354
1075.0,0.23529411764705885
1312.0,0.17647058823529413
1508.0,0.17647058823529413
1667.0,0.08823529411764706
2542.0,0.08823529411764706
