time,probability
1.09514,1.0
4.281999,0.8
6.579055,0.6000000000000001
8.438056,0.6000000000000001
10.401095,0.6000000000000001
15.036277,0.6000000000000001
