{
  "closed": "right",
  "cut_points": {
    "carbon": [
      3.5
    ],
    "hardness": [
      0.0,
      80.0
    ],
    "strength": [
      375.0,
      450.0,
      550.0
    ],
    "thick": [
      0.4754999876022339,
      0.6004999876022339,
      0.7990000247955322,
      0.8004999756813049,
      1.5494999885559082,
      1.5989999771118164,
      1.6009999513626099,
      2.0999999046325684,
      3.2009999752044678
    ],
    "width": [
      1167.5,
      1220.0,
      1410.050048828125
    ],
    "len": [
      0.5
    ]
  }
}