time,probability
2345.0,0.9230769230769231
3658.0,0.8461538461538461
5308.0,0.7692307692307692
6256.0,0.6923076923076923
6642.0,0.6153846153846153
6763.0,0.5384615384615384
6778.0,0.4615384615384615
7093.0,0.4615384615384615
7732.0,0.4615384615384615
7867.0,0.4615384615384615
8009.0,0.4615384615384615
8389.0,0.4615384615384615
8961.0,0.4615384615384615
