{
  "closed": "right",
  "cut_points": {
    "mcg": [
      0.5600000023841858,
      0.7699999809265137
    ],
    "gvh": [
      0.5699999928474426
    ],
    "lip": [
      0.7400000095367432
    ],
    "chg": [],
    "aac": [
      0.5699999928474426,
      0.6600000262260437
    ],
    "alm1": [
      0.36000001430511475,
      0.5400000214576721,
      0.6000000238418579
    ],
    "alm2": [
      0.6100000143051147
    ]
  }
}