time,probability
0.002738,0.7777777777777778
0.906229,0.6666666666666666
0.960986,0.5555555555555556
1.880903,0.4444444444444445
2.770705,0.33333333333333337
5.546886,0.22222222222222224
9.0705,0.11111111111111112
11.786448,0.0
