time,probability
7.0,0.9864864864864865
46.0,0.9729729729729729
95.0,0.9594594594594594
371.0,0.9594594594594594
390.0,0.9594594594594594
397.0,0.9594594594594594
411.0,0.9594594594594594
418.0,0.9594594594594594
422.0,0.9594594594594594
427.0,0.9594594594594594
433.0,0.9594594594594594
442.0,0.9594594594594594
459.0,0.9594594594594594
521.0,0.9594594594594594
522.0,0.9594594594594594
532.0,0.9594594594594594
544.0,0.9594594594594594
554.0,0.9594594594594594
568.0,0.9594594594594594
1048.0,0.942014742014742
1102.0,0.942014742014742
1105.0,0.942014742014742
1108.0,0.942014742014742
1114.0,0.942014742014742
1140.0,0.942014742014742
1159.0,0.9227899513613799
1163.0,0.9227899513613799
1187.0,0.9227899513613799
1203.0,0.9227899513613799
1207.0,0.9227899513613799
1232.0,0.9227899513613799
1248.0,0.9227899513613799
1256.0,0.9227899513613799
1257.0,0.9227899513613799
1262.0,0.9227899513613799
1272.0,0.9227899513613799
1290.0,0.9227899513613799
1319.0,0.9227899513613799
1320.0,0.9227899513613799
1338.0,0.9227899513613799
1347.0,0.9227899513613799
1353.0,0.9227899513613799
1365.0,0.9227899513613799
1366.0,0.9227899513613799
1377.0,0.8909696082109875
1390.0,0.8909696082109875
1433.0,0.8909696082109875
1438.0,0.8909696082109875
1449.0,0.8909696082109875
1454.0,0.8909696082109875
1456.0,0.8909696082109875
1458.0,0.8909696082109875
1496.0,0.8485424840104642
1858.0,0.8485424840104642
1899.0,0.8485424840104642
1923.0,0.8485424840104642
1931.0,0.8485424840104642
1934.0,0.8485424840104642
1942.0,0.8485424840104642
1979.0,0.8485424840104642
2009.0,0.8485424840104642
2061.0,0.8485424840104642
2086.0,0.8485424840104642
2100.0,0.8485424840104642
2122.0,0.8485424840104642
2131.0,0.8485424840104642
2139.0,0.8485424840104642
2146.0,0.8485424840104642
2151.0,0.8485424840104642
2172.0,0.8485424840104642
2173.0,0.8485424840104642
2190.0,0.8485424840104642
