time,probability
1.0,0.9895833333333334
3.0,0.9687500000000001
6.0,0.9479166666666667
7.0,0.9166666666666667
10.0,0.9062500000000001
11.0,0.8854166666666669
14.0,0.8750000000000002
16.0,0.8645833333333336
18.0,0.8541666666666669
19.0,0.8437500000000002
31.0,0.8333333333333335
32.0,0.8125000000000001
34.0,0.8020833333333335
49.0,0.7916666666666669
53.0,0.7812500000000001
57.0,0.7604166666666669
61.0,0.7500000000000001
69.0,0.7291666666666667
91.0,0.7187500000000001
101.0,0.7083333333333335
108.0,0.6979166666666669
109.0,0.6875000000000001
132.0,0.6770833333333335
134.0,0.6666666666666669
135.0,0.6562500000000002
140.0,0.6458333333333335
143.0,0.6354166666666669
146.0,0.6250000000000002
151.0,0.6145833333333335
169.0,0.6041666666666669
187.0,0.5937500000000001
226.0,0.5833333333333334
287.0,0.5729166666666666
295.0,0.5625
312.0,0.5520833333333334
313.0,0.5416666666666667
321.0,0.53125
328.0,0.5208333333333333
343.0,0.5104166666666666
345.0,0.49999999999999994
354.0,0.48958333333333326
371.0,0.48958333333333326
397.0,0.47894021739130427
399.0,0.47894021739130427
400.0,0.47894021739130427
412.0,0.47894021739130427
422.0,0.46753687888198747
445.0,0.46753687888198747
497.0,0.45584845690993775
521.0,0.45584845690993775
535.0,0.443852444885992
542.0,0.4315232103058256
552.0,0.41919397572565914
562.0,0.4068647411454927
609.0,0.4068647411454927
632.0,0.39415021798469607
649.0,0.38143569482389944
659.0,0.38143569482389944
670.0,0.3682827398299719
673.0,0.35512978483604435
704.0,0.34197682984211675
714.0,0.3288238748481892
718.0,0.3156709198542616
865.0,0.30251796486033405
905.0,0.2893650098664065
1054.0,0.27621205487247896
1136.0,0.27621205487247896
1140.0,0.27621205487247896
1152.0,0.2616745783002432
1157.0,0.2616745783002432
1165.0,0.24628195604728773
1174.0,0.24628195604728773
1189.0,0.24628195604728773
1190.0,0.24628195604728773
1232.0,0.22733719019749637
1235.0,0.22733719019749637
1277.0,0.22733719019749637
1280.0,0.22733719019749637
1336.0,0.22733719019749637
1363.0,0.22733719019749637
1377.0,0.19486044874071118
1536.0,0.16238370728392598
1831.0,0.16238370728392598
1885.0,0.16238370728392598
1914.0,0.16238370728392598
2114.0,0.16238370728392598
2126.0,0.16238370728392598
