time,probability
1.0,0.96875
2.0,0.9479166666666667
3.0,0.9166666666666667
5.0,0.9062500000000001
7.0,0.8645833333333334
10.0,0.8437500000000001
17.0,0.8333333333333334
19.0,0.8229166666666667
20.0,0.8020833333333334
22.0,0.7916666666666667
26.0,0.78125
31.0,0.7708333333333334
32.0,0.7500000000000001
37.0,0.7395833333333335
49.0,0.7291666666666669
52.0,0.7187500000000002
53.0,0.7083333333333336
57.0,0.697916666666667
69.0,0.6875000000000002
91.0,0.6770833333333336
101.0,0.666666666666667
118.0,0.6562500000000003
132.0,0.6458333333333336
143.0,0.635416666666667
151.0,0.6250000000000003
226.0,0.6145833333333336
295.0,0.604166666666667
312.0,0.5937500000000002
321.0,0.5833333333333335
328.0,0.5729166666666667
354.0,0.5625000000000001
371.0,0.5625000000000001
399.0,0.5625000000000001
419.0,0.5516826923076924
422.0,0.5408653846153847
445.0,0.5408653846153847
446.0,0.5298273155416013
450.0,0.5298273155416013
473.0,0.5185543939343332
497.0,0.5072814723270651
521.0,0.5072814723270651
530.0,0.49575234795599543
535.0,0.49575234795599543
544.0,0.49575234795599543
562.0,0.4836608272741419
609.0,0.4836608272741419
632.0,0.47125926760044595
649.0,0.45885770792675
670.0,0.4464561482530541
718.0,0.43405458857935814
905.0,0.4216530289056622
1054.0,0.40925146923196626
1065.0,0.3968499095582703
1102.0,0.3968499095582703
1136.0,0.3968499095582703
1159.0,0.38362157923966134
1174.0,0.37039324892105235
1196.0,0.37039324892105235
1224.0,0.37039324892105235
1232.0,0.3561473547317811
1235.0,0.3561473547317811
1257.0,0.3561473547317811
1265.0,0.3561473547317811
1266.0,0.3561473547317811
1277.0,0.3561473547317811
1319.0,0.3561473547317811
1329.0,0.3561473547317811
1336.0,0.3561473547317811
1347.0,0.3561473547317811
1363.0,0.3561473547317811
1377.0,0.33240419774966234
1381.0,0.33240419774966234
1433.0,0.33240419774966234
1438.0,0.33240419774966234
1456.0,0.33240419774966234
1536.0,0.2991637779746961
1548.0,0.2659233581997299
1831.0,0.2659233581997299
1939.0,0.2659233581997299
2061.0,0.2659233581997299
2114.0,0.2659233581997299
2126.0,0.2659233581997299
2166.0,0.2659233581997299
2168.0,0.2659233581997299
2350.0,0.0
