time,probability
204.0,0.9166666666666666
295.0,0.8333333333333333
529.0,0.75
752.0,0.6666666666666666
779.0,0.5833333333333333
967.0,0.4999999999999999
1062.0,0.4166666666666666
1252.0,0.33333333333333326
1506.0,0.24999999999999994
1621.0,0.16666666666666663
2028.0,0.16666666666666663
2387.0,0.16666666666666663
