time,probability
295.0,0.9166666666666666
752.0,0.8333333333333333
779.0,0.75
793.0,0.6666666666666666
858.0,0.5833333333333333
967.0,0.4999999999999999
1062.0,0.4166666666666666
1075.0,0.33333333333333326
1252.0,0.24999999999999994
2426.0,0.24999999999999994
2565.0,0.12499999999999997
3042.0,0.0
