time,probability
1.0,0.9487179487179487
2.0,0.8974358974358974
3.0,0.846153846153846
4.0,0.8205128205128204
6.0,0.769230769230769
7.0,0.7435897435897434
10.0,0.7179487179487178
14.0,0.6923076923076922
16.0,0.6666666666666665
19.0,0.6153846153846153
20.0,0.5897435897435896
26.0,0.564102564102564
32.0,0.5384615384615383
53.0,0.5128205128205127
57.0,0.487179487179487
91.0,0.46153846153846134
134.0,0.4358974358974357
143.0,0.41025641025641
166.0,0.3846153846153844
287.0,0.3589743589743588
289.0,0.3333333333333332
295.0,0.3076923076923076
312.0,0.28205128205128194
371.0,0.28205128205128194
422.0,0.2538461538461538
521.0,0.2538461538461538
535.0,0.2538461538461538
718.0,0.2175824175824175
905.0,0.18131868131868126
1162.0,0.18131868131868126
1277.0,0.18131868131868126
1363.0,0.18131868131868126
1914.0,0.18131868131868126
2064.0,0.18131868131868126
