time,probability
1.0,0.8666666666666667
2.0,0.7666666666666667
3.0,0.6000000000000001
4.0,0.5333333333333334
5.0,0.5000000000000001
7.0,0.4666666666666668
8.0,0.43333333333333346
12.0,0.40000000000000013
15.0,0.3333333333333335
19.0,0.30000000000000016
28.0,0.2666666666666668
48.0,0.23333333333333342
68.0,0.20000000000000007
234.0,0.16666666666666674
902.0,0.16666666666666674
1062.0,0.16666666666666674
1743.0,0.16666666666666674
2029.0,0.08333333333333337
4498.0,0.08333333333333337
