time,probability
12.0,0.95
30.0,0.8999999999999999
54.0,0.8499999999999999
59.0,0.7999999999999998
61.0,0.7499999999999998
65.0,0.6999999999999998
92.0,0.6499999999999999
95.0,0.6
107.0,0.5499999999999999
110.0,0.49999999999999994
163.0,0.44999999999999996
183.0,0.3999999999999999
197.0,0.3499999999999999
201.0,0.29999999999999993
210.0,0.24999999999999994
212.0,0.19999999999999996
229.0,0.14999999999999997
239.0,0.09999999999999998
245.0,0.04999999999999999
351.0,0.0
