{
  "closed": "right",
  "cut_points": {
    "age": [
      29.0,
      45.0,
      53.0,
      58.0,
      62.0,
      77.0
    ],
    "trestbps": [
      94.0,
      120.0,
      127.60000000000002,
      134.2,
      144.60000000000002,
      200.0
    ],
    "chol": [
      126.0,
      204.0,
      230.8,
      254.0,
      287.20000000000005,
      564.0
    ],
    "thalach": [
      88.0,
      130.0,
      146.0,
      159.0,
      170.0,
      202.0
    ],
    "oldpeak": [
      0.0,
      0.4,
      1.119999999999999,
      1.8600000000000023,
      6.2
    ],
    "ca": [
      0.0,
      1.0,
      3.0
    ]
  }
}