time,probability
2.0,0.96
72.0,0.92
88.0,0.8800000000000001
108.0,0.8400000000000002
120.0,0.8000000000000002
153.0,0.7600000000000001
155.0,0.7200000000000001
276.0,0.68
368.0,0.64
379.0,0.6
444.0,0.5599999999999999
455.0,0.52
506.0,0.52
509.0,0.4766666666666667
652.0,0.43333333333333335
690.0,0.39
698.0,0.3466666666666667
847.0,0.30333333333333334
876.0,0.26
880.0,0.21666666666666667
1052.0,0.17333333333333334
1178.0,0.13
1290.0,0.08666666666666667
1364.0,0.043333333333333335
1760.0,0.0
