{
  "closed": "right",
  "cut_points": {
    "carbon": [
      0.0
    ],
    "hardness": [
      22.5,
      80.0
    ],
    "strength": [
      375.0,
      450.0
    ],
    "thick": [
      0.4754999876022339,
      0.6004999876022339,
      0.7994999885559082,
      0.800000011920929,
      1.5989999771118164,
      1.6009999513626099,
      2.0999999046325684,
      3.200000047683716
    ],
    "width": [
      1165.0,
      1220.0,
      1410.050048828125
    ],
    "len": [
      0.5
    ]
  }
}