{
  "closed": "right",
  "cut_points": {
    "attribute_1": [
      0.0015,
      0.01244,
      0.0201,
      0.02612,
      0.037360000000000004,
      0.1371
    ],
    "attribute_2": [
      0.0006,
      0.01256,
      0.022999999999999996,
      0.03692,
      0.057019999999999994,
      0.2339
    ],
    "attribute_3": [
      0.0015,
      0.01652,
      0.02786,
      0.04152,
      0.06362,
      0.3059
    ],
    "attribute_4": [
      0.0058,
      0.02294,
      0.037439999999999994,
      0.051660000000000005,
      0.08025999999999998,
      0.4264
    ],
    "attribute_5": [
      0.0067,
      0.033120000000000004,
      0.05206,
      0.07464,
      0.11282,
      0.401
    ],
    "attribute_6": [
      0.0102,
      0.05993999999999999,
      0.07944,
      0.10408,
      0.14765999999999996,
      0.3823
    ],
    "attribute_7": [
      0.0033,
      0.07354,
      0.09788000000000001,
      0.12674,
      0.16699999999999998,
      0.3729
    ],
    "attribute_8": [
      0.0055,
      0.0691,
      0.09967999999999999,
      0.1303,
      0.18145999999999995,
      0.459
    ],
    "attribute_9": [
      0.0075,
      0.08376,
      0.13124,
      0.17134000000000002,
      0.25416,
      0.6828
    ],
    "attribute_10": [
      0.0113,
      0.09312,
      0.14712,
      0.20852,
      0.29288000000000003,
      0.7106
    ],
    "attribute_11": [
      0.0289,
      0.11072,
      0.17950000000000002,
      0.249,
      0.32283999999999996,
      0.7342
    ],
    "attribute_12": [
      0.0236,
      0.11004,
      0.20168,
      0.27878000000000003,
      0.35253999999999996,
      0.706
    ],
    "attribute_13": [
      0.0184,
      0.14768,
      0.22498,
      0.2898,
      0.38389999999999996,
      0.7131
    ],
    "attribute_14": [
      0.0273,
      0.15492,
      0.2555,
      0.3087,
      0.4044,
      0.997
    ],
    "attribute_15": [
      0.0031,
      0.13962,
      0.21356,
      0.33166,
      0.4988,
      0.9137
    ],
    "attribute_16": [
      0.0162,
      0.1696,
      0.23814,
      0.38402000000000003,
      0.5694599999999999,
      0.9718
    ],
    "attribute_17": [
      0.0349,
      0.17976,
      0.25368,
      0.39455999999999997,
      0.68664,
      1.0
    ],
    "attribute_18": [
      0.0375,
      0.21922,
      0.29494,
      0.42884000000000005,
      0.7449599999999998,
      1.0
    ],
    "attribute_19": [
      0.0494,
      0.27048,
      0.3656,
      0.5423,
      0.79616,
      1.0
    ],
    "attribute_20": [
      0.0656,
      0.32458,
      0.45527999999999996,
      0.6846,
      0.83894,
      1.0
    ],
    "attribute_21": [
      0.0512,
      0.35192,
      0.54308,
      0.74288,
      0.8507199999999999,
      1.0
    ],
    "attribute_22": [
      0.0219,
      0.36988,
      0.60438,
      0.75714,
      0.86378,
      1.0
    ],
    "attribute_23": [
      0.0563,
      0.42912,
      0.6312,
      0.78022,
      0.8763799999999999,
      1.0
    ],
    "attribute_24": [
      0.0239,
      0.48776,
      0.6435,
      0.76112,
      0.8971399999999999,
      1.0
    ],
    "attribute_25": [
      0.024,
      0.48991999999999997,
      0.66162,
      0.78072,
      0.89676,
      1.0
    ],
    "attribute_26": [
      0.0921,
      0.51532,
      0.67962,
      0.8208799999999999,
      0.91306,
      1.0
    ],
    "attribute_27": [
      0.0481,
      0.48092,
      0.66304,
      0.84162,
      0.9387,
      1.0
    ],
    "attribute_28": [
      0.0284,
      0.48834,
      0.6532,
      0.80776,
      0.92116,
      1.0
    ],
    "attribute_29": [
      0.0144,
      0.44556,
      0.57572,
      0.76306,
      0.8706799999999999,
      1.0
    ],
    "attribute_30": [
      0.0613,
      0.3836,
      0.5346799999999999,
      0.6486,
      0.77816,
      1.0
    ],
    "attribute_31": [
      0.1,
      0.2998,
      0.43332,
      0.55272,
      0.6816199999999999,
      0.9657
    ],
    "attribute_32": [
      0.0404,
      0.24938,
      0.36007999999999996,
      0.48574,
      0.63416,
      0.9306
    ],
    "attribute_33": [
      0.0477,
      0.2238,
      0.33954,
      0.46806000000000003,
      0.61104,
      1.0
    ],
    "attribute_34": [
      0.0306,
      0.19849999999999998,
      0.31085999999999997,
      0.42876000000000003,
      0.62284,
      0.9647
    ],
    "attribute_35": [
      0.0223,
      0.16505999999999998,
      0.26508,
      0.4242,
      0.65928,
      1.0
    ],
    "attribute_36": [
      0.008,
      0.13455999999999999,
      0.2309,
      0.43114,
      0.6689,
      1.0
    ],
    "attribute_37": [
      0.0351,
      0.13452,
      0.23589999999999997,
      0.39564,
      0.59566,
      0.9497
    ],
    "attribute_38": [
      0.0383,
      0.1611,
      0.23013999999999998,
      0.35058,
      0.47412,
      1.0
    ],
    "attribute_39": [
      0.0371,
      0.1583,
      0.23879999999999998,
      0.33854,
      0.5080999999999999,
      0.9857
    ],
    "attribute_40": [
      0.0117,
      0.15203999999999998,
      0.24253999999999998,
      0.32506,
      0.47165999999999997,
      0.9297
    ],
    "attribute_41": [
      0.036,
      0.14998,
      0.2241,
      0.29792,
      0.4334,
      0.8995
    ],
    "attribute_42": [
      0.0056,
      0.13782,
      0.21031999999999998,
      0.28714,
      0.42233999999999994,
      0.8246
    ],
    "attribute_43": [
      0.0,
      0.13262,
      0.19075999999999999,
      0.25666,
      0.351,
      0.7733
    ],
    "attribute_44": [
      0.0,
      0.11334,
      0.16204,
      0.2039,
      0.30389999999999995,
      0.7762
    ],
    "attribute_45": [
      0.0,
      0.0775,
      0.13172,
      0.17542000000000002,
      0.28128,
      0.7034
    ],
    "attribute_46": [
      0.0,
      0.06006,
      0.09994,
      0.16446,
      0.22574,
      0.7292
    ],
    "attribute_47": [
      0.0,
      0.06028,
      0.08776,
      0.11658,
      0.17798,
      0.5522
    ],
    "attribute_48": [
      0.0,
      0.04004,
      0.06516,
      0.09444,
      0.13422,
      0.3339
    ],
    "attribute_49": [
      0.0,
      0.02238,
      0.0355,
      0.050780000000000006,
      0.07658,
      0.1981
    ],
    "attribute_50": [
      0.0,
      0.00958,
      0.015179999999999999,
      0.01982,
      0.026959999999999998,
      0.0825
    ],
    "attribute_51": [
      0.0,
      0.006719999999999999,
      0.01236,
      0.01672,
      0.023039999999999998,
      0.1004
    ],
    "attribute_52": [
      0.0008,
      0.0062,
      0.0091,
      0.0125,
      0.0176,
      0.0709
    ],
    "attribute_53": [
      0.0005,
      0.0045,
      0.0072,
      0.01148,
      0.016179999999999996,
      0.039
    ],
    "attribute_54": [
      0.001,
      0.0047,
      0.008079999999999999,
      0.010820000000000001,
      0.0154,
      0.0352
    ],
    "attribute_55": [
      0.0006,
      0.00374,
      0.0062,
      0.00902,
      0.013639999999999998,
      0.0447
    ],
    "attribute_56": [
      0.0004,
      0.0037,
      0.00568,
      0.00782,
      0.01202,
      0.0394
    ],
    "attribute_57": [
      0.0003,
      0.00314,
      0.0049,
      0.0072,
      0.011119999999999998,
      0.0355
    ],
    "attribute_58": [
      0.0003,
      0.003,
      0.00498,
      0.007740000000000001,
      0.011899999999999997,
      0.044
    ],
    "attribute_59": [
      0.0001,
      0.003,
      0.00528,
      0.0073,
      0.0112,
      0.0364
    ],
    "attribute_60": [
      0.0006,
      0.0025399999999999997,
      0.0041,
      0.0063,
      0.009859999999999999,
      0.0439
    ]
  }
}