{
  "closed": "right",
  "cut_points": {
    "attribute_1": [
      0.0015,
      0.01242,
      0.0201,
      0.026739999999999996,
      0.040520000000000014,
      0.1313
    ],
    "attribute_2": [
      0.0006,
      0.01324,
      0.022600000000000006,
      0.03696,
      0.05600000000000002,
      0.2339
    ],
    "attribute_3": [
      0.0015,
      0.0167,
      0.0277,
      0.0398,
      0.0621,
      0.3059
    ],
    "attribute_4": [
      0.0058,
      0.02272,
      0.03584,
      0.0494,
      0.07728,
      0.4264
    ],
    "attribute_5": [
      0.0067,
      0.033420000000000005,
      0.050420000000000006,
      0.07388,
      0.11286,
      0.401
    ],
    "attribute_6": [
      0.0102,
      0.0575,
      0.08048,
      0.10576,
      0.14908,
      0.3823
    ],
    "attribute_7": [
      0.0033,
      0.0743,
      0.09888,
      0.12576,
      0.17038000000000003,
      0.3729
    ],
    "attribute_8": [
      0.0055,
      0.07212,
      0.10118,
      0.13649999999999998,
      0.18466000000000002,
      0.459
    ],
    "attribute_9": [
      0.0075,
      0.08910000000000001,
      0.13248000000000001,
      0.17617999999999998,
      0.25344,
      0.6828
    ],
    "attribute_10": [
      0.0193,
      0.09796,
      0.15466000000000002,
      0.21212,
      0.28652000000000005,
      0.7106
    ],
    "attribute_11": [
      0.0289,
      0.11608,
      0.19202,
      0.25078,
      0.31296,
      0.7342
    ],
    "attribute_12": [
      0.0236,
      0.11230000000000001,
      0.20708000000000001,
      0.27552,
      0.34646000000000005,
      0.706
    ],
    "attribute_13": [
      0.0184,
      0.15330000000000002,
      0.22704,
      0.2918,
      0.37858000000000014,
      0.7022
    ],
    "attribute_14": [
      0.0336,
      0.15948,
      0.25745999999999997,
      0.3115,
      0.41202000000000005,
      0.997
    ],
    "attribute_15": [
      0.0092,
      0.14252,
      0.21978000000000003,
      0.33628,
      0.5079800000000001,
      1.0
    ],
    "attribute_16": [
      0.0422,
      0.1787,
      0.24884000000000003,
      0.41019999999999995,
      0.6021800000000004,
      0.9988
    ],
    "attribute_17": [
      0.0349,
      0.19064,
      0.26334,
      0.4130599999999999,
      0.6934,
      1.0
    ],
    "attribute_18": [
      0.0375,
      0.22068000000000002,
      0.29814,
      0.4490599999999999,
      0.7490800000000002,
      1.0
    ],
    "attribute_19": [
      0.0494,
      0.26914,
      0.36960000000000004,
      0.5545799999999999,
      0.79562,
      1.0
    ],
    "attribute_20": [
      0.0656,
      0.32298,
      0.45811999999999997,
      0.67724,
      0.8427000000000001,
      1.0
    ],
    "attribute_21": [
      0.0512,
      0.36010000000000003,
      0.5364800000000001,
      0.7392799999999999,
      0.87934,
      1.0
    ],
    "attribute_22": [
      0.0219,
      0.3719,
      0.59658,
      0.75594,
      0.8639399999999999,
      1.0
    ],
    "attribute_23": [
      0.0563,
      0.42484,
      0.62636,
      0.7845000000000001,
      0.8789,
      1.0
    ],
    "attribute_24": [
      0.0239,
      0.5047600000000001,
      0.6419,
      0.7734,
      0.9041399999999999,
      1.0
    ],
    "attribute_25": [
      0.024,
      0.50676,
      0.66584,
      0.78096,
      0.90402,
      1.0
    ],
    "attribute_26": [
      0.0921,
      0.51868,
      0.67774,
      0.8105,
      0.91562,
      1.0
    ],
    "attribute_27": [
      0.0481,
      0.49673999999999996,
      0.6838,
      0.83406,
      0.9370200000000001,
      1.0
    ],
    "attribute_28": [
      0.0598,
      0.49368,
      0.6564000000000001,
      0.8095,
      0.92198,
      1.0
    ],
    "attribute_29": [
      0.0144,
      0.43206,
      0.5609,
      0.76258,
      0.86808,
      1.0
    ],
    "attribute_30": [
      0.0613,
      0.37844,
      0.52138,
      0.63846,
      0.76878,
      1.0
    ],
    "attribute_31": [
      0.0482,
      0.3012,
      0.42788000000000004,
      0.54902,
      0.66442,
      0.9657
    ],
    "attribute_32": [
      0.0404,
      0.25146,
      0.35308,
      0.47881999999999997,
      0.6243400000000001,
      0.9306
    ],
    "attribute_33": [
      0.0477,
      0.21668,
      0.32378000000000007,
      0.43279999999999996,
      0.5933,
      1.0
    ],
    "attribute_34": [
      0.0212,
      0.1877,
      0.29074,
      0.40288,
      0.60902,
      0.9536
    ],
    "attribute_35": [
      0.0223,
      0.15034,
      0.24914,
      0.39771999999999996,
      0.6487800000000001,
      1.0
    ],
    "attribute_36": [
      0.008,
      0.1374,
      0.22916,
      0.42094,
      0.6674000000000001,
      1.0
    ],
    "attribute_37": [
      0.0351,
      0.13416,
      0.23390000000000002,
      0.38495999999999997,
      0.5701400000000001,
      0.9497
    ],
    "attribute_38": [
      0.0383,
      0.15861999999999998,
      0.23002,
      0.34981999999999996,
      0.4646400000000001,
      1.0
    ],
    "attribute_39": [
      0.0371,
      0.16186,
      0.22958,
      0.32883999999999997,
      0.47378,
      0.9857
    ],
    "attribute_40": [
      0.0117,
      0.14702,
      0.23132000000000005,
      0.31726,
      0.444,
      0.9297
    ],
    "attribute_41": [
      0.036,
      0.13148,
      0.20443999999999998,
      0.29246,
      0.43370000000000003,
      0.8995
    ],
    "attribute_42": [
      0.0056,
      0.12054000000000001,
      0.20298,
      0.28086,
      0.4114600000000001,
      0.8246
    ],
    "attribute_43": [
      0.0159,
      0.1315,
      0.19282000000000002,
      0.25586,
      0.3483,
      0.7733
    ],
    "attribute_44": [
      0.0255,
      0.10992,
      0.15634,
      0.19801999999999997,
      0.28840000000000005,
      0.7762
    ],
    "attribute_45": [
      0.0046,
      0.07958000000000001,
      0.128,
      0.16798,
      0.26996000000000003,
      0.6448
    ],
    "attribute_46": [
      0.0025,
      0.05842000000000001,
      0.09422000000000001,
      0.14473999999999998,
      0.2242,
      0.7292
    ],
    "attribute_47": [
      0.0073,
      0.053320000000000006,
      0.08422,
      0.11411999999999999,
      0.17574000000000006,
      0.5522
    ],
    "attribute_48": [
      0.0041,
      0.04072,
      0.06884,
      0.09484,
      0.13478,
      0.3339
    ],
    "attribute_49": [
      0.0021,
      0.02194,
      0.036520000000000004,
      0.052239999999999995,
      0.07686,
      0.1981
    ],
    "attribute_50": [
      0.0006,
      0.009420000000000001,
      0.015340000000000001,
      0.0201,
      0.027400000000000004,
      0.0825
    ],
    "attribute_51": [
      0.0015,
      0.00782,
      0.012620000000000003,
      0.016759999999999997,
      0.022700000000000005,
      0.1004
    ],
    "attribute_52": [
      0.0013,
      0.0062,
      0.0091,
      0.012939999999999998,
      0.0176,
      0.0709
    ],
    "attribute_53": [
      0.0005,
      0.00412,
      0.0072,
      0.01116,
      0.0153,
      0.039
    ],
    "attribute_54": [
      0.001,
      0.004540000000000001,
      0.0081,
      0.0108,
      0.015560000000000003,
      0.0352
    ],
    "attribute_55": [
      0.0011,
      0.0038,
      0.006340000000000001,
      0.009279999999999998,
      0.013260000000000003,
      0.0447
    ],
    "attribute_56": [
      0.0006,
      0.00412,
      0.005880000000000001,
      0.0087,
      0.0122,
      0.0394
    ],
    "attribute_57": [
      0.0003,
      0.00332,
      0.005240000000000001,
      0.0076,
      0.011380000000000001,
      0.0355
    ],
    "attribute_58": [
      0.0003,
      0.00302,
      0.0049,
      0.0073,
      0.012060000000000008,
      0.044
    ],
    "attribute_59": [
      0.0001,
      0.0031200000000000004,
      0.0053,
      0.007359999999999999,
      0.011160000000000002,
      0.0364
    ],