{
  "closed": "right",
  "cut_points": {
    "age": [
      29.0,
      45.0,
      52.400000000000006,
      58.0,
      63.0,
      77.0
    ],
    "trestbps": [
      94.0,
      118.0,
      125.4,
      132.0,
      143.60000000000002,
      200.0
    ],
    "chol": [
      131.0,
      204.0,
      230.0,
      255.0,
      288.0,
      564.0
    ],
    "thalach": [
      71.0,
      130.0,
      146.0,
      158.6,
      170.0,
      202.0
    ],
    "oldpeak": [
      0.0,
      0.3400000000000006,
      1.0599999999999994,
      1.880000000000001,
      6.2
    ],
    "ca": [
      0.0,
      1.0,
      1.1167883211678848,
      3.0
    ]
  }
}