time,probability
321.0,0.8888888888888888
433.0,0.8888888888888888
531.0,0.8888888888888888
580.0,0.8888888888888888
599.0,0.8888888888888888
671.0,0.8888888888888888
676.0,0.8888888888888888
824.0,0.8888888888888888
2926.0,0.8888888888888888
