time,probability
42.0,0.9166666666666666
48.0,0.8333333333333333
53.0,0.75
108.0,0.6666666666666666
117.0,0.5833333333333333
136.0,0.4999999999999999
181.0,0.4166666666666666
202.0,0.33333333333333326
246.0,0.24999999999999994
335.0,0.16666666666666663
353.0,0.08333333333333331
1895.0,0.08333333333333331
