time,probability
31.0,0.9285714285714286
113.0,0.8571428571428572
137.0,0.7857142857142857
161.0,0.7142857142857143
214.0,0.6428571428571429
274.0,0.5714285714285714
306.0,0.5
382.0,0.42857142857142855
413.0,0.35714285714285715
472.0,0.35714285714285715
580.0,0.35714285714285715
999.0,0.35714285714285715
1041.0,0.35714285714285715
1243.0,0.0
