time,probability
3.0,0.9411764705882353
4.0,0.8823529411764706
7.0,0.8823529411764706
13.0,0.819327731092437
30.0,0.819327731092437
35.0,0.819327731092437
46.0,0.7448433919022154
50.0,0.7448433919022154
54.0,0.6620830150241914
55.0,0.5793226381461675
62.0,0.5793226381461675
96.0,0.4827688651218062
105.0,0.386215092097445
204.0,0.386215092097445
788.0,0.2574767280649633
956.0,0.12873836403248165
1090.0,0.0
