time,probability
140.0,0.9411764705882353
223.0,0.8823529411764706
708.0,0.8235294117647058
788.0,0.8235294117647058
799.0,0.7601809954751131
943.0,0.6968325791855203
1000.0,0.6334841628959276
1067.0,0.6334841628959276
1191.0,0.5630970336852689
1234.0,0.5630970336852689
1235.0,0.482654600301659
1690.0,0.4022121669180492
2221.0,0.4022121669180492
2318.0,0.4022121669180492
2400.0,0.26814144461203276
2555.0,0.26814144461203276
3222.0,0.0
