time,probability
429.0,1.0
795.0,0.9
798.0,0.9
888.0,0.9
1036.0,0.7714285714285714
1095.0,0.7714285714285714
1730.0,0.7714285714285714
1979.0,0.7714285714285714
2018.0,0.5142857142857142
2227.0,0.5142857142857142
2612.0,0.5142857142857142
