time,probability
10.0,0.8571428571428571
15.0,0.7142857142857143
41.0,0.5714285714285715
60.0,0.4285714285714286
64.0,0.2857142857142857
161.0,0.14285714285714285
1297.0,0.14285714285714285
