time,probability
137.0,0.9285714285714286
510.0,0.9285714285714286
606.0,0.8511904761904762
754.0,0.8511904761904762
914.0,0.8511904761904762
1171.0,0.8511904761904762
1185.0,0.8511904761904762
1257.0,0.8511904761904762
1424.0,0.8511904761904762
1522.0,0.8511904761904762
1741.0,0.8511904761904762
2036.0,0.8511904761904762
2112.0,0.8511904761904762
2118.0,0.8511904761904762
