time,probability
1.0,0.8181818181818182
2.0,0.6666666666666666
3.0,0.5151515151515151
4.0,0.4848484848484848
5.0,0.45454545454545453
7.0,0.3939393939393939
8.0,0.36363636363636365
10.0,0.3333333333333333
12.0,0.303030303030303
15.0,0.2424242424242424
19.0,0.2121212121212121
28.0,0.1818181818181818
48.0,0.1515151515151515
68.0,0.1212121212121212
234.0,0.0909090909090909
350.0,0.060606060606060594
409.0,0.030303030303030297
1647.0,0.030303030303030297
