time,probability
14.0,1.0
193.0,0.8333333333333334
282.0,0.8333333333333334
307.0,0.8333333333333334
314.0,0.8333333333333334
582.0,0.8333333333333334
587.0,0.8333333333333334
