{
  "closed": "right",
  "cut_points": {
    "AGE": [
      7.0,
      30.0,
      36.800000000000004,
      44.2,
      52.0,
      78.0
    ],
    "BILIRUBIN": [
      0.4,
      0.7,
      1.0,
      1.2,
      2.0,
      8.0
    ],
    "ALK_PHOSPHATE": [
      26.0,
      75.0,
      91.4,
      101.31372549019608,
      137.40000000000003,
      280.0
    ],
    "SGOT": [
      14.0,
      31.0,
      48.800000000000004,
      69.0,
      121.80000000000003,
      648.0
    ],
    "ALBUMIN": [
      2.1,
      3.3,
      3.8,
      4.0,
      4.2,
      6.4
    ],
    "PROTIME": [
      23.0,
      43.5,
      66.0,
      66.57142857142857,
      100.0
    ]
  }
}