time,probability
11.0,0.9
15.0,0.7999999999999999
26.0,0.7
28.0,0.6
45.0,0.5
48.0,0.4
53.0,0.30000000000000004
56.0,0.2
385.0,0.1
2105.0,0.1
