time,probability
671.0,1.0
745.0,0.8888888888888888
1041.0,0.8888888888888888
1301.0,0.8888888888888888
1679.0,0.8888888888888888
1839.0,0.8888888888888888
1937.0,0.8888888888888888
1958.0,0.8888888888888888
2279.0,0.8888888888888888
2926.0,0.8888888888888888
