{
  "closed": "right",
  "cut_points": {
    "mpg": [
      9.0,
      16.0,
      20.0,
      25.0,
      31.0,
      46.6
    ],
    "displacement": [
      68.0,
      98.0,
      122.0,
      200.0,
      304.0,
      455.0
    ],
    "horsepower": [
      46.0,
      73.20000000000002,
      88.0,
      100.0,
      140.0,
      230.0
    ],
    "weight": [
      1613.0,
      2159.2,
      2596.0,
      3081.9999999999995,
      3782.6000000000004,
      5140.0
    ],
    "acceleration": [
      8.0,
      13.46,
      14.9,
      16.0,
      17.740000000000002,
      24.8
    ]
  }
}