time,probability
41.0,0.9230769230769231
55.0,0.8461538461538461
57.0,0.7692307692307692
60.0,0.6923076923076923
66.0,0.6153846153846153
111.0,0.5384615384615384
196.0,0.4615384615384615
290.0,0.3846153846153846
606.0,0.3076923076923077
754.0,0.3076923076923077
1838.0,0.3076923076923077
2208.0,0.3076923076923077
2761.0,0.3076923076923077
