time,probability
170.0,0.9166666666666666
244.0,0.8333333333333333
540.0,0.8333333333333333
546.0,0.8333333333333333
547.0,0.8333333333333333
548.0,0.8333333333333333
556.0,0.8333333333333333
567.0,0.8333333333333333
587.0,0.8333333333333333
619.0,0.8333333333333333
763.0,0.8333333333333333
