time,probability
126.0,0.9090909090909091
142.0,0.8181818181818181
540.0,0.8181818181818181
546.0,0.8181818181818181
555.0,0.8181818181818181
567.0,0.8181818181818181
568.0,0.8181818181818181
575.0,0.8181818181818181
582.0,0.8181818181818181
625.0,0.8181818181818181
654.0,0.8181818181818181
