time,probability
170.0,0.8888888888888888
299.0,0.7777777777777777
541.0,0.7777777777777777
551.0,0.7777777777777777
556.0,0.7777777777777777
603.0,0.7777777777777777
659.0,0.5185185185185184
762.0,0.5185185185185184
805.0,0.5185185185185184
