time,probability
12.0,0.9166666666666666
94.0,0.8333333333333333
245.0,0.75
248.0,0.6666666666666666
436.0,0.5833333333333333
546.0,0.5833333333333333
548.0,0.5833333333333333
559.0,0.4666666666666666
562.0,0.4666666666666666
567.0,0.4666666666666666
633.0,0.4666666666666666
634.0,0.4666666666666666
