time,probability
42.0,1.0
65.0,1.0
177.0,0.9838709677419355
180.0,0.967741935483871
184.0,0.9516129032258064
186.0,0.9516129032258064
195.0,0.9352057842046717
227.0,0.918798665183537
233.0,0.9023915461624024
238.0,0.8859844271412678
241.0,0.8695773081201332
242.0,0.8531701890989987
249.0,0.836763070077864
251.0,0.8203559510567293
286.0,0.8039488320355948
293.0,0.7875417130144602
307.0,0.7711345939933256
308.0,0.7547274749721911
316.0,0.7383203559510565
338.0,0.7219132369299219
357.0,0.7055061179087874
370.0,0.6726918798665182
392.0,0.6562847608453837
403.0,0.6398776418242491
417.0,0.6234705228031145
436.0,0.60706340378198
473.0,0.5906562847608454
498.0,0.5742491657397109
525.0,0.5578420467185763
540.0,0.5414349276974417
544.0,0.5250278086763072
546.0,0.5250278086763072
548.0,0.508091427751265
563.0,0.49115504682622285
575.0,0.4742186659011807
595.0,0.45728228497613854
622.0,0.44034590405109636
624.0,0.40647314220101205
628.0,0.40647314220101205
631.0,0.40647314220101205
650.0,0.38799709028278423
698.0,0.3695210383645564
722.0,0.3510449864463286
742.0,0.33256893452810077
779.0,0.33256893452810077
790.0,0.31300605602644777
827.0,0.29344317752479476
828.0,0.29344317752479476
855.0,0.29344317752479476
883.0,0.2708706254075029
959.0,0.24829807329021097
1183.0,0.22572552117291905
1225.0,0.20315296905562716
1240.0,0.20315296905562716
1363.0,0.17775884792367377
1730.0,0.15236472679172036
1826.0,0.15236472679172036
1854.0,0.15236472679172036
1856.0,0.15236472679172036
2014.0,0.15236472679172036
2024.0,0.15236472679172036
2059.0,0.15236472679172036
