{
  "closed": "right",
  "cut_points": {
    "age": [
      29.0,
      45.0,
      52.0,
      58.0,
      63.0,
      77.0
    ],
    "resting_blood_pressure": [
      94.0,
      118.0,
      125.0,
      132.0,
      143.20000000000005,
      200.0
    ],
    "serum_cholestoral": [
      126.0,
      207.0,
      233.0,
      258.0,
      289.0,
      564.0
    ],
    "maximum_heart_rate_achieved": [
      71.0,
      129.4,
      147.8,
      160.0,
      170.60000000000002,
      202.0
    ],
    "oldpeak": [
      0.0,
      0.38000000000000117,
      1.2,
      1.9,
      6.2
    ],
    "slope": [
      1.0,
      2.0,
      3.0
    ],
    "number_of_major_vessels": [
      0.0,
      1.0,
      3.0
    ]
  }
}