{
  "closed": "right",
  "cut_points": {
    "RI": [
      1.5171949863433838,
      1.5179849863052368
    ],
    "Na": [
      14.0649995803833
    ],
    "Mg": [
      2.694999933242798
    ],
    "Al": [
      1.3899999856948853,
      1.7899999618530273
    ],
    "Si": [],
    "'K'": [
      0.054999999701976776,
      0.6499999761581421,
      0.7450000047683716
    ],
    "Ca": [
      7.019999980926514,
      8.270000457763672,
      10.114999771118164
    ],
    "Ba": [
      0.33500000834465027
    ],
    "Fe": []
  }
}