time,probability
3.0,0.975
4.0,0.95
8.0,0.8999999999999999
11.0,0.8749999999999999
13.0,0.8499999999999999
20.0,0.8249999999999998
23.0,0.7999999999999998
53.0,0.7749999999999998
70.0,0.7499999999999998
89.0,0.7249999999999998
226.0,0.6999999999999998
239.0,0.6749999999999998
275.0,0.6499999999999998
367.0,0.6249999999999998
518.0,0.5999999999999998
559.0,0.5749999999999997
623.0,0.5499999999999997
1088.0,0.5249999999999998
1248.0,0.4999999999999998
1442.0,0.47499999999999976
1526.0,0.47499999999999976
1636.0,0.47499999999999976
1637.0,0.47499999999999976
1869.0,0.4453124999999998
2050.0,0.4156249999999998
2114.0,0.3859374999999998
2335.0,0.35624999999999984
2398.0,0.35624999999999984
2446.0,0.35624999999999984
2868.0,0.3206249999999999
3078.0,0.28499999999999986
3280.0,0.24937499999999987
3442.0,0.24937499999999987
3552.0,0.24937499999999987
3620.0,0.24937499999999987
4481.0,0.24937499999999987
4536.0,0.24937499999999987
4703.0,0.24937499999999987
5839.0,0.24937499999999987
