time,probability
196.0,1.0
199.0,0.6666666666666666
218.0,0.3333333333333333
303.0,0.3333333333333333
