time,probability
30.0,0.9411764705882353
53.0,0.8823529411764706
65.0,0.8235294117647058
88.0,0.7647058823529411
92.0,0.7058823529411765
110.0,0.6470588235294118
142.0,0.5882352941176471
156.0,0.4705882352941177
181.0,0.411764705882353
183.0,0.35294117647058826
210.0,0.29411764705882354
267.0,0.23529411764705885
270.0,0.17647058823529413
284.0,0.11764705882352941
301.0,0.11764705882352941
519.0,0.0
