{
  "closed": "right",
  "cut_points": {
    "AGE": [
      7.0,
      31.0,
      38.0,
      44.0,
      52.0,
      78.0
    ],
    "BILIRUBIN": [
      0.3,
      0.7,
      1.0,
      1.1892436974789915,
      1.8400000000000005,
      7.6
    ],
    "ALK_PHOSPHATE": [
      26.0,
      75.0,
      85.0,
      101.31372549019608,
      133.8,
      295.0
    ],
    "SGOT": [
      14.0,
      30.0,
      52.2,
      69.0,
      125.00000000000003,
      648.0
    ],
    "ALBUMIN": [
      2.1,
      3.1518518518518515,
      3.8,
      4.0,
      4.2,
      6.4
    ],
    "PROTIME": [
      0.0,
      43.5,
      66.0,
      66.57142857142857,
      70.80000000000001,
      100.0
    ]
  }
}