{
  "closed": "right",
  "cut_points": {
    "sepallength": [
      5.5,
      6.199999809265137
    ],
    "sepalwidth": [
      3.0999999046325684
    ],
    "petallength": [
      2.450000047683716,
      4.800000190734863
    ],
    "petalwidth": [
      0.800000011920929,
      1.75
    ]
  }
}