time,probability
845.0,0.9090909090909091
1125.0,0.8181818181818181
1706.0,0.7272727272727272
2223.0,0.6363636363636362
2466.0,0.5454545454545453
2587.0,0.4545454545454544
2910.0,0.36363636363636354
3560.0,0.27272727272727265
4996.0,0.18181818181818177
5216.0,0.09090909090909088
7417.0,0.09090909090909088
