time,probability
10.0,0.9285714285714286
15.0,0.8571428571428572
26.0,0.7857142857142857
41.0,0.6428571428571429
42.0,0.5714285714285714
45.0,0.5
48.0,0.42857142857142855
53.0,0.35714285714285715
60.0,0.28571428571428575
64.0,0.2142857142857143
68.0,0.14285714285714285
202.0,0.07142857142857142
1214.0,0.07142857142857142
