time,probability
10.0,0.9411764705882353
185.0,0.8823529411764706
204.0,0.8235294117647058
232.0,0.7647058823529411
426.0,0.7058823529411765
493.0,0.6470588235294118
529.0,0.5882352941176471
629.0,0.5294117647058824
752.0,0.47058823529411764
779.0,0.4117647058823529
793.0,0.3529411764705882
967.0,0.29411764705882354
1062.0,0.23529411764705885
1075.0,0.17647058823529413
1860.0,0.11764705882352941
1970.0,0.11764705882352941
2565.0,0.0
