{
  "closed": "right",
  "cut_points": {
    "Alcohol": [
      11.03,
      12.25,
      12.77,
      13.328,
      13.788,
      14.83
    ],
    "Malic_acid": [
      0.74,
      1.508,
      1.73,
      2.0999999999999996,
      3.382,
      5.8
    ],
    "Ash": [
      1.36,
      2.17,
      2.3,
      2.414,
      2.602,
      3.23
    ],
    "Alcalinity_of_ash": [
      10.6,
      16.48,
      18.5,
      20.0,
      22.0,
      30.0
    ],
    "Magnesium": [
      70.0,
      88.0,
      94.0,
      101.0,
      110.0,
      162.0
    ],
    "Total_phenols": [
      0.98,
      1.68,
      2.1,
      2.53,
      2.864,
      3.88
    ],
    "Flavanoids": [
      0.34,
      0.838,
      1.778,
      2.4579999999999993,
      2.98,
      5.08
    ],
    "Nonflavanoid_phenols": [
      0.13,
      0.26,
      0.3,
      0.39,
      0.48,
      0.66
    ],
    "Proanthocyanins": [
      0.41,
      1.048,
      1.406,
      1.694,
      1.994,
      3.58
    ],
    "Color_intensity": [
      1.28,
      2.948,
      3.98,
      5.244,
      6.78,
      13.0
    ],
    "Hue": [
      0.48,
      0.74,
      0.916,
      1.04,
      1.16,
      1.71
    ],
    "OD280/OD315_of_diluted_wines": [
      1.27,
      1.796,
      2.57,
      2.9419999999999997,
      3.284,
      4.0
    ],
    "Proline": [
      278.0,
      471.6,
      600.0,
      737.0,
      1045.0,
      1680.0
    ]
  }
}