{
  "closed": "right",
  "cut_points": {
    "RI": [
      1.51115,
      1.516278,
      1.517344,
      1.518064,
      1.51969,
      1.53393
    ],
    "Na": [
      10.73,
      12.85,
      13.148,
      13.432,
      14.006,
      17.38
    ],
    "Mg": [
      0.0,
      1.2500000000000036,
      3.39,
      3.54,
      3.6460000000000004,
      4.49
    ],
    "Al": [
      0.29,
      1.154,
      1.29,
      1.4719999999999998,
      1.71,
      3.5
    ],
    "Si": [
      69.81,
      72.18,
      72.666,
      72.952,
      73.146,
      75.41
    ],
    "'K'": [
      0.0,
      0.08,
      0.51,
      0.57,
      0.62,
      6.21
    ],
    "Ca": [
      5.43,
      8.158,
      8.488,
      8.76,
      9.474,
      16.19
    ],
    "Ba": [
      0.0,
      3.15
    ],
    "Fe": [
      0.0,
      0.14,
      0.51
    ]
  }
}