time,probability
10.0,0.9090909090909091
15.0,0.8181818181818181
26.0,0.7272727272727272
41.0,0.6363636363636362
42.0,0.5454545454545453
45.0,0.4545454545454544
60.0,0.27272727272727265
64.0,0.18181818181818177
161.0,0.09090909090909088
202.0,0.0
