{
  "closed": "right",
  "cut_points": {
    "survival": [
      0.03,
      3.0,
      17.0,
      27.0,
      35.60000000000001,
      57.0
    ],
    "age-at-heart-attack": [
      35.0,
      56.0,
      61.0,
      64.0,
      69.0,
      86.0
    ],
    "fractional-shortening": [
      0.03,
      0.15,
      0.18,
      0.24,
      0.2860000000000001,
      0.61
    ],
    "epss": [
      0.0,
      6.84,
      9.780000000000001,
      12.0904,
      16.46,
      40.0
    ],
    "lvdd": [
      2.32,
      4.17,
      4.556,
      5.024,
      5.378,
      6.78
    ],
    "wall-motion-score": [
      2.0,
      11.0,
      13.0,
      14.0,
      17.932000000000002,
      28.0
    ],
    "wall-motion-index": [
      1.0,
      1.1,
      1.37,
      1.6359809523809525,
      3.0
    ],
    "mult": [
      0.14,
      0.643,
      0.7744731707317075,
      0.8210000000000002,
      0.857,
      2.0
    ],
    "group": [
      1.0,
      1.8088235294117647,
      2.0
    ]
  }
}