{
  "closed": "right",
  "cut_points": {
    "sepallength": [
      5.5,
      5.75
    ],
    "sepalwidth": [
      3.4000000953674316
    ],
    "petallength": [
      2.450000047683716,
      4.800000190734863
    ],
    "petalwidth": [
      0.800000011920929,
      1.7000000476837158
    ]
  }
}