{
  "closed": "right",
  "cut_points": {
    "area": [
      0.0,
      1.0,
      41.0,
      213.2,
      654.0000000000005,
      22402.0
    ],
    "population": [
      0.0,
      2.0,
      6.0,
      20.0,
      1008.0
    ],
    "bars": [
      0.0,
      5.0
    ],
    "stripes": [
      0.0,
      1.3999999999999915,
      3.0,
      14.0
    ],
    "colours": [
      2.0,
      2.8000000000000043,
      3.0,
      4.0,
      8.0
    ],
    "circles": [
      0.0,
      2.0
    ],
    "crosses": [
      0.0,
      2.0
    ],
    "saltires": [
      0.0,
      1.0
    ],
    "quarters": [
      0.0,
      4.0
    ],
    "sunstars": [
      0.0,
      1.0,
      50.0
    ]
  }
}