time,probability
1.0,1.0
5.0,1.0
18.0,1.0
23.0,0.9
71.0,0.9
168.0,0.9
190.0,0.9
376.0,0.9
480.0,0.7200000000000001
639.0,0.7200000000000001
684.0,0.7200000000000001
1035.0,0.7200000000000001
1081.0,0.7200000000000001
