time,probability
2.0,0.8888888888888888
8.0,0.8888888888888888
17.0,0.7619047619047619
55.0,0.6349206349206349
77.0,0.5079365079365079
94.0,0.38095238095238093
127.0,0.25396825396825395
191.0,0.12698412698412698
827.0,0.0
