time,probability
1.0,0.9523809523809523
3.0,0.9523809523809523
5.0,0.9022556390977443
9.0,0.8491817779743476
10.0,0.7961079168509508
21.0,0.7430340557275541
23.0,0.6899601946041574
40.0,0.6899601946041574
68.0,0.6324635117204775
82.0,0.5749668288367977
91.0,0.517470145953118
168.0,0.517470145953118
283.0,0.517470145953118
297.0,0.4435458393883869
307.0,0.36962153282365573
389.0,0.2956972262589246
390.0,0.22177291969419344
420.0,0.1478486131294623
480.0,0.07392430656473115
761.0,0.0
