time,probability
4.0,1.0
5.0,1.0
41.0,1.0
105.0,1.0
153.0,0.9230769230769231
309.0,0.8461538461538461
408.0,0.8461538461538461
411.0,0.8461538461538461
413.0,0.8461538461538461
444.0,0.8461538461538461
474.0,0.7252747252747253
726.0,0.7252747252747253
815.0,0.7252747252747253
860.0,0.7252747252747253
982.0,0.7252747252747253
1126.0,0.7252747252747253
1203.0,0.7252747252747253
