time,probability
3.0,0.7142857142857143
10.0,0.5714285714285715
151.0,0.5714285714285715
176.0,0.380952380952381
247.0,0.380952380952381
248.0,0.380952380952381
