time,probability
55.0,0.8571428571428571
60.0,0.7142857142857143
66.0,0.5714285714285715
111.0,0.4285714285714286
196.0,0.2857142857142857
330.0,0.14285714285714285
1243.0,0.0
