time,probability
10.0,0.9166666666666666
26.0,0.8333333333333333
67.0,0.75
130.0,0.6666666666666666
163.0,0.5833333333333333
191.0,0.4999999999999999
200.0,0.4166666666666666
403.0,0.33333333333333326
672.0,0.24999999999999994
849.0,0.16666666666666663
1084.0,0.16666666666666663
1839.0,0.16666666666666663
