time,probability
15.0,0.8888888888888888
26.0,0.7777777777777777
60.0,0.6666666666666665
66.0,0.5555555555555555
67.0,0.4444444444444444
335.0,0.3333333333333333
385.0,0.2222222222222222
403.0,0.1111111111111111
745.0,0.0
