time,probability
472.0,1.0
745.0,0.8333333333333334
1679.0,0.8333333333333334
1937.0,0.8333333333333334
1958.0,0.8333333333333334
2208.0,0.8333333333333334
2525.0,0.8333333333333334
