model_type,variant,dataset,M-of-N count,integrated_brier_score (train),integrated_brier_score (test),rules,conditions_count,avg conditions per rule,avg rule quality,avg rule precision,avg rule coverage,training time total (s),training time growing (s),training time pruning (s),induction measure,pruning measure,voting measure
complex,no_discretization,GBSG2,0,0.1673175991014142,0.1728772314412845,5,33.0,6.6,1.0,1.0,0.3915721231766612,5238.092170502,5189.158989258999,48.92183086800001,Correlation,Correlation,Correlation
complex,no_discretization,GBSG2,0,0.170605857037739,0.1818386126222224,4,22.0,5.5,0.9999999586747051,1.0,0.4193679092382496,3601.084457302,3561.226989187,39.844325883,Correlation,Correlation,Correlation
complex,no_discretization,GBSG2,0,0.1574986756478111,0.2072716978220364,11,70.0,6.363636363636363,0.998793856952184,1.0,0.2867019711679907,16710.284136685,16562.282746931003,147.985150449,Correlation,Correlation,Correlation
complex,no_discretization,GBSG2,0,0.173231115466458,0.1395746977876588,12,138.0,11.5,0.9832714241553088,1.0,0.3244336569579287,19404.420321024,19266.741258615,137.65986643099998,Correlation,Correlation,Correlation
complex,no_discretization,GBSG2,0,0.1592908923248689,0.2477348565566668,8,60.0,7.5,1.0,1.0,0.4003241491085899,9426.733328663,9339.867717617,86.851666412,Correlation,Correlation,Correlation
complex,no_discretization,GBSG2,0,0.1600346995929859,0.1977712205430736,8,76.0,9.5,0.9999999990739826,1.0,0.3644651539708265,14142.163559221,14017.267810042,124.879201952,Correlation,Correlation,Correlation
complex,no_discretization,GBSG2,0,0.1638226906253982,0.1584243921354969,9,40.0,4.444444444444445,0.999999636776201,1.0,0.2056546011165135,1955.304009031,1935.2663631029995,20.024070778,Correlation,Correlation,Correlation
complex,no_discretization,GBSG2,0,0.1595087390361834,0.1907373204263566,9,45.0,5.0,0.9999999999999628,1.0,0.2733657482441923,5378.323918949,5331.954707725,46.357256188,Correlation,Correlation,Correlation
complex,no_discretization,GBSG2,0,0.1589507665868254,0.1822751409213142,6,55.0,9.166666666666666,0.9999999999008784,1.0,0.4374325782092771,10121.097955149,10040.251732655,80.834691318,Correlation,Correlation,Correlation
