model_type,variant,dataset,M-of-N count,integrated_brier_score (train),integrated_brier_score (test),rules,conditions_count,avg conditions per rule,avg rule quality,avg rule precision,avg rule coverage,training time total (s),training time growing (s),training time pruning (s),induction measure,pruning measure,voting measure
exact_M-of-N,no_discretization,lung,0,0.1436247754199733,0.1411735078343793,2,2.0,1.0,1.0,1.0,0.5,0.129866361618042,0.049927463,0.048741059,Correlation,Correlation,Correlation
exact_M-of-N,no_discretization,lung,0,0.1376611522560319,0.1689143422808053,3,3.0,1.0,1.0,1.0,0.5229885057471265,0.4741368293762207,0.1884733009999999,0.081785373,Correlation,Correlation,Correlation
exact_M-of-N,no_discretization,lung,5,0.1539997056460496,0.1806806972854993,8,19.0,2.375,0.9969363406165088,1.0,0.2536329386437029,0.2004303932189941,0.104657704,0.06758459,Correlation,Correlation,Correlation
exact_M-of-N,no_discretization,lung,3,0.1496262842560559,0.1543351395804536,6,13.0,2.1666666666666665,0.9999345624059764,1.0,0.2956584140653032,0.1762740612030029,0.080957622,0.0617297599999999,Correlation,Correlation,Correlation
exact_M-of-N,no_discretization,lung,11,0.1462525124931329,0.1222101661729202,11,29.0,2.636363636363636,0.9986419592962352,1.0,0.2277130834719639,4.285409688949585,1.940078435,2.031538636,Correlation,Correlation,Correlation
exact_M-of-N,no_discretization,lung,1,0.141565847800362,0.1398741841027846,3,5.0,1.6666666666666667,1.0,1.0,0.3857194115536419,0.1220498085021972,0.051070283,0.032025545,Correlation,Correlation,Correlation
exact_M-of-N,no_discretization,lung,4,0.1500632912306091,0.1829799559679816,7,12.0,1.7142857142857142,0.9999330052031088,1.0,0.4159482758620689,0.8923983573913574,0.4774541189999999,0.325469706,Correlation,Correlation,Correlation
exact_M-of-N,no_discretization,lung,5,0.1459821546234951,0.1703695498665403,9,20.0,2.2222222222222223,0.9999410138382904,1.0,0.2333452936251644,0.3953840732574463,0.16332184,0.196471882,Correlation,Correlation,Correlation
exact_M-of-N,no_discretization,lung,2,0.1474223494359623,0.1513405043239842,5,7.0,1.4,0.9999999999999988,1.0,0.4613562970936491,0.4540905952453613,0.205729551,0.1596317649999999,Correlation,Correlation,Correlation
