time,probability
2.0,0.9230769230769231
19.0,0.8461538461538461
20.0,0.7692307692307692
38.0,0.6923076923076923
41.0,0.6153846153846153
116.0,0.5384615384615384
143.0,0.4615384615384615
250.0,0.4615384615384615
413.0,0.4615384615384615
509.0,0.34615384615384615
522.0,0.23076923076923075
579.0,0.23076923076923075
1126.0,0.23076923076923075
