time,probability
2.0,0.9473684210526315
5.0,0.9473684210526315
6.0,0.9473684210526315
19.0,0.888157894736842
20.0,0.8289473684210525
38.0,0.769736842105263
41.0,0.7105263157894737
116.0,0.6513157894736842
143.0,0.5921052631578947
161.0,0.5328947368421052
244.0,0.4736842105263157
285.0,0.4736842105263157
347.0,0.4736842105263157
390.0,0.3947368421052631
413.0,0.3947368421052631
418.0,0.3947368421052631
522.0,0.26315789473684204
579.0,0.26315789473684204
1126.0,0.26315789473684204
