time,probability
691.0,1.0
1067.0,1.0
1072.0,1.0
1097.0,1.0
1103.0,1.0
1119.0,1.0
1129.0,1.0
1150.0,1.0
1168.0,0.96
1170.0,0.96
1223.0,0.96
1236.0,0.96
1328.0,0.96
1329.0,0.96
1343.0,0.96
1462.0,0.9066666666666666
1560.0,0.9066666666666666
1639.0,0.9066666666666666
1680.0,0.9066666666666666
1899.0,0.9066666666666666
1925.0,0.9066666666666666
2149.0,0.9066666666666666
2403.0,0.9066666666666666
2537.0,0.9066666666666666
2716.0,0.9066666666666666
2844.0,0.9066666666666666
2855.0,0.9066666666666666
3021.0,0.9066666666666666
3231.0,0.9066666666666666
3468.0,0.9066666666666666
3492.0,0.9066666666666666
3527.0,0.9066666666666666
4062.0,0.9066666666666666
