time,probability
43.0,0.9333333333333333
94.0,0.8666666666666667
111.0,0.8
221.0,0.7333333333333334
359.0,0.6666666666666667
466.0,0.6000000000000001
489.0,0.5333333333333334
597.0,0.4666666666666668
703.0,0.4000000000000001
727.0,0.3333333333333334
785.0,0.2666666666666668
791.0,0.20000000000000007
1086.0,0.20000000000000007
1419.0,0.20000000000000007
2635.0,0.20000000000000007
