time,probability
10.0,0.6666666666666666
11.0,0.3333333333333333
15.0,0.0
