time,probability
19.0,0.8571428571428571
42.0,0.7142857142857143
60.0,0.5714285714285715
136.0,0.4285714285714286
335.0,0.2857142857142857
996.0,0.14285714285714285
1838.0,0.14285714285714285
