time,probability
48.0,0.8333333333333334
64.0,0.6666666666666667
117.0,0.5
191.0,0.3333333333333333
224.0,0.16666666666666666
534.0,0.0
