time,probability
115.0,0.8333333333333334
137.0,0.6666666666666667
174.0,0.5
335.0,0.3333333333333333
413.0,0.16666666666666666
754.0,0.16666666666666666
