time,probability
35.0,0.9090909090909091
274.0,0.8181818181818181
317.0,0.7272727272727272
540.0,0.7272727272727272
552.0,0.7272727272727272
554.0,0.7272727272727272
555.0,0.7272727272727272
567.0,0.7272727272727272
576.0,0.7272727272727272
1172.0,0.7272727272727272
