time,probability
458.0,0.8333333333333334
549.0,0.8333333333333334
575.0,0.8333333333333334
578.0,0.8333333333333334
589.0,0.8333333333333334
603.0,0.8333333333333334
