time,probability
102.0,0.8571428571428571
144.0,0.7142857142857143
503.0,0.7142857142857143
538.0,0.7142857142857143
593.0,0.7142857142857143
655.0,0.7142857142857143
805.0,0.7142857142857143
