time,probability
199.0,0.8333333333333334
540.0,0.8333333333333334
548.0,0.8333333333333334
567.0,0.8333333333333334
