time,probability
76.0,0.9642857142857143
155.0,0.9285714285714285
159.0,0.8928571428571428
190.0,0.8571428571428571
244.0,0.8214285714285714
259.0,0.7857142857142857
408.0,0.75
545.0,0.75
546.0,0.75
547.0,0.75
548.0,0.75
551.0,0.75
557.0,0.75
560.0,0.75
567.0,0.75
578.0,0.75
587.0,0.75
597.0,0.75
598.0,0.75
603.0,0.75
621.0,0.75
630.0,0.75
659.0,0.75
734.0,0.75
762.0,0.75
