{
  "closed": "right",
  "cut_points": {
    "mcv": [
      65.0,
      87.0,
      89.0,
      91.0,
      93.0,
      103.0
    ],
    "alkphos": [
      23.0,
      56.0,
      63.0,
      72.0,
      84.0,
      138.0
    ],
    "sgpt": [
      4.0,
      18.0,
      23.0,
      28.400000000000006,
      37.0,
      155.0
    ],
    "sgot": [
      5.0,
      18.0,
      21.0,
      25.0,
      29.0,
      82.0
    ],
    "gammagt": [
      5.0,
      14.0,
      20.0,
      31.0,
      53.0,
      297.0
    ],
    "drinks": [
      0.0,
      0.5,
      1.6000000000000085,
      4.0,
      6.0,
      16.0
    ]
  }
}