time,probability
1.0,0.8181818181818182
2.0,0.6363636363636365
3.0,0.5151515151515152
4.0,0.45454545454545464
5.0,0.42424242424242437
7.0,0.3636363636363637
8.0,0.3030303030303031
10.0,0.2727272727272728
12.0,0.2424242424242425
15.0,0.15151515151515155
48.0,0.12121212121212124
234.0,0.09090909090909094
350.0,0.06060606060606062
409.0,0.03030303030303031
1647.0,0.03030303030303031
