time,probability
18.0,0.9882352941176471
95.0,0.9764705882352942
297.0,0.9647058823529412
371.0,0.9647058823529412
397.0,0.9647058823529412
407.0,0.9647058823529412
411.0,0.9647058823529412
418.0,0.9647058823529412
422.0,0.9647058823529412
427.0,0.9647058823529412
433.0,0.9647058823529412
442.0,0.9647058823529412
445.0,0.9647058823529412
446.0,0.9647058823529412
459.0,0.9647058823529412
466.0,0.9647058823529412
475.0,0.9647058823529412
507.0,0.9647058823529412
521.0,0.9647058823529412
544.0,0.9647058823529412
589.0,0.9647058823529412
1048.0,0.9493930905695611
1102.0,0.9493930905695611
1105.0,0.9493930905695611
1106.0,0.9493930905695611
1108.0,0.9493930905695611
1114.0,0.9493930905695611
1123.0,0.9493930905695611
1140.0,0.9493930905695611
1159.0,0.9318117370404952
1163.0,0.9318117370404952
1189.0,0.9318117370404952
1196.0,0.9318117370404952
1203.0,0.9318117370404952
1207.0,0.9318117370404952
1232.0,0.9318117370404952
1248.0,0.9318117370404952
1253.0,0.9318117370404952
1256.0,0.9318117370404952
1257.0,0.9318117370404952
1265.0,0.9318117370404952
1272.0,0.9318117370404952
1290.0,0.9318117370404952
1314.0,0.9318117370404952
1319.0,0.9318117370404952
1320.0,0.9318117370404952
1346.0,0.9318117370404952
1353.0,0.9318117370404952
1365.0,0.9318117370404952
1366.0,0.9318117370404952
1377.0,0.9035750177362378
1381.0,0.9035750177362378
1390.0,0.9035750177362378
1408.0,0.9035750177362378
1409.0,0.9035750177362378
1433.0,0.9035750177362378
1438.0,0.9035750177362378
1444.0,0.9035750177362378
1449.0,0.9035750177362378
1454.0,0.9035750177362378
1456.0,0.9035750177362378
1458.0,0.9035750177362378
1496.0,0.8605476359392741
1847.0,0.8605476359392741
1858.0,0.8605476359392741
1883.0,0.8605476359392741
1899.0,0.8605476359392741
1923.0,0.8605476359392741
1931.0,0.8605476359392741
1934.0,0.8605476359392741
1942.0,0.8605476359392741
1979.0,0.8605476359392741
2048.0,0.8605476359392741
2057.0,0.8605476359392741
2086.0,0.8605476359392741
2122.0,0.8605476359392741
2131.0,0.8605476359392741
2146.0,0.8605476359392741
2151.0,0.8605476359392741
2173.0,0.8605476359392741
2190.0,0.8605476359392741
2350.0,0.43027381796963704
2353.0,0.0
