time,probability
1.0,0.9615384615384616
2.0,0.9423076923076923
4.0,0.923076923076923
5.0,0.9038461538461537
6.0,0.8846153846153845
7.0,0.846153846153846
10.0,0.8269230769230769
11.0,0.8076923076923076
14.0,0.7884615384615383
19.0,0.769230769230769
20.0,0.7499999999999998
22.0,0.7307692307692305
26.0,0.7115384615384613
52.0,0.6923076923076922
100.0,0.6730769230769229
108.0,0.6538461538461536
169.0,0.6346153846153844
259.0,0.6153846153846152
274.0,0.5961538461538459
287.0,0.5769230769230768
359.0,0.5576923076923075
407.0,0.5576923076923075
419.0,0.5377747252747251
473.0,0.5178571428571427
544.0,0.5178571428571427
552.0,0.49714285714285694
578.0,0.49714285714285694
646.0,0.47552795031055883
659.0,0.47552795031055883
1065.0,0.45288376220053217
1123.0,0.45288376220053217
1136.0,0.42904777471629363
1159.0,0.4052117872320551
1165.0,0.38137579974781655
1174.0,0.357539812263578
1224.0,0.357539812263578
1234.0,0.357539812263578
1314.0,0.357539812263578
1408.0,0.357539812263578
1456.0,0.357539812263578
1548.0,0.3217858310372202
1671.0,0.2860318498108624
1939.0,0.2860318498108624
1954.0,0.2860318498108624
1955.0,0.2860318498108624
2009.0,0.2860318498108624
2061.0,0.2860318498108624
2066.0,0.2860318498108624
2166.0,0.2860318498108624
2353.0,0.0
