{
  "closed": "right",
  "cut_points": {
    "AGE": [
      7.0,
      30.6,
      37.0,
      44.0,
      52.0,
      78.0
    ],
    "BILIRUBIN": [
      0.3,
      0.7,
      1.0,
      1.1462184873949581,
      1.7,
      8.0
    ],
    "ALK_PHOSPHATE": [
      26.0,
      75.0,
      85.0,
      101.31372549019608,
      135.0,
      295.0
    ],
    "SGOT": [
      14.0,
      30.0,
      52.0,
      69.0,
      121.20000000000002,
      648.0
    ],
    "ALBUMIN": [
      2.1,
      3.1518518518518515,
      3.8200000000000003,
      4.0,
      4.2,
      6.4
    ],
    "PROTIME": [
      0.0,
      43.5,
      63.60000000000001,
      66.57142857142857,
      68.20000000000002,
      100.0
    ]
  }
}