time,probability
68.0,0.8571428571428571
942.0,0.8571428571428571
1006.0,0.8571428571428571
1214.0,0.8571428571428571
2105.0,0.8571428571428571
2354.0,0.8571428571428571
2525.0,0.8571428571428571
