time,probability
41.0,0.8888888888888888
48.0,0.7777777777777777
53.0,0.6666666666666665
56.0,0.5555555555555555
90.0,0.4444444444444444
117.0,0.3333333333333333
214.0,0.2222222222222222
534.0,0.1111111111111111
2105.0,0.1111111111111111
