time,probability
137.0,0.8333333333333334
280.0,0.6666666666666667
519.0,0.5
548.0,0.5
556.0,0.5
659.0,0.0
