time,probability
35.0,0.9583333333333334
40.0,0.9166666666666667
87.0,0.8750000000000001
161.0,0.8333333333333334
164.0,0.7916666666666666
175.0,0.7499999999999999
215.0,0.7083333333333333
268.0,0.6666666666666666
282.0,0.625
313.0,0.5833333333333334
317.0,0.5416666666666667
354.0,0.45833333333333337
398.0,0.4166666666666667
434.0,0.375
540.0,0.375
549.0,0.375
551.0,0.375
556.0,0.375
560.0,0.375
568.0,0.375
633.0,0.375
655.0,0.375
708.0,0.375
