time,probability
1.0,0.7777777777777778
2.0,0.6111111111111112
3.0,0.5000000000000001
4.0,0.44444444444444453
5.0,0.38888888888888895
7.0,0.33333333333333337
8.0,0.27777777777777785
15.0,0.1666666666666667
28.0,0.11111111111111113
48.0,0.055555555555555566
68.0,0.0
