model_type,variant,dataset,M-of-N count,integrated_brier_score (train),integrated_brier_score (test),rules,conditions_count,avg conditions per rule,avg rule quality,avg rule precision,avg rule coverage,training time total (s),training time growing (s),training time pruning (s),induction measure,pruning measure,voting measure
exact_M-of-N,no_discretization,whas1,0,0.2254315671161401,0.2602621361913841,2,2.0,1.0,1.0,1.0,0.5,0.030135154724121,0.009439554,0.004294911,Correlation,Correlation,Correlation
exact_M-of-N,no_discretization,whas1,0,0.2191262564895642,0.2939096457858879,2,2.0,1.0,1.0,1.0,0.5207852193995381,0.1124994754791259,0.0615767049999999,0.007442074,Correlation,Correlation,Correlation
exact_M-of-N,no_discretization,whas1,1,0.218486547443545,0.2170504309537447,5,13.0,2.6,0.9928178874516522,1.0,0.2711316397228637,17.07514786720276,12.654664366,0.174558822,Correlation,Correlation,Correlation
exact_M-of-N,no_discretization,whas1,3,0.2032752156355682,0.16376026833699,7,22.0,3.142857142857143,0.9989052057636696,1.0,0.2378752886836028,78.22849726676941,69.662075041,1.662545633,Correlation,Correlation,Correlation
exact_M-of-N,no_discretization,whas1,2,0.2191941342647495,0.2480616976042947,3,6.0,2.0,1.0,1.0,0.3456505003849114,0.2383568286895752,0.1058639369999999,0.024061908,Correlation,Correlation,Correlation
exact_M-of-N,no_discretization,whas1,7,0.2183201004884467,0.2225836564083744,8,26.0,3.25,0.9922787893102598,1.0,0.2907043879907621,47.49260687828064,41.258041274,1.673546199,Correlation,Correlation,Correlation
exact_M-of-N,no_discretization,whas1,1,0.2133198411469509,0.1398346774666621,4,5.0,1.25,0.9999948662016316,1.0,0.4467592592592593,21.314305543899536,17.696648075,0.88408869,Correlation,Correlation,Correlation
exact_M-of-N,no_discretization,whas1,1,0.2247398448883783,0.2126846548379766,4,4.0,1.0,1.0,1.0,0.687066974595843,0.1179139614105224,0.060150799,0.011313372,Correlation,Correlation,Correlation
exact_M-of-N,no_discretization,whas1,2,0.2210092337119843,0.2096891247830798,5,9.0,1.8,0.9999999999999049,1.0,0.5584295612009237,1.0358519554138184,0.666042634,0.060891513,Correlation,Correlation,Correlation
