time,probability
14.740589,1.0
15.586585,1.0
