time,probability
0.539357,0.9166666666666666
0.577687,0.8333333333333333
0.807666,0.75
1.297741,0.6666666666666666
1.330595,0.5833333333333333
3.767283,0.4999999999999999
4.13963,0.4166666666666666
5.448323,0.33333333333333326
11.731691,0.24999999999999994
13.333333,0.16666666666666663
15.964408,0.08333333333333331
19.816564,0.0
