time,probability
1.05681,0.75
3.504449,0.75
14.740589,0.75
15.586585,0.75
