time,probability
5.404517,1.0
5.46475,1.0
5.938398,1.0
6.483231,1.0
