time,probability
7.216975,1.0
9.122519,0.0
