time,probability
0.002738,0.875
0.186174,0.75
0.501027,0.625
1.659138,0.5
2.053388,0.375
4.533881,0.25
14.926762,0.125
25.927447,0.125
