time,probability
3.646817,1.0
3.871321,0.0
