time,probability
30.0,0.9375
1499.0,0.9375
1641.0,0.9375
1839.0,0.9375
1927.0,0.9375
2007.0,0.9375
2028.0,0.9375
2059.0,0.9375
2075.0,0.9375
2103.0,0.8035714285714285
2787.0,0.8035714285714285
2984.0,0.8035714285714285
3079.0,0.8035714285714285
3402.0,0.8035714285714285
3459.0,0.8035714285714285
3830.0,0.8035714285714285
