{
  "closed": "right",
  "cut_points": {
    "carbon": [
      0.0
    ],
    "hardness": [
      0.0,
      80.0
    ],
    "strength": [
      375.0,
      450.0,
      500.0
    ],
    "thick": [
      0.5,
      0.6004999876022339,
      0.800000011920929,
      0.8999999761581421,
      1.25,
      1.5994999408721924,
      1.6009999513626099,
      2.0999999046325684
    ],
    "width": [
      1025.0,
      1110.0,
      1167.5,
      1220.0,
      1410.050048828125
    ],
    "len": [
      0.5
    ]
  }
}