{
  "closed": "right",
  "cut_points": {
    "area": [
      0.0,
      1.0,
      45.80000000000001,
      202.39999999999986,
      761.8000000000001,
      9976.0
    ],
    "population": [
      0.0,
      2.0,
      7.0,
      16.0,
      1008.0
    ],
    "bars": [
      0.0,
      5.0
    ],
    "stripes": [
      0.0,
      2.0,
      3.0,
      14.0
    ],
    "colours": [
      1.0,
      3.0,
      4.0,
      8.0
    ],
    "circles": [
      0.0,
      2.0
    ],
    "crosses": [
      0.0,
      2.0
    ],
    "saltires": [
      0.0,
      1.0
    ],
    "quarters": [
      0.0,
      1.0
    ],
    "sunstars": [
      0.0,
      1.0,
      50.0
    ]
  }
}