time,probability
6.0,0.9444444444444444
368.0,0.9444444444444444
398.0,0.9444444444444444
412.0,0.9444444444444444
440.0,0.9444444444444444
445.0,0.9444444444444444
446.0,0.9444444444444444
466.0,0.9444444444444444
516.0,0.9444444444444444
1106.0,0.9444444444444444
1196.0,0.9444444444444444
1266.0,0.9444444444444444
1444.0,0.9444444444444444
1847.0,0.9444444444444444
1883.0,0.9444444444444444
2025.0,0.9444444444444444
2123.0,0.9444444444444444
2168.0,0.9444444444444444
