time,probability
41.0,0.9411764705882353
51.0,0.8823529411764706
110.0,0.8235294117647058
130.0,0.7647058823529411
131.0,0.7058823529411765
140.0,0.6470588235294118
179.0,0.5882352941176471
191.0,0.5294117647058824
223.0,0.47058823529411764
334.0,0.4117647058823529
388.0,0.3529411764705882
549.0,0.29411764705882354
859.0,0.23529411764705885
971.0,0.17647058823529413
1217.0,0.11764705882352941
1320.0,0.11764705882352941
3428.0,0.0
