{
  "closed": "right",
  "cut_points": {
    "RI": [],
    "Na": [
      13.78499984741211
    ],
    "Mg": [
      2.5850000381469727
    ],
    "Al": [
      1.3899999856948853,
      1.7899999618530273
    ],
    "Si": [],
    "'K'": [
      0.054999999701976776
    ],
    "Ca": [
      10.074999809265137
    ],
    "Ba": [
      0.33500000834465027
    ],
    "Fe": []
  }
}