{
  "closed": "right",
  "cut_points": {
    "mpg": [
      16.100000381469727,
      21.0,
      30.950000762939453
    ],
    "displacement": [
      98.0,
      106.0,
      134.5,
      140.5,
      190.5
    ],
    "horsepower": [
      78.0,
      134.0
    ],
    "weight": [
      2379.5,
      2945.0,
      3276.0
    ],
    "acceleration": [
      13.5,
      19.450000762939453
    ]
  }
}