time,probability
41.0,0.9444444444444444
51.0,0.8888888888888888
110.0,0.8333333333333333
130.0,0.7777777777777777
131.0,0.7222222222222222
140.0,0.6666666666666667
179.0,0.6111111111111112
191.0,0.5555555555555556
223.0,0.5
264.0,0.4444444444444444
334.0,0.38888888888888884
388.0,0.33333333333333326
400.0,0.27777777777777773
859.0,0.2222222222222222
1217.0,0.16666666666666666
1320.0,0.16666666666666666
1434.0,0.08333333333333333
3428.0,0.0
