time,probability
31.0,0.8571428571428571
35.0,0.7142857142857143
41.0,0.5714285714285715
48.0,0.4285714285714286
90.0,0.2857142857142857
214.0,0.14285714285714285
385.0,0.0
