time,probability
19.0,0.9166666666666666
67.0,0.8333333333333333
102.0,0.75
115.0,0.6666666666666666
147.0,0.5833333333333333
163.0,0.4999999999999999
174.0,0.4166666666666666
200.0,0.33333333333333326
576.0,0.24999999999999994
672.0,0.16666666666666663
849.0,0.08333333333333331
1074.0,0.08333333333333331
