time,probability
6.0,0.8571428571428571
10.0,0.7142857142857143
11.0,0.5714285714285715
15.0,0.4285714285714286
26.0,0.2857142857142857
45.0,0.14285714285714285
849.0,0.0
