time,probability
5.0,0.95
7.0,0.8999999999999999
10.0,0.7999999999999998
14.0,0.7499999999999998
19.0,0.6999999999999998
135.0,0.6499999999999999
146.0,0.6
187.0,0.5499999999999999
312.0,0.49999999999999994
419.0,0.44999999999999996
903.0,0.3999999999999999
1054.0,0.3499999999999999
1140.0,0.3499999999999999
1159.0,0.29166666666666663
1189.0,0.29166666666666663
1224.0,0.29166666666666663
1456.0,0.29166666666666663
1939.0,0.29166666666666663
2114.0,0.29166666666666663
