time,probability
5.0,0.9473684210526315
7.0,0.894736842105263
10.0,0.8421052631578946
17.0,0.7894736842105262
57.0,0.7368421052631579
109.0,0.6842105263157895
129.0,0.6315789473684211
140.0,0.5789473684210527
169.0,0.5263157894736842
359.0,0.47368421052631576
399.0,0.47368421052631576
419.0,0.41447368421052627
646.0,0.3552631578947368
903.0,0.29605263157894735
1152.0,0.23684210526315788
1159.0,0.17763157894736842
1224.0,0.17763157894736842
1456.0,0.17763157894736842
1939.0,0.17763157894736842
