{
  "closed": "right",
  "cut_points": {
    "mcg": [
      0.5699999928474426,
      0.7599999904632568
    ],
    "gvh": [
      0.5600000023841858
    ],
    "lip": [
      0.47999998927116394
    ],
    "chg": [],
    "aac": [
      0.5699999928474426,
      0.7149999737739563
    ],
    "alm1": [
      0.38999998569488525,
      0.5799999833106995
    ],
    "alm2": [
      0.6150000095367432
    ]
  }
}