{
  "closed": "right",
  "cut_points": {
    "mcg": [
      0.4449999928474426,
      0.5699999928474426,
      0.7799999713897705
    ],
    "gvh": [
      0.5600000023841858
    ],
    "lip": [
      0.47999998927116394
    ],
    "chg": [],
    "aac": [
      0.5099999904632568,
      0.7149999737739563
    ],
    "alm1": [
      0.35499998927116394,
      0.5899999737739563
    ],
    "alm2": [
      0.6150000095367432
    ]
  }
}