{
  "closed": "right",
  "cut_points": {
    "RI": [
      1.51115,
      1.51641,
      1.517354,
      1.518036,
      1.519906,
      1.53125
    ],
    "Na": [
      10.73,
      12.86,
      13.19,
      13.452,
      14.008,
      17.38
    ],
    "Mg": [
      0.0,
      0.4200000000000013,
      3.39,
      3.54,
      3.628,
      3.98
    ],
    "Al": [
      0.29,
      1.152,
      1.29,
      1.486,
      1.7560000000000002,
      3.5
    ],
    "Si": [
      69.81,
      72.148,
      72.67,
      72.95,
      73.136,
      75.41
    ],
    "'K'": [
      0.0,
      0.08,
      0.5040000000000001,
      0.57,
      0.6380000000000001,
      6.21
    ],
    "Ca": [
      5.43,
      8.12,
      8.484,
      8.776,
      9.564,
      14.96
    ],
    "Ba": [
      0.0,
      3.15
    ],
    "Fe": [
      0.0,
      0.11,
      0.51
    ]
  }
}