time,probability
43.0,0.8571428571428571
426.0,0.8571428571428571
562.0,0.8571428571428571
697.0,0.8571428571428571
1412.0,0.8571428571428571
1446.0,0.8571428571428571
1519.0,0.0
