{
  "closed": "right",
  "cut_points": {
    "age": [
      54.0
    ],
    "trestbps": [],
    "chol": [],
    "thalach": [
      147.5
    ],
    "oldpeak": [
      1.600000023841858
    ],
    "ca": [
      0.6366459727287292
    ]
  }
}