time,probability
0.5,0.9444444444444444
31.0,0.8888888888888888
174.0,0.8333333333333333
277.0,0.7777777777777777
365.0,0.7222222222222222
499.0,0.6666666666666667
638.0,0.6111111111111112
791.0,0.5555555555555556
845.0,0.5
1625.0,0.4444444444444444
2099.0,0.38888888888888884
2400.0,0.33333333333333326
2422.0,0.27777777777777773
2587.0,0.2222222222222222
2860.0,0.16666666666666666
3167.0,0.1111111111111111
3932.0,0.05555555555555555
6143.0,0.0
