{
  "closed": "right",
  "cut_points": {
    "mcg": [
      0.0,
      0.31,
      0.43,
      0.6,
      0.69,
      0.89
    ],
    "gvh": [
      0.16,
      0.38,
      0.44,
      0.51,
      0.6,
      0.9
    ],
    "lip": [
      0.48,
      1.0
    ],
    "chg": [
      0.5,
      1.0
    ],
    "aac": [
      0.0,
      0.41,
      0.47,
      0.52,
      0.59,
      0.88
    ],
    "alm1": [
      0.03,
      0.3,
      0.39,
      0.5359999999999999,
      0.75,
      1.0
    ],
    "alm2": [
      0.0,
      0.33,
      0.3940000000000001,
      0.5,
      0.7480000000000001,
      0.99
    ]
  }
}