time,probability
11.0,0.8571428571428571
15.0,0.7142857142857143
19.0,0.5714285714285715
59.0,0.4285714285714286
149.0,0.2857142857142857
435.0,0.14285714285714285
745.0,0.0
