time,probability
236.0,0.9230769230769231
671.0,0.9230769230769231
914.0,0.9230769230769231
1138.0,0.9230769230769231
1301.0,0.9230769230769231
1432.0,0.9230769230769231
1679.0,0.9230769230769231
1895.0,0.9230769230769231
1958.0,0.9230769230769231
2043.0,0.9230769230769231
2231.0,0.9230769230769231
2279.0,0.9230769230769231
2926.0,0.9230769230769231
