{
  "closed": "right",
  "cut_points": {
    "survival": [
      0.25,
      2.0,
      17.0,
      26.200000000000003,
      35.60000000000001,
      57.0
    ],
    "age-at-heart-attack": [
      35.0,
      57.0,
      61.10588235294118,
      64.0,
      69.60000000000001,
      86.0
    ],
    "fractional-shortening": [
      0.01,
      0.14,
      0.1780512820512821,
      0.23805882352941177,
      0.29,
      0.51
    ],
    "epss": [
      0.0,
      6.6,
      9.7,
      12.070400000000001,
      16.46,
      40.0
    ],
    "lvdd": [
      2.32,
      4.194,
      4.5680000000000005,
      5.0902722222222225,
      5.418,
      6.78
    ],
    "wall-motion-score": [
      5.0,
      11.0,
      13.0,
      14.0,
      17.698,
      39.0
    ],
    "wall-motion-index": [
      1.0,
      1.14,
      1.371,
      1.6688,
      3.0
    ],
    "mult": [
      0.14,
      0.643,
      0.785,
      0.8210000000000002,
      0.857,
      1.003
    ],
    "group": [
      1.0,
      1.7625538020086085,
      2.0
    ]
  }
}