{
  "closed": "right",
  "cut_points": {
    "age": [
      29.0,
      45.400000000000006,
      52.80000000000001,
      58.0,
      62.0,
      77.0
    ],
    "resting_blood_pressure": [
      94.0,
      118.0,
      125.0,
      132.39999999999998,
      142.0,
      200.0
    ],
    "serum_cholestoral": [
      126.0,
      207.8,
      233.8,
      258.2,
      288.6,
      564.0
    ],
    "maximum_heart_rate_achieved": [
      71.0,
      127.4,
      146.0,
      160.0,
      170.0,
      202.0
    ],
    "oldpeak": [
      0.0,
      0.38000000000000117,
      1.019999999999999,
      1.8600000000000023,
      5.6
    ],
    "slope": [
      1.0,
      2.0,
      3.0
    ],
    "number_of_major_vessels": [
      0.0,
      1.0,
      3.0
    ]
  }
}