{
  "closed": "right",
  "cut_points": {
    "carbon": [
      3.5
    ],
    "hardness": [
      0.0,
      80.0
    ],
    "strength": [
      375.0,
      450.0,
      500.0
    ],
    "thick": [
      0.4754999876022339,
      0.6000000238418579,
      0.800000011920929,
      0.8004999756813049,
      1.5989999771118164,
      1.5994999408721924,
      2.0,
      2.0999999046325684
    ],
    "width": [
      1167.5,
      1220.0,
      1410.050048828125
    ],
    "len": [
      0.0
    ]
  }
}