time,probability
1003.0,0.9285714285714286
1036.0,0.8571428571428572
1042.0,0.7857142857142857
1046.0,0.7142857142857143
1065.0,0.6428571428571429
1076.0,0.5714285714285714
1522.0,0.5
2796.0,0.42857142857142855
2862.0,0.42857142857142855
3313.0,0.34285714285714286
3933.0,0.34285714285714286
5189.0,0.22857142857142856
5837.0,0.11428571428571428
5980.0,0.11428571428571428
