time,probability
12.0,0.9333333333333333
13.0,0.8666666666666667
26.0,0.8
54.0,0.7333333333333334
59.0,0.6666666666666667
93.0,0.6000000000000001
95.0,0.5333333333333334
105.0,0.5333333333333334
122.0,0.4571428571428572
153.0,0.380952380952381
163.0,0.3047619047619048
201.0,0.2285714285714286
222.0,0.1523809523809524
351.0,0.0761904761904762
511.0,0.0761904761904762
