time,probability
1064.0,0.6666666666666666
1065.0,0.3333333333333333
4154.0,0.0
