time,probability
1064.0,0.8571428571428571
1076.0,0.7142857142857143
1522.0,0.5714285714285715
1781.0,0.4285714285714286
2247.0,0.2857142857142857
3059.0,0.14285714285714285
4899.0,0.0
