time,probability
1003.0,0.9090909090909091
1038.0,0.8181818181818181
1042.0,0.7272727272727272
1075.0,0.6363636363636362
1076.0,0.5454545454545453
1181.0,0.4545454545454544
2796.0,0.36363636363636354
3313.0,0.27272727272727265
3433.0,0.18181818181818177
4867.0,0.18181818181818177
5980.0,0.18181818181818177
