{
  "closed": "right",
  "cut_points": {
    "attribute_1": [
      0.0015,
      0.012520000000000002,
      0.0201,
      0.026959999999999998,
      0.037380000000000004,
      0.1371
    ],
    "attribute_2": [
      0.0006,
      0.01288,
      0.0222,
      0.03734,
      0.055360000000000006,
      0.2339
    ],
    "attribute_3": [
      0.0015,
      0.01672,
      0.028440000000000003,
      0.042019999999999995,
      0.06287999999999999,
      0.3059
    ],
    "attribute_4": [
      0.0058,
      0.022740000000000003,
      0.03584,
      0.05186,
      0.07812000000000001,
      0.4264
    ],
    "attribute_5": [
      0.0076,
      0.034480000000000004,
      0.05226,
      0.07504,
      0.11524000000000004,
      0.401
    ],
    "attribute_6": [
      0.0102,
      0.057980000000000004,
      0.08068,
      0.10576,
      0.14908,
      0.3823
    ],
    "attribute_7": [
      0.013,
      0.07166,
      0.097,
      0.12514,
      0.16566000000000003,
      0.3729
    ],
    "attribute_8": [
      0.0055,
      0.0693,
      0.09963999999999999,
      0.12891999999999998,
      0.18916000000000008,
      0.459
    ],
    "attribute_9": [
      0.0075,
      0.08446000000000001,
      0.13032000000000002,
      0.17326,
      0.25438,
      0.6587
    ],
    "attribute_10": [
      0.0113,
      0.09266,
      0.14938,
      0.21431999999999998,
      0.28652000000000005,
      0.7106
    ],
    "attribute_11": [
      0.0289,
      0.11122,
      0.17930000000000001,
      0.24789999999999998,
      0.31638000000000005,
      0.7342
    ],
    "attribute_12": [
      0.0236,
      0.11002,
      0.20044,
      0.27202,
      0.34754,
      0.706
    ],
    "attribute_13": [
      0.0184,
      0.15006,
      0.22494,
      0.28828,
      0.36916000000000004,
      0.7131
    ],
    "attribute_14": [
      0.0273,
      0.14176000000000002,
      0.22991999999999999,
      0.3087,
      0.40328,
      0.8198
    ],
    "attribute_15": [
      0.0031,
      0.12828,
      0.20762000000000003,
      0.33238,
      0.4989,
      1.0
    ],
    "attribute_16": [
      0.0162,
      0.16920000000000002,
      0.23944000000000001,
      0.38908,
      0.5551,
      0.9988
    ],
    "attribute_17": [
      0.0349,
      0.18210000000000004,
      0.25830000000000003,
      0.40032,
      0.6846000000000001,
      1.0
    ],
    "attribute_18": [
      0.0375,
      0.22068000000000002,
      0.296,
      0.44689999999999996,
      0.71096,
      1.0
    ],
    "attribute_19": [
      0.0494,
      0.26914,
      0.37420000000000003,
      0.5456799999999999,
      0.7770800000000001,
      1.0
    ],
    "attribute_20": [
      0.0656,
      0.31644000000000005,
      0.45524,
      0.6723,
      0.8369,
      1.0
    ],
    "attribute_21": [
      0.0512,
      0.35116,
      0.5364800000000001,
      0.7341599999999999,
      0.8528600000000001,
      1.0
    ],
    "attribute_22": [
      0.0219,
      0.37496,
      0.59658,
      0.75298,
      0.8639399999999999,
      1.0
    ],
    "attribute_23": [
      0.0563,
      0.42212000000000005,
      0.62636,
      0.7845000000000001,
      0.87494,
      1.0
    ],
    "attribute_24": [
      0.0239,
      0.48624,
      0.64434,
      0.76334,
      0.91018,
      1.0
    ],
    "attribute_25": [
      0.024,
      0.48796,
      0.6698999999999999,
      0.79462,
      0.90642,
      1.0
    ],
    "attribute_26": [
      0.1543,
      0.51446,
      0.67946,
      0.82666,
      0.9274800000000002,
      1.0
    ],
    "attribute_27": [
      0.0874,
      0.47906000000000004,
      0.6709600000000001,
      0.84822,
      0.94424,
      1.0
    ],
    "attribute_28": [
      0.0284,
      0.49844,
      0.6564000000000001,
      0.8021,
      0.91828,
      1.0
    ],
    "attribute_29": [
      0.0144,
      0.44034,
      0.56096,
      0.7612,
      0.87144,
      1.0
    ],
    "attribute_30": [
      0.0613,
      0.38242,
      0.5229,
      0.63846,
      0.77134,
      1.0
    ],
    "attribute_31": [
      0.0482,
      0.30406000000000005,
      0.42788000000000004,
      0.55474,
      0.70342,
      0.9657
    ],
    "attribute_32": [
      0.0404,
      0.24678,
      0.34548000000000006,
      0.48219999999999996,
      0.6321599999999999,
      0.9306
    ],
    "attribute_33": [
      0.0507,
      0.21668,
      0.33246000000000003,
      0.45768,
      0.59768,
      1.0
    ],
    "attribute_34": [
      0.0212,
      0.19994,
      0.30118,
      0.41272,
      0.61936,
      0.9647
    ],
    "attribute_35": [
      0.0223,
      0.15696000000000002,
      0.27546,
      0.39899999999999997,
      0.6487800000000001,
      1.0
    ],
    "attribute_36": [
      0.008,
      0.14052,
      0.23452,
      0.43421999999999994,
      0.6692,
      1.0
    ],
    "attribute_37": [
      0.0351,
      0.13962000000000002,
      0.24942000000000003,
      0.40354,
      0.5891400000000001,
      0.9497
    ],
    "attribute_38": [
      0.0383,
      0.16584000000000002,
      0.24192000000000002,
      0.35781999999999997,
      0.47912000000000005,
      0.948
    ],
    "attribute_39": [
      0.0407,
      0.16666,
      0.23720000000000002,
      0.3374,
      0.4983000000000001,
      0.9857
    ],
    "attribute_40": [
      0.0202,
      0.1594,
      0.24986,
      0.32517999999999997,
      0.46624000000000027,
      0.9297
    ],
    "attribute_41": [
      0.0386,
      0.14954,
      0.23024,
      0.3015,
      0.43370000000000003,
      0.8995
    ],
    "attribute_42": [
      0.0056,
      0.13868000000000003,
      0.20896000000000003,
      0.28256,
      0.4155400000000001,
      0.8246
    ],
    "attribute_43": [
      0.0,
      0.1315,
      0.19048,
      0.25636,
      0.3517,
      0.7733
    ],
    "attribute_44": [
      0.0,
      0.11312,
      0.16247999999999999,
      0.20342,
      0.30164,
      0.7762
    ],
    "attribute_45": [
      0.0,
      0.08956,
      0.13064,
      0.17915999999999999,
      0.28134,
      0.7034
    ],
    "attribute_46": [
      0.0,
      0.06552000000000001,
      0.10194000000000003,
      0.1639,
      0.22612000000000002,
      0.7292
    ],
    "attribute_47": [
      0.0,
      0.060480000000000006,
      0.08824,
      0.11694,
      0.18034000000000003,
      0.5522
    ],
    "attribute_48": [
      0.0,
      0.041639999999999996,
      0.06924,
      0.09552000000000001,
      0.13426,
      0.3339
    ],
    "attribute_49": [
      0.0,
      0.02412,
      0.03678000000000001,
      0.05282,
      0.07722,
      0.1981
    ],
    "attribute_50": [
      0.0,
      0.009920000000000002,
      0.01544,
      0.02028,
      0.028000000000000004,
      0.0825
    ],
    "attribute_51": [
      0.0,
      0.0066,
      0.011920000000000002,
      0.016399999999999998,
      0.023120000000000005,
      0.1004
    ],
    "attribute_52": [
      0.0008,
      0.0062,
      0.0093,
      0.01316,
      0.01796,
      0.0709
    ],
    "attribute_53": [
      0.0005,
      0.0044,
      0.0071400000000000005,
      0.01116,
      0.015960000000000002,
      0.039
    ],
    "attribute_54": [
      0.001,
      0.0047,
      0.0079,
      0.01126,
      0.015880000000000002,
      0.0352
    ],
    "attribute_55": [
      0.0006,
      0.0036200000000000004,
      0.0062,
      0.0086,
      0.01288,
      0.0447
    ],
    "attribute_56": [
      0.0004,
      0.00392,
      0.0058,
      0.008579999999999997,
      0.0122,
      0.0394
    ],
    "attribute_57": [
      0.0003,
      0.00332,
      0.0052,
      0.0077599999999999995,
      0.011560000000000003,
      0.0355
    ],
    "attribute_58": [
      0.0003,
      0.0031200000000000004,
      0.0049,
      0.0079,
      0.012000000000000005,
      0.044
    ],
    "attribute_59": [
      0.0001,
      0.0031200000000000004,
      0.0053,
      0.007359999999999999,
      0.011,
      0.0332
    ],