{
  "closed": "right",
  "cut_points": {
    "Alcohol": [
      12.770000457763672
    ],
    "Malic_acid": [
      1.4199999570846558,
      2.234999895095825
    ],
    "Ash": [
      2.0299999713897705
    ],
    "Alcalinity_of_ash": [
      18.0
    ],
    "Magnesium": [
      88.5
    ],
    "Total_phenols": [
      1.840000033378601,
      2.3350000381469727
    ],
    "Flavanoids": [
      0.9750000238418579,
      1.5750000476837158,
      2.309999942779541
    ],
    "Nonflavanoid_phenols": [
      0.4000000059604645
    ],
    "Proanthocyanins": [
      1.25
    ],
    "Color_intensity": [
      3.4600000381469727,
      7.550000190734863
    ],
    "Hue": [
      0.7850000262260437,
      0.9800000190734863,
      1.2799999713897705
    ],
    "OD280/OD315_of_diluted_wines": [
      2.059999942779541,
      2.4749999046325684
    ],
    "Proline": [
      468.0,
      755.0,
      985.0
    ]
  }
}