time,probability
1.0,0.9836065573770492
2.0,0.9344262295081966
3.0,0.9180327868852458
4.0,0.901639344262295
6.0,0.8688524590163933
7.0,0.8360655737704916
10.0,0.8196721311475408
11.0,0.80327868852459
14.0,0.7868852459016391
16.0,0.7704918032786883
17.0,0.7540983606557374
19.0,0.7213114754098359
22.0,0.704918032786885
32.0,0.6885245901639342
49.0,0.6721311475409834
57.0,0.6557377049180325
108.0,0.6393442622950817
169.0,0.6229508196721308
192.0,0.60655737704918
287.0,0.5901639344262293
312.0,0.5737704918032784
328.0,0.5573770491803276
358.0,0.5409836065573768
406.0,0.5245901639344259
407.0,0.5245901639344259
419.0,0.5076679005817025
445.0,0.5076679005817025
459.0,0.5076679005817025
506.0,0.5076679005817025
523.0,0.5076679005817025
542.0,0.5076679005817025
552.0,0.4873611845584344
612.0,0.46705446853516636
614.0,0.44674775251189824
646.0,0.4264410364886302
659.0,0.4264410364886302
670.0,0.40511898466419866
673.0,0.3837969328397671
714.0,0.3624748810153356
849.0,0.34115282919090406
865.0,0.3198307773664726
1065.0,0.2985087255420411
1165.0,0.27718667371760963
1174.0,0.27718667371760963
1189.0,0.27718667371760963
1232.0,0.25198788519782694
1265.0,0.25198788519782694
1377.0,0.22398923128695727
1381.0,0.22398923128695727
1454.0,0.22398923128695727
1914.0,0.22398923128695727
1941.0,0.22398923128695727
1969.0,0.22398923128695727
1979.0,0.22398923128695727
2064.0,0.22398923128695727
2083.0,0.22398923128695727
