time,probability
1.0,0.9857142857142858
2.0,0.9571428571428572
3.0,0.9428571428571428
6.0,0.9285714285714286
7.0,0.9142857142857144
10.0,0.9000000000000001
11.0,0.8714285714285716
14.0,0.8571428571428572
16.0,0.8428571428571429
17.0,0.8285714285714286
19.0,0.8142857142857143
22.0,0.7999999999999999
31.0,0.7857142857142856
32.0,0.7714285714285714
34.0,0.7571428571428571
49.0,0.7428571428571429
53.0,0.7285714285714285
57.0,0.7
101.0,0.6857142857142856
146.0,0.6714285714285713
151.0,0.6571428571428569
192.0,0.6428571428571427
200.0,0.6285714285714283
226.0,0.6142857142857141
287.0,0.5999999999999998
321.0,0.5857142857142854
328.0,0.5714285714285711
359.0,0.5571428571428568
371.0,0.5571428571428568
400.0,0.5571428571428568
406.0,0.5420849420849418
407.0,0.5420849420849418
412.0,0.5420849420849418
422.0,0.5261412673177377
445.0,0.5261412673177377
459.0,0.5261412673177377
523.0,0.5261412673177377
535.0,0.5086032250738131
542.0,0.49043882417831974
552.0,0.47227442328282637
589.0,0.47227442328282637
612.0,0.4533834463515133
614.0,0.43449246942020026
632.0,0.4156014924888872
646.0,0.3967105155575742
649.0,0.3778195386262611
659.0,0.3778195386262611
670.0,0.35793429975119473
673.0,0.33804906087612835
704.0,0.31816382200106197
714.0,0.2982785831259956
849.0,0.2783933442509292
865.0,0.25850810537586283
905.0,0.23862286650079648
920.0,0.2187376276257301
1140.0,0.2187376276257301
1152.0,0.1968638648631571
1157.0,0.1968638648631571
1165.0,0.17225588175526246
1174.0,0.17225588175526246
1232.0,0.1435465681293854
1277.0,0.1435465681293854
1363.0,0.1435465681293854
1377.0,0.09569771208625694
1914.0,0.09569771208625694
2083.0,0.09569771208625694
