time,probability
6.0,0.9893617021276596
7.0,0.9787234042553192
113.0,0.9680851063829787
233.0,0.9574468085106383
368.0,0.9574468085106383
390.0,0.9574468085106383
411.0,0.9574468085106383
412.0,0.9574468085106383
418.0,0.9574468085106383
422.0,0.9574468085106383
427.0,0.9574468085106383
433.0,0.9574468085106383
440.0,0.9574468085106383
442.0,0.9574468085106383
445.0,0.9574468085106383
446.0,0.9574468085106383
458.0,0.9574468085106383
459.0,0.9574468085106383
466.0,0.9574468085106383
475.0,0.9574468085106383
507.0,0.9574468085106383
516.0,0.9574468085106383
521.0,0.9574468085106383
529.0,0.9574468085106383
532.0,0.9574468085106383
544.0,0.9574468085106383
554.0,0.9574468085106383
568.0,0.9574468085106383
570.0,0.9574468085106383
587.0,0.9574468085106383
1048.0,0.9422492401215805
1102.0,0.9422492401215805
1105.0,0.9422492401215805
1106.0,0.9422492401215805
1108.0,0.9422492401215805
1114.0,0.9422492401215805
1125.0,0.9422492401215805
1140.0,0.9422492401215805
1151.0,0.9422492401215805
1163.0,0.9422492401215805
1196.0,0.9422492401215805
1203.0,0.9422492401215805
1207.0,0.9422492401215805
1232.0,0.9422492401215805
1248.0,0.9422492401215805
1253.0,0.9422492401215805
1262.0,0.9422492401215805
1266.0,0.9422492401215805
1272.0,0.9422492401215805
1290.0,0.9422492401215805
1319.0,0.9422492401215805
1336.0,0.9422492401215805
1347.0,0.9422492401215805
1353.0,0.9422492401215805
1365.0,0.9422492401215805
1366.0,0.9422492401215805
1377.0,0.9153278332609639
1378.0,0.9153278332609639
1433.0,0.9153278332609639
1438.0,0.9153278332609639
1444.0,0.9153278332609639
1449.0,0.9153278332609639
1454.0,0.9153278332609639
1456.0,0.9153278332609639
1458.0,0.9153278332609639
1496.0,0.8801229165970806
1858.0,0.8801229165970806
1880.0,0.8801229165970806
1899.0,0.8801229165970806
1923.0,0.8801229165970806
1934.0,0.8801229165970806
1942.0,0.8801229165970806
1955.0,0.8801229165970806
2009.0,0.8801229165970806
2025.0,0.8801229165970806
2057.0,0.8801229165970806
2061.0,0.8801229165970806
2084.0,0.8801229165970806
2086.0,0.8801229165970806
2100.0,0.8801229165970806
2122.0,0.8801229165970806
2123.0,0.8801229165970806
2131.0,0.8801229165970806
2139.0,0.8801229165970806
2146.0,0.8801229165970806
2151.0,0.8801229165970806
2166.0,0.8801229165970806
2168.0,0.8801229165970806
2172.0,0.8801229165970806
2173.0,0.8801229165970806
2350.0,0.0
