time,probability
10.0,0.95
46.0,0.8999999999999999
95.0,0.8499999999999999
363.0,0.7999999999999998
397.0,0.7999999999999998
522.0,0.7999999999999998
1187.0,0.7999999999999998
1224.0,0.7999999999999998
1256.0,0.7999999999999998
1257.0,0.7999999999999998
1295.0,0.7999999999999998
1320.0,0.7999999999999998
1338.0,0.7999999999999998
1576.0,0.6666666666666665
1858.0,0.6666666666666665
1931.0,0.6666666666666665
1933.0,0.6666666666666665
1979.0,0.6666666666666665
2190.0,0.6666666666666665
