time,probability
1.0,0.8823529411764706
2.0,0.7058823529411765
3.0,0.5294117647058824
4.0,0.47058823529411764
5.0,0.4117647058823529
7.0,0.29411764705882354
10.0,0.23529411764705885
15.0,0.11764705882352942
48.0,0.05882352941176471
234.0,0.0
