time,probability
12.0,0.9285714285714286
16.0,0.9285714285714286
29.0,0.9285714285714286
54.0,0.9285714285714286
82.0,0.8357142857142857
144.0,0.7428571428571429
180.0,0.65
193.0,0.5571428571428572
200.0,0.4642857142857143
211.0,0.37142857142857144
215.0,0.2785714285714286
256.0,0.2785714285714286
319.0,0.2785714285714286
698.0,0.0
