time,probability
42.0,0.8571428571428571
65.0,0.7142857142857143
69.0,0.5714285714285715
116.0,0.4285714285714286
124.0,0.4285714285714286
251.0,0.2142857142857143
653.0,0.0
