time,probability
1.0,0.9545454545454546
3.0,0.9090909090909091
5.0,0.8612440191387559
9.0,0.8105826062482409
10.0,0.7599211933577258
21.0,0.7092597804672107
23.0,0.6585983675766957
40.0,0.6585983675766957
68.0,0.6037151702786376
82.0,0.5488319729805796
91.0,0.49394877568252166
168.0,0.49394877568252166
283.0,0.49394877568252166
297.0,0.42338466487073284
307.0,0.352820554058944
389.0,0.2822564432471552
390.0,0.2116923324353664
420.0,0.14112822162357758
480.0,0.07056411081178879
761.0,0.0
