{
  "closed": "right",
  "cut_points": {
    "RI": [
      1.515679955482483,
      1.517335057258606,
      1.5179799795150757
    ],
    "Na": [
      13.78499984741211
    ],
    "Mg": [
      2.694999933242798
    ],
    "Al": [
      1.3899999856948853,
      1.75
    ],
    "Si": [],
    "'K'": [
      0.054999999701976776,
      0.6100000143051147,
      0.7450000047683716
    ],
    "Ca": [
      5.829999923706055,
      7.019999980926514,
      8.279999732971191,
      10.479999542236328
    ],
    "Ba": [
      0.4000000059604645
    ],
    "Fe": []
  }
}