time,probability
144.0,0.9333333333333333
386.0,0.8666666666666667
1724.0,0.8666666666666667
2286.0,0.8666666666666667
2313.0,0.8666666666666667
2398.0,0.8666666666666667
2404.0,0.8666666666666667
2440.0,0.8666666666666667
2531.0,0.8666666666666667
3523.0,0.8666666666666667
4485.0,0.8666666666666667
4486.0,0.8666666666666667
4699.0,0.8666666666666667
5634.0,0.8666666666666667
5724.0,0.8666666666666667
