time,probability
2.0,0.9444444444444444
4.0,0.8888888888888888
10.0,0.8333333333333333
418.0,0.7777777777777777
1647.0,0.7777777777777777
1724.0,0.7777777777777777
1824.0,0.7777777777777777
2286.0,0.7777777777777777
2313.0,0.7777777777777777
2394.0,0.7777777777777777
2531.0,0.7777777777777777
3523.0,0.7777777777777777
4477.0,0.7777777777777777
4486.0,0.7777777777777777
5567.0,0.7777777777777777
5634.0,0.7777777777777777
5677.0,0.7777777777777777
5724.0,0.7777777777777777
