{
  "closed": "right",
  "cut_points": {
    "mpg": [
      16.100000381469727,
      21.25,
      30.950000762939453
    ],
    "displacement": [
      97.25,
      134.5,
      140.5,
      190.5
    ],
    "horsepower": [
      78.5,
      134.0
    ],
    "weight": [
      2379.5,
      2959.5
    ],
    "acceleration": [
      13.5,
      19.5
    ]
  }
}