model_type,variant,dataset,M-of-N count,integrated_brier_score (train),integrated_brier_score (test),rules,conditions_count,avg conditions per rule,avg rule quality,avg rule precision,avg rule coverage,training time total (s),training time growing (s),training time pruning (s),induction measure,pruning measure,voting measure
at_least_M-of-N,no_discretization,lung,0,0.1436247754199733,0.1411735078343793,2,2.0,1.0,1.0,1.0,0.5,1706354878.5229025,0.047740063,0.050344254,Correlation,Correlation,Correlation
at_least_M-of-N,no_discretization,lung,1,0.1373198594529693,0.1689138011613678,3,3.0,1.0,1.0,1.0,0.4827586206896552,1706354870.9755776,0.280838792,0.109298463,Correlation,Correlation,Correlation
at_least_M-of-N,no_discretization,lung,1,0.1569836588717055,0.1834663719984203,3,5.0,1.6666666666666667,0.9999330058410512,1.0,0.4316469321851453,1706354914.2362568,0.041939052,0.033168847,Correlation,Correlation,Correlation
at_least_M-of-N,no_discretization,lung,0,0.1486704766626997,0.1541810224632547,4,7.0,1.75,0.999999999999968,1.0,0.360064585575888,1706354921.08401,0.054603544,0.041669286,Correlation,Correlation,Correlation
at_least_M-of-N,no_discretization,lung,9,0.1468183533315743,0.1182648042268939,9,21.0,2.333333333333333,0.9724385026605464,1.0,0.2590599210620739,1706354893.2364223,1.383692386,1.70170856,Correlation,Correlation,Correlation
at_least_M-of-N,no_discretization,lung,0,0.1426229490718524,0.1377610414352553,2,2.0,1.0,1.0,1.0,0.5,1706354900.3669024,0.034367463,0.021922402,Correlation,Correlation,Correlation
at_least_M-of-N,no_discretization,lung,2,0.1497693859221342,0.185290198426533,5,8.0,1.6,0.9999062072844276,1.0,0.3771551724137931,1706354860.8259163,0.2068308449999999,0.18090084,Correlation,Correlation,Correlation
at_least_M-of-N,no_discretization,lung,0,0.152948489056271,0.1647257546528772,4,7.0,1.75,0.9998712521538362,1.0,0.3533369214208827,1706354907.5696418,0.07058903,0.063664724,Correlation,Correlation,Correlation
at_least_M-of-N,no_discretization,lung,0,0.1401283275831426,0.1458658818287728,3,3.0,1.0,1.0,1.0,0.4897739504843918,1706354928.1734755,0.125741876,0.084645583,Correlation,Correlation,Correlation
