{
  "closed": "right",
  "cut_points": {
    "RI": [
      1.5173399448394775,
      1.5179849863052368
    ],
    "Na": [
      14.0649995803833
    ],
    "Mg": [
      2.7200000286102295
    ],
    "Al": [
      1.4299999475479126,
      1.7599999904632568
    ],
    "Si": [],
    "'K'": [
      0.0,
      0.6150000095367432,
      0.7450000047683716
    ],
    "Ca": [
      7.005000114440918,
      8.319999694824219,
      10.170000076293945
    ],
    "Ba": [
      0.33500000834465027
    ],
    "Fe": []
  }
}