time,probability
41.0,0.9411764705882353
51.0,0.8823529411764706
110.0,0.8235294117647058
130.0,0.7647058823529411
140.0,0.7058823529411765
191.0,0.6470588235294118
223.0,0.5882352941176471
264.0,0.5294117647058824
334.0,0.47058823529411764
388.0,0.4117647058823529
400.0,0.3529411764705882
549.0,0.29411764705882354
971.0,0.23529411764705885
1217.0,0.17647058823529413
1320.0,0.17647058823529413
1434.0,0.08823529411764706
3428.0,0.0
