time,probability
4.0,0.8888888888888888
5.0,0.8888888888888888
10.0,0.7619047619047619
12.0,0.7619047619047619
62.0,0.7619047619047619
92.0,0.5714285714285714
116.0,0.38095238095238093
272.0,0.19047619047619047
1172.0,0.0
