time,probability
173.0,1.0
210.0,0.9375
222.0,0.9375
259.0,0.9375
266.0,0.9375
279.0,0.9375
364.0,0.9375
384.0,0.9375
444.0,0.9375
543.0,0.9375
643.0,0.8035714285714285
689.0,0.6696428571428571
728.0,0.5357142857142857
735.0,0.4017857142857143
765.0,0.26785714285714285
821.0,0.26785714285714285
1010.0,0.26785714285714285
