time,probability
107.0,0.9375
163.0,0.875
185.0,0.875
188.0,0.875
197.0,0.8020833333333333
211.0,0.8020833333333333
221.0,0.8020833333333333
222.0,0.8020833333333333
223.0,0.7018229166666666
225.0,0.7018229166666666
404.0,0.7018229166666666
413.0,0.7018229166666666
511.0,0.7018229166666666
551.0,0.7018229166666666
567.0,0.3509114583333333
689.0,0.0
