time,probability
166.0,0.9333333333333333
182.0,0.8666666666666667
194.0,0.8
211.0,0.8
221.0,0.8
222.0,0.8
291.0,0.7111111111111111
292.0,0.7111111111111111
413.0,0.7111111111111111
511.0,0.7111111111111111
543.0,0.7111111111111111
654.0,0.5333333333333333
707.0,0.3555555555555555
814.0,0.17777777777777776
821.0,0.17777777777777776
