time,probability
163.0,0.8
196.0,0.8
270.0,0.5333333333333333
301.0,0.5333333333333333
303.0,0.5333333333333333
