time,probability
15.0,0.8333333333333334
61.0,0.6666666666666667
266.0,0.6666666666666667
519.0,0.4444444444444445
821.0,0.4444444444444445
965.0,0.4444444444444445
