time,probability
53.0,0.8571428571428571
199.0,0.7142857142857143
301.0,0.7142857142857143
332.0,0.7142857142857143
371.0,0.47619047619047616
376.0,0.47619047619047616
458.0,0.47619047619047616
