time,probability
81.0,0.9230769230769231
92.0,0.8461538461538461
105.0,0.8461538461538461
131.0,0.7615384615384615
176.0,0.6769230769230768
185.0,0.6769230769230768
225.0,0.6769230769230768
404.0,0.6769230769230768
413.0,0.6769230769230768
511.0,0.6769230769230768
806.0,0.6769230769230768
821.0,0.6769230769230768
1022.0,0.6769230769230768
