time,probability
1.0,0.8285714285714286
2.0,0.6571428571428573
3.0,0.48571428571428577
4.0,0.4285714285714286
5.0,0.4
7.0,0.37142857142857144
8.0,0.34285714285714286
10.0,0.3142857142857143
12.0,0.2857142857142857
15.0,0.22857142857142856
19.0,0.19999999999999998
28.0,0.1714285714285714
48.0,0.14285714285714285
68.0,0.11428571428571428
234.0,0.08571428571428572
350.0,0.05714285714285714
409.0,0.02857142857142857
1647.0,0.02857142857142857
