time,probability
1.0,0.9310344827586207
2.0,0.7241379310344828
3.0,0.5862068965517242
4.0,0.5517241379310346
5.0,0.517241379310345
7.0,0.4827586206896553
10.0,0.44827586206896564
11.0,0.41379310344827597
12.0,0.3793103448275863
15.0,0.34482758620689663
19.0,0.31034482758620696
48.0,0.2758620689655173
53.0,0.24137931034482762
152.0,0.20689655172413796
234.0,0.17241379310344832
287.0,0.13793103448275865
856.0,0.13793103448275865
944.0,0.13793103448275865
2060.0,0.06896551724137932
2200.0,0.06896551724137932
