time,probability
1.0,0.9809523809523809
2.0,0.9428571428571428
3.0,0.9333333333333333
4.0,0.9238095238095239
5.0,0.9142857142857144
6.0,0.8857142857142858
7.0,0.8761904761904763
10.0,0.8666666666666667
11.0,0.8571428571428572
14.0,0.8476190476190477
19.0,0.8380952380952381
20.0,0.8285714285714286
22.0,0.8190476190476191
32.0,0.8095238095238096
33.0,0.8000000000000002
34.0,0.7904761904761907
49.0,0.7809523809523811
52.0,0.7714285714285716
53.0,0.761904761904762
55.0,0.7523809523809525
57.0,0.742857142857143
64.0,0.7333333333333335
95.0,0.723809523809524
100.0,0.7142857142857144
117.0,0.7047619047619049
118.0,0.6952380952380954
134.0,0.6857142857142858
135.0,0.6761904761904763
137.0,0.6666666666666669
143.0,0.6571428571428574
151.0,0.6476190476190479
169.0,0.6285714285714288
187.0,0.6190476190476193
192.0,0.6095238095238098
200.0,0.6000000000000003
226.0,0.5904761904761907
235.0,0.5809523809523812
259.0,0.5714285714285717
287.0,0.5619047619047621
289.0,0.5523809523809526
295.0,0.542857142857143
321.0,0.5333333333333334
345.0,0.5238095238095238
354.0,0.5142857142857143
358.0,0.5047619047619049
359.0,0.4952380952380953
376.0,0.4952380952380953
382.0,0.4855275443510738
385.0,0.4758169934640523
398.0,0.4758169934640523
406.0,0.4659041394335512
407.0,0.4659041394335512
442.0,0.4557757885763001
445.0,0.4557757885763001
446.0,0.44517635163266517
458.0,0.44517635163266517
465.0,0.4343183918367465
497.0,0.4234604320408278
522.0,0.4234604320408278
524.0,0.4234604320408278
537.0,0.41201555549918384
578.0,0.41201555549918384
606.0,0.41201555549918384
644.0,0.3998974509256784
654.0,0.38777934635217304
849.0,0.3756612417786676
865.0,0.36354313720516224
953.0,0.3514250326316568
1109.0,0.3514250326316568
1151.0,0.3514250326316568
1159.0,0.33840929068233616
1165.0,0.32539354873301557
1170.0,0.32539354873301557
1174.0,0.31183548420247326
1231.0,0.31183548420247326
1244.0,0.31183548420247326
1295.0,0.31183548420247326
1298.0,0.31183548420247326
1325.0,0.31183548420247326
1329.0,0.31183548420247326
1332.0,0.31183548420247326
1353.0,0.31183548420247326
1576.0,0.2910464519223084
1847.0,0.2910464519223084
1887.0,0.2910464519223084
1914.0,0.2910464519223084
1933.0,0.2910464519223084
1939.0,0.2910464519223084
1955.0,0.2910464519223084
2006.0,0.2910464519223084
2009.0,0.2910464519223084
2123.0,0.2910464519223084
2126.0,0.2910464519223084
2156.0,0.2910464519223084
2190.0,0.2910464519223084
