time,probability
1.0,0.9285714285714286
2.0,0.8571428571428572
3.0,0.7857142857142857
18.0,0.7142857142857143
20.0,0.6428571428571429
22.0,0.5714285714285714
26.0,0.5
61.0,0.42857142857142855
446.0,0.35714285714285715
473.0,0.28571428571428575
530.0,0.2142857142857143
578.0,0.2142857142857143
1381.0,0.2142857142857143
1548.0,0.0
