{
  "closed": "right",
  "cut_points": {
    "carbon": [
      0.0
    ],
    "hardness": [
      0.0,
      80.0
    ],
    "strength": [
      375.0,
      450.0,
      550.0
    ],
    "thick": [
      0.4754999876022339,
      0.6004999876022339,
      0.800000011920929,
      1.25,
      1.600000023841858,
      2.0,
      2.0999999046325684,
      3.200000047683716
    ],
    "width": [
      1167.5,
      1220.0,
      1410.050048828125
    ],
    "len": [
      0.5
    ]
  }
}