{
  "closed": "right",
  "cut_points": {
    "Alcohol": [
      11.03,
      12.25,
      12.75,
      13.283999999999999,
      13.788,
      14.83
    ],
    "Malic_acid": [
      0.74,
      1.508,
      1.73,
      2.124,
      3.43,
      5.8
    ],
    "Ash": [
      1.36,
      2.198,
      2.3,
      2.42,
      2.61,
      3.23
    ],
    "Alcalinity_of_ash": [
      10.6,
      16.560000000000002,
      18.5,
      20.0,
      22.0,
      30.0
    ],
    "Magnesium": [
      70.0,
      88.0,
      94.6,
      101.0,
      111.2,
      151.0
    ],
    "Total_phenols": [
      0.98,
      1.674,
      2.05,
      2.538,
      2.884,
      3.88
    ],
    "Flavanoids": [
      0.34,
      0.9020000000000001,
      1.726,
      2.514,
      2.99,
      5.08
    ],
    "Nonflavanoid_phenols": [
      0.13,
      0.258,
      0.3,
      0.3939999999999999,
      0.48,
      0.66
    ],
    "Proanthocyanins": [
      0.41,
      1.092,
      1.436,
      1.694,
      1.994,
      3.58
    ],
    "Color_intensity": [
      1.28,
      2.99,
      4.06,
      5.339999999999999,
      7.06,
      13.0
    ],
    "Hue": [
      0.48,
      0.73,
      0.916,
      1.04,
      1.16,
      1.71
    ],
    "OD280/OD315_of_diluted_wines": [
      1.27,
      1.812,
      2.512,
      2.93,
      3.268,
      4.0
    ],
    "Proline": [
      278.0,
      478.4,
      604.2,
      743.9999999999999,
      1046.0,
      1547.0
    ]
  }
}