model_type,variant,dataset,M-of-N count,integrated_brier_score (train),integrated_brier_score (test),rules,conditions_count,avg conditions per rule,avg rule quality,avg rule precision,avg rule coverage,training time total (s),training time growing (s),training time pruning (s),induction measure,pruning measure,voting measure
complex,no_discretization,whas500,0,0.1793889229085148,0.2671391710944011,8,15.0,1.875,0.9998370810705032,1.0,0.3855555555555555,14033.710462544,13968.024393168,65.66825575700001,Correlation,Correlation,Correlation
complex,no_discretization,whas500,0,0.16700260265125,0.1699428737158174,11,37.0,3.363636363636364,0.99531421854591,1.0,0.2232323232323232,15209.64384029,15160.214932308,49.408533744,Correlation,Correlation,Correlation
complex,no_discretization,whas500,0,0.1863404776639573,0.1853004041573651,9,25.0,2.7777777777777777,0.9960576323397928,1.0,0.265679012345679,9681.255571559,9631.653711853996,49.586854102,Correlation,Correlation,Correlation
complex,no_discretization,whas500,0,0.172622284492565,0.1835769821645399,14,56.0,4.0,0.9989288079481954,1.0,0.2973015873015873,28520.131411455,28397.436186235,122.676146243,Correlation,Correlation,Correlation
complex,no_discretization,whas500,0,0.1703777911113778,0.1582596321177988,12,35.0,2.9166666666666665,0.9970149581275262,1.0,0.1829629629629629,22551.106878755,22474.63969834,76.453234502,Correlation,Correlation,Correlation
complex,no_discretization,whas500,0,0.1576373075709748,0.1985464099534333,10,39.0,3.9,0.9999774695413486,1.0,0.2393333333333333,8268.274309036,8228.872733995,39.388465401,Correlation,Correlation,Correlation
complex,no_discretization,whas500,0,0.1904703085096772,0.1940821428040251,4,11.0,2.75,0.9999996046475343,1.0,0.3138888888888889,3991.756955667,3972.915434372,18.823581503,Correlation,Correlation,Correlation
complex,no_discretization,whas500,0,0.167020045371275,0.2319516171690866,8,19.0,2.375,0.9945314801952966,1.0,0.2827777777777777,13226.381857795,13145.111077095,81.257842685,Correlation,Correlation,Correlation
complex,no_discretization,whas500,0,0.178600648487966,0.1807741881200058,11,36.0,3.272727272727273,0.9960257317142308,1.0,0.1711111111111111,4553.764820063,4512.287676877,41.464690348000005,Correlation,Correlation,Correlation
