time,probability
6.0,0.9090909090909091
10.0,0.8181818181818181
41.0,0.7272727272727272
48.0,0.6363636363636362
60.0,0.5454545454545453
117.0,0.4545454545454544
137.0,0.36363636363636354
174.0,0.27272727272727265
454.0,0.27272727272727265
534.0,0.13636363636363633
1308.0,0.13636363636363633
