time,probability
161.0,0.9285714285714286
445.0,0.9285714285714286
634.0,0.8511904761904762
767.0,0.8511904761904762
999.0,0.8511904761904762
1074.0,0.8511904761904762
1346.0,0.8511904761904762
1376.0,0.8511904761904762
1522.0,0.8511904761904762
1593.0,0.8511904761904762
2036.0,0.8511904761904762
2118.0,0.8511904761904762
2317.0,0.8511904761904762
2373.0,0.8511904761904762
