time,probability
136.0,0.9285714285714286
181.0,0.8571428571428572
246.0,0.7857142857142857
353.0,0.7142857142857143
472.0,0.7142857142857143
494.0,0.7142857142857143
1000.0,0.7142857142857143
1074.0,0.7142857142857143
1327.0,0.7142857142857143
1397.0,0.7142857142857143
1627.0,0.7142857142857143
2153.0,0.7142857142857143
2699.0,0.7142857142857143
3364.0,0.7142857142857143
