{
  "closed": "right",
  "cut_points": {
    "Alcohol": [
      11.03,
      12.282,
      12.77,
      13.274,
      13.752,
      14.83
    ],
    "Malic_acid": [
      0.74,
      1.5,
      1.726,
      2.068,
      3.326,
      5.8
    ],
    "Ash": [
      1.36,
      2.17,
      2.3,
      2.404,
      2.602,
      3.23
    ],
    "Alcalinity_of_ash": [
      10.6,
      16.78,
      18.560000000000002,
      20.0,
      22.0,
      30.0
    ],
    "Magnesium": [
      70.0,
      87.8,
      95.0,
      101.0,
      111.0,
      162.0
    ],
    "Total_phenols": [
      0.98,
      1.65,
      2.05,
      2.5,
      2.85,
      3.88
    ],
    "Flavanoids": [
      0.34,
      0.9040000000000001,
      1.75,
      2.43,
      2.948,
      5.08
    ],
    "Nonflavanoid_phenols": [
      0.13,
      0.26,
      0.3,
      0.39,
      0.48,
      0.66
    ],
    "Proanthocyanins": [
      0.41,
      1.1,
      1.412,
      1.654,
      1.98,
      3.58
    ],
    "Color_intensity": [
      1.74,
      3.03,
      4.06,
      5.244,
      7.06,
      13.0
    ],
    "Hue": [
      0.48,
      0.738,
      0.91,
      1.04,
      1.16,
      1.71
    ],
    "OD280/OD315_of_diluted_wines": [
      1.27,
      1.79,
      2.506,
      2.888,
      3.264,
      4.0
    ],
    "Proline": [
      278.0,
      471.6,
      611.8,
      743.9999999999999,
      1045.0,
      1680.0
    ]
  }
}