{
  "closed": "right",
  "cut_points": {
    "mcg": [
      0.5600000023841858,
      0.7699999809265137
    ],
    "gvh": [
      0.5699999928474426
    ],
    "lip": [
      0.7400000095367432
    ],
    "chg": [],
    "aac": [
      0.5649999976158142,
      0.6499999761581421
    ],
    "alm1": [
      0.3799999952316284,
      0.5799999833106995
    ],
    "alm2": [
      0.6150000095367432
    ]
  }
}