{
  "closed": "right",
  "cut_points": {
    "mcg": [
      0.0,
      0.32,
      0.43,
      0.59,
      0.68,
      0.87
    ],
    "gvh": [
      0.16,
      0.37400000000000005,
      0.4480000000000001,
      0.51,
      0.61,
      1.0
    ],
    "lip": [
      0.48,
      1.0
    ],
    "chg": [
      0.5,
      1.0
    ],
    "aac": [
      0.0,
      0.41,
      0.46,
      0.52,
      0.58,
      0.88
    ],
    "alm1": [
      0.03,
      0.3,
      0.39,
      0.53,
      0.75,
      1.0
    ],
    "alm2": [
      0.0,
      0.32400000000000007,
      0.39,
      0.47199999999999986,
      0.7460000000000002,
      0.99
    ]
  }
}