time,probability
1037.0,0.9
1046.0,0.7999999999999999
1067.0,0.7
1073.0,0.6
1919.0,0.5
3059.0,0.4
4370.0,0.30000000000000004
4518.0,0.30000000000000004
5980.0,0.30000000000000004
