{
  "closed": "right",
  "cut_points": {
    "age": [
      54.5
    ],
    "trestbps": [],
    "chol": [],
    "thalach": [
      147.0
    ],
    "oldpeak": [
      0.800000011920929,
      2.4000000953674316
    ],
    "ca": [
      0.6366459727287292
    ]
  }
}