{
  "closed": "right",
  "cut_points": {
    "age": [
      29.0,
      45.0,
      52.80000000000001,
      58.0,
      62.0,
      77.0
    ],
    "resting_blood_pressure": [
      94.0,
      118.0,
      127.60000000000002,
      135.0,
      144.60000000000002,
      192.0
    ],
    "serum_cholestoral": [
      126.0,
      208.0,
      233.8,
      258.0,
      289.0,
      564.0
    ],
    "maximum_heart_rate_achieved": [
      71.0,
      126.0,
      146.8,
      159.0,
      170.0,
      202.0
    ],
    "oldpeak": [
      0.0,
      0.4,
      1.2,
      1.9,
      6.2
    ],
    "slope": [
      1.0,
      2.0,
      3.0
    ],
    "number_of_major_vessels": [
      0.0,
      0.19999999999998863,
      1.0,
      3.0
    ]
  }
}