time,probability
3.0,0.8888888888888888
7.0,0.7777777777777777
42.0,0.6666666666666665
57.0,0.5555555555555555
194.0,0.4444444444444444
583.0,0.4444444444444444
599.0,0.2962962962962963
628.0,0.14814814814814814
858.0,0.0
