time,probability
1.0,0.7894736842105263
2.0,0.6842105263157895
3.0,0.47368421052631576
4.0,0.42105263157894735
5.0,0.3684210526315789
7.0,0.3157894736842105
8.0,0.2631578947368421
15.0,0.15789473684210525
28.0,0.10526315789473684
48.0,0.05263157894736842
68.0,0.0
