{
  "closed": "right",
  "cut_points": {
    "age": [
      29.0,
      46.0,
      52.80000000000001,
      58.0,
      62.60000000000002,
      77.0
    ],
    "resting_blood_pressure": [
      94.0,
      118.0,
      125.0,
      132.39999999999998,
      143.20000000000005,
      200.0
    ],
    "serum_cholestoral": [
      126.0,
      206.4,
      233.8,
      258.0,
      289.6,
      564.0
    ],
    "maximum_heart_rate_achieved": [
      71.0,
      130.4,
      147.0,
      159.0,
      170.0,
      202.0
    ],
    "oldpeak": [
      0.0,
      0.4,
      1.2,
      1.9,
      6.2
    ],
    "slope": [
      1.0,
      2.0,
      3.0
    ],
    "number_of_major_vessels": [
      0.0,
      1.0,
      3.0
    ]
  }
}