time,probability
1.0,0.9375
2.0,0.875
3.0,0.84375
5.0,0.8125
6.0,0.75
7.0,0.65625
10.0,0.625
14.0,0.59375
32.0,0.5625
91.0,0.53125
109.0,0.5
129.0,0.46875
140.0,0.4375
143.0,0.40625
166.0,0.375
295.0,0.34375
312.0,0.3125
313.0,0.28125
343.0,0.25
450.0,0.25
473.0,0.21428571428571427
562.0,0.17857142857142858
718.0,0.14285714285714288
1123.0,0.14285714285714288
1190.0,0.14285714285714288
1381.0,0.14285714285714288
1939.0,0.14285714285714288
