time,probability
10.0,0.8888888888888888
99.0,0.7777777777777777
210.0,0.6666666666666665
493.0,0.5555555555555555
826.0,0.4444444444444444
1525.0,0.3333333333333333
1860.0,0.2222222222222222
1970.0,0.2222222222222222
2104.0,0.2222222222222222
