{
  "closed": "right",
  "cut_points": {
    "RI": [
      1.517335057258606,
      1.5179849863052368
    ],
    "Na": [
      13.78499984741211
    ],
    "Mg": [
      2.694999933242798
    ],
    "Al": [
      1.3899999856948853,
      1.7599999904632568
    ],
    "Si": [],
    "'K'": [
      0.054999999701976776,
      0.6100000143051147,
      0.7450000047683716
    ],
    "Ca": [
      7.019999980926514,
      8.239999771118164,
      10.170000076293945
    ],
    "Ba": [
      0.3199999928474426
    ],
    "Fe": []
  }
}