{
  "closed": "right",
  "cut_points": {
    "attribute_1": [
      0.0015,
      0.012320000000000001,
      0.0201,
      0.027,
      0.03936,
      0.1371
    ],
    "attribute_2": [
      0.0006,
      0.01504,
      0.025240000000000002,
      0.0378,
      0.055360000000000006,
      0.2339
    ],
    "attribute_3": [
      0.0015,
      0.016460000000000002,
      0.027520000000000003,
      0.04156,
      0.0623,
      0.3059
    ],
    "attribute_4": [
      0.0058,
      0.02292,
      0.03662000000000001,
      0.05005999999999999,
      0.07664,
      0.4264
    ],
    "attribute_5": [
      0.0067,
      0.03212,
      0.050420000000000006,
      0.07472000000000001,
      0.11286,
      0.401
    ],
    "attribute_6": [
      0.0102,
      0.057980000000000004,
      0.07932,
      0.10694,
      0.15116,
      0.3823
    ],
    "attribute_7": [
      0.0033,
      0.07246000000000001,
      0.09888,
      0.12761999999999998,
      0.16720000000000002,
      0.3729
    ],
    "attribute_8": [
      0.0055,
      0.07138,
      0.10167999999999999,
      0.13129999999999997,
      0.18466000000000002,
      0.459
    ],
    "attribute_9": [
      0.0075,
      0.08216,
      0.12544,
      0.17326,
      0.24580000000000002,
      0.6828
    ],
    "attribute_10": [
      0.0113,
      0.08986000000000001,
      0.14938,
      0.21196,
      0.27944,
      0.7106
    ],
    "attribute_11": [
      0.0289,
      0.11018,
      0.1902,
      0.254,
      0.31846,
      0.7342
    ],
    "attribute_12": [
      0.0236,
      0.11040000000000001,
      0.22356,
      0.28812,
      0.35626,
      0.706
    ],
    "attribute_13": [
      0.0184,
      0.15330000000000002,
      0.23026,
      0.29542,
      0.3841,
      0.7131
    ],
    "attribute_14": [
      0.0273,
      0.14176000000000002,
      0.25754,
      0.31581999999999993,
      0.40584000000000003,
      0.997
    ],
    "attribute_15": [
      0.0031,
      0.13906000000000002,
      0.21718,
      0.33364,
      0.5094599999999999,
      1.0
    ],
    "attribute_16": [
      0.0162,
      0.17326,
      0.24412,
      0.41019999999999995,
      0.6115,
      0.9988
    ],
    "attribute_17": [
      0.0349,
      0.19282,
      0.26652,
      0.43411999999999995,
      0.69928,
      1.0
    ],
    "attribute_18": [
      0.0375,
      0.21924000000000002,
      0.30700000000000005,
      0.4618,
      0.7642600000000002,
      1.0
    ],
    "attribute_19": [
      0.0494,
      0.26914,
      0.36734,
      0.59002,
      0.79836,
      1.0
    ],
    "attribute_20": [
      0.0656,
      0.32454,
      0.45524,
      0.6853999999999999,
      0.8424200000000001,
      1.0
    ],
    "attribute_21": [
      0.0521,
      0.35116,
      0.54008,
      0.74464,
      0.8593400000000002,
      1.0
    ],
    "attribute_22": [
      0.0219,
      0.3719,
      0.5946,
      0.76664,
      0.8618,
      1.0
    ],
    "attribute_23": [
      0.0667,
      0.42316000000000004,
      0.631,
      0.7681999999999999,
      0.8738600000000001,
      1.0
    ],
    "attribute_24": [
      0.0502,
      0.48624,
      0.63976,
      0.76178,
      0.89624,
      1.0
    ],
    "attribute_25": [
      0.024,
      0.48796,
      0.66584,
      0.7796,
      0.90402,
      1.0
    ],
    "attribute_26": [
      0.0921,
      0.4984,
      0.67774,
      0.82052,
      0.9171400000000001,
      1.0
    ],
    "attribute_27": [
      0.0481,
      0.47282,
      0.65874,
      0.83816,
      0.94424,
      1.0
    ],
    "attribute_28": [
      0.0284,
      0.48174,
      0.6564000000000001,
      0.80938,
      0.9236,
      1.0
    ],
    "attribute_29": [
      0.0144,
      0.44038000000000005,
      0.57416,
      0.78074,
      0.87838,
      1.0
    ],
    "attribute_30": [
      0.0823,
      0.39184,
      0.53774,
      0.64716,
      0.7819200000000001,
      1.0
    ],
    "attribute_31": [
      0.0482,
      0.31382000000000004,
      0.43152,
      0.55732,
      0.7239800000000003,
      0.9657
    ],
    "attribute_32": [
      0.0404,
      0.24678,
      0.3463600000000001,
      0.48976,
      0.63478,
      0.9306
    ],
    "attribute_33": [
      0.0477,
      0.21668,
      0.31688,
      0.44051999999999997,
      0.6074800000000001,
      1.0
    ],
    "attribute_34": [
      0.0212,
      0.1877,
      0.29074,
      0.41272,
      0.61448,
      0.9647
    ],
    "attribute_35": [
      0.0244,
      0.15816,
      0.25758000000000003,
      0.39899999999999997,
      0.65412,
      1.0
    ],
    "attribute_36": [
      0.008,
      0.14052,
      0.23362,
      0.41897999999999996,
      0.6518800000000007,
      1.0
    ],
    "attribute_37": [
      0.0351,
      0.13624,
      0.23712,
      0.38495999999999997,
      0.55304,
      0.9497
    ],
    "attribute_38": [
      0.0383,
      0.15861999999999998,
      0.2382,
      0.35074,
      0.4646400000000001,
      1.0
    ],
    "attribute_39": [
      0.0371,
      0.1583,
      0.23452,
      0.33882,
      0.47378,
      0.9857
    ],
    "attribute_40": [
      0.0117,
      0.14702,
      0.2409,
      0.32148,
      0.44562,
      0.9297
    ],
    "attribute_41": [
      0.036,
      0.1462,
      0.22256,
      0.29724,
      0.41991999999999996,
      0.8995
    ],
    "attribute_42": [
      0.0056,
      0.14002,
      0.20684,
      0.27952,
      0.40264000000000005,
      0.8246
    ],
    "attribute_43": [
      0.0,
      0.13798,
      0.19048,
      0.25717999999999996,
      0.3483,
      0.7733
    ],
    "attribute_44": [
      0.0,
      0.11416000000000001,
      0.16247999999999999,
      0.20342,
      0.28840000000000005,
      0.7762
    ],
    "attribute_45": [
      0.0,
      0.08327999999999999,
      0.13064,
      0.16979999999999998,
      0.27402000000000004,
      0.7034
    ],
    "attribute_46": [
      0.0,
      0.06118000000000001,
      0.09596,
      0.14778,
      0.22128,
      0.7292
    ],
    "attribute_47": [
      0.0,
      0.05732000000000001,
      0.08562000000000002,
      0.11246,
      0.16772000000000006,
      0.5522
    ],
    "attribute_48": [
      0.0,
      0.040619999999999996,
      0.06322,
      0.09366,
      0.12774000000000002,
      0.3339
    ],
    "attribute_49": [
      0.0,
      0.021020000000000004,
      0.03564,
      0.051219999999999995,
      0.07262000000000002,
      0.1981
    ],
    "attribute_50": [
      0.0,
      0.009420000000000001,
      0.014680000000000004,
      0.0194,
      0.02698,
      0.0779
    ],
    "attribute_51": [
      0.0,
      0.0066,
      0.0118,
      0.0154,
      0.02138,
      0.1004
    ],
    "attribute_52": [
      0.0008,
      0.0062,
      0.00914,
      0.012799999999999997,
      0.0173,
      0.0709
    ],
    "attribute_53": [
      0.0005,
      0.00442,
      0.007340000000000001,
      0.0114,
      0.01598,
      0.0317
    ],
    "attribute_54": [
      0.001,
      0.0047,
      0.00804,
      0.01086,
      0.015380000000000001,
      0.0352
    ],
    "attribute_55": [
      0.0006,
      0.0036200000000000004,
      0.0062,
      0.008459999999999999,
      0.01288,
      0.0376
    ],
    "attribute_56": [
      0.0004,
      0.00372,
      0.0058,
      0.008279999999999997,
      0.011880000000000002,
      0.0326
    ],
    "attribute_57": [
      0.0007,
      0.0034,
      0.005340000000000001,
      0.0076,
      0.011,
      0.0316
    ],
    "attribute_58": [
      0.0003,
      0.0031200000000000004,
      0.005,
      0.007819999999999999,
      0.0114,
      0.0321
    ],
    "attribute_59": [
      0.0001,
      0.00332,
      0.0053,
      0.0074,
      0.011160000000000002,
      0.0364
    ],
    "attribute_60": [
      0.0006,
      0.0027,
      0.004340000000000001,
      0.0062,
      0.00948,
      0.0439
    ]
  }
}