{
  "closed": "right",
  "cut_points": {
    "attribute_1": [
      0.0015,
      0.0116,
      0.0201,
      0.025879999999999997,
      0.03892,
      0.1371
    ],
    "attribute_2": [
      0.0006,
      0.01238,
      0.023620000000000002,
      0.037619999999999994,
      0.05668000000000001,
      0.2339
    ],
    "attribute_3": [
      0.0024,
      0.014360000000000001,
      0.02662,
      0.041299999999999996,
      0.06536,
      0.3059
    ],
    "attribute_4": [
      0.0058,
      0.02288,
      0.03816,
      0.05184,
      0.07882,
      0.4264
    ],
    "attribute_5": [
      0.0076,
      0.0343,
      0.05342,
      0.07547999999999999,
      0.11670000000000001,
      0.401
    ],
    "attribute_6": [
      0.0116,
      0.06641999999999999,
      0.08406000000000001,
      0.11101999999999998,
      0.15134,
      0.3823
    ],
    "attribute_7": [
      0.0033,
      0.0769,
      0.09996000000000001,
      0.1304,
      0.16940000000000002,
      0.3729
    ],
    "attribute_8": [
      0.0055,
      0.07162,
      0.10132,
      0.13598,
      0.19022,
      0.4566
    ],
    "attribute_9": [
      0.0075,
      0.08806000000000001,
      0.13078,
      0.1783,
      0.25552,
      0.6587
    ],
    "attribute_10": [
      0.0113,
      0.09628,
      0.15534,
      0.21202000000000001,
      0.29216000000000003,
      0.7106
    ],
    "attribute_11": [
      0.0289,
      0.11752,
      0.1905,
      0.2512,
      0.32148,
      0.7342
    ],
    "attribute_12": [
      0.0236,
      0.11766,
      0.22104000000000001,
      0.28734,
      0.36434,
      0.6552
    ],
    "attribute_13": [
      0.0252,
      0.15883999999999998,
      0.23912,
      0.29783999999999994,
      0.39124000000000003,
      0.7131
    ],
    "attribute_14": [
      0.0336,
      0.15564,
      0.25796,
      0.32276,
      0.43984,
      0.997
    ],
    "attribute_15": [
      0.0031,
      0.16710000000000003,
      0.25954,
      0.3608999999999999,
      0.53528,
      1.0
    ],
    "attribute_16": [
      0.0162,
      0.19128,
      0.2774,
      0.44753999999999994,
      0.65768,
      0.9988
    ],
    "attribute_17": [
      0.0349,
      0.19516,
      0.26688,
      0.46969999999999984,
      0.7325200000000001,
      1.0
    ],
    "attribute_18": [
      0.1105,
      0.22214,
      0.31762,
      0.5653199999999999,
      0.79134,
      1.0
    ],
    "attribute_19": [
      0.0494,
      0.26776,
      0.37004,
      0.6304999999999998,
      0.82448,
      1.0
    ],
    "attribute_20": [
      0.0656,
      0.32412,
      0.45828,
      0.7264400000000001,
      0.85194,
      1.0
    ],
    "attribute_21": [
      0.0521,
      0.35344000000000003,
      0.54012,
      0.7439199999999999,
      0.8810199999999999,
      1.0
    ],
    "attribute_22": [
      0.0689,
      0.36025999999999997,
      0.56288,
      0.76094,
      0.86498,
      1.0
    ],
    "attribute_23": [
      0.0563,
      0.4205,
      0.58756,
      0.7843,
      0.8774000000000001,
      1.0
    ],
    "attribute_24": [
      0.0239,
      0.51644,
      0.634,
      0.75326,
      0.8848400000000001,
      1.0
    ],
    "attribute_25": [
      0.0395,
      0.49384,
      0.6514,
      0.77462,
      0.8687400000000001,
      1.0
    ],
    "attribute_26": [
      0.0921,
      0.4862,
      0.65814,
      0.8098,
      0.9013800000000001,
      1.0
    ],
    "attribute_27": [
      0.0481,
      0.4757,
      0.65212,
      0.82934,
      0.9209600000000001,
      1.0
    ],
    "attribute_28": [
      0.0284,
      0.44436000000000003,
      0.6122000000000001,
      0.78452,
      0.90992,
      1.0
    ],
    "attribute_29": [
      0.0144,
      0.3935,
      0.52276,
      0.72808,
      0.86164,
      1.0
    ],
    "attribute_30": [
      0.0613,
      0.36006,
      0.48142,
      0.6301,
      0.76964,
      1.0
    ],
    "attribute_31": [
      0.0482,
      0.29278000000000004,
      0.40834000000000004,
      0.54238,
      0.6320600000000001,
      0.9657
    ],
    "attribute_32": [
      0.0404,
      0.22774,
      0.33108,
      0.46384,
      0.59942,
      0.9306
    ],
    "attribute_33": [
      0.0477,
      0.2039,
      0.31692000000000004,
      0.41383999999999993,
      0.5731200000000001,
      0.9708
    ],
    "attribute_34": [
      0.0212,
      0.17438,
      0.28264,
      0.39944,
      0.5966,
      0.9647
    ],
    "attribute_35": [
      0.0223,
      0.15496000000000001,
      0.24638000000000002,
      0.36522,
      0.5999200000000001,
      1.0
    ],
    "attribute_36": [
      0.0185,
      0.13240000000000002,
      0.22886,
      0.41814,
      0.56094,
      0.987
    ],
    "attribute_37": [
      0.0351,
      0.14322000000000001,
      0.23696,
      0.3652999999999999,
      0.5404800000000001,
      0.8852
    ],
    "attribute_38": [
      0.0383,
      0.15682,
      0.22502,
      0.33599999999999997,
      0.44236000000000003,
      0.948
    ],
    "attribute_39": [
      0.0371,
      0.16602,
      0.23002,
      0.32048,
      0.42762,
      0.9709
    ],
    "attribute_40": [
      0.0117,
      0.15838,
      0.23904,
      0.30047999999999997,
      0.43172,
      0.9297
    ],
    "attribute_41": [
      0.036,
      0.15014,
      0.22512,
      0.28669999999999995,
      0.39846000000000004,
      0.8995
    ],
    "attribute_42": [
      0.0056,
      0.14795999999999998,
      0.20712,
      0.28202,
      0.4033,
      0.7911
    ],
    "attribute_43": [
      0.0,
      0.12708,
      0.18718,
      0.24383999999999992,
      0.34354,
      0.7733
    ],
    "attribute_44": [
      0.0,
      0.09526,
      0.14224,
      0.18113999999999997,
      0.26518,
      0.7762
    ],
    "attribute_45": [
      0.0,
      0.07384,
      0.12094,
      0.15553999999999998,
      0.22696000000000002,
      0.7034
    ],
    "attribute_46": [
      0.0,
      0.05692,
      0.09468,
      0.1433,
      0.2196,
      0.5904
    ],
    "attribute_47": [
      0.0,
      0.05286,
      0.08248000000000001,
      0.11198,
      0.17024,
      0.4331
    ],
    "attribute_48": [
      0.0,
      0.040279999999999996,
      0.06016,
      0.09075999999999998,
      0.13266,
      0.2945
    ],
    "attribute_49": [
      0.0,
      0.02144,
      0.03366,
      0.05064,
      0.07646,
      0.1981
    ],
    "attribute_50": [
      0.0,
      0.00938,
      0.0143,
      0.01968,
      0.02652,
      0.0825
    ],
    "attribute_51": [
      0.0,
      0.007520000000000001,
      0.01216,
      0.015979999999999998,
      0.02222,
      0.0798
    ],
    "attribute_52": [
      0.0008,
      0.00586,
      0.00916,
      0.01258,
      0.017640000000000003,
      0.0444
    ],
    "attribute_53": [
      0.0005,
      0.0045,
      0.00726,
      0.0112,
      0.015220000000000001,
      0.0361
    ],
    "attribute_54": [
      0.001,
      0.00506,
      0.0083,
      0.01074,
      0.01602,
      0.0352
    ],
    "attribute_55": [
      0.0006,
      0.0037600000000000003,
      0.0062,
      0.009959999999999997,
      0.0141,
      0.0447
    ],
    "attribute_56": [
      0.0004,
      0.0038799999999999998,
      0.0061,
      0.00844,
      0.011940000000000001,
      0.0394
    ],
    "attribute_57": [
      0.0003,
      0.00328,
      0.0052,
      0.0076799999999999985,
      0.01136,
      0.0355
    ],
    "attribute_58": [
      0.0006,
      0.00298,
      0.0049,
      0.006939999999999999,
      0.01132,
      0.044
    ],
    "attribute_59": [
      0.0001,
      0.003,
      0.00526,
      0.007339999999999999,
      0.01132,
      0.0364
    ],
    "attribute_60": [
      0.0006,
      0.00248,
      0.0044,
      0.0067,
      0.00982,
      0.0439
    ]
  }
}