time,probability
31.0,0.8888888888888888
48.0,0.7777777777777777
67.0,0.6666666666666665
113.0,0.5555555555555555
137.0,0.4444444444444444
182.0,0.3333333333333333
200.0,0.2222222222222222
382.0,0.1111111111111111
2036.0,0.1111111111111111
