time,probability
236.0,0.9444444444444444
330.0,0.8888888888888888
433.0,0.8888888888888888
445.0,0.8888888888888888
511.0,0.8888888888888888
676.0,0.8888888888888888
704.0,0.8888888888888888
1109.0,0.8888888888888888
1171.0,0.8888888888888888
1185.0,0.8888888888888888
1376.0,0.8888888888888888
1432.0,0.8888888888888888
1895.0,0.8888888888888888
2036.0,0.8888888888888888
2373.0,0.8888888888888888
2461.0,0.8888888888888888
