time,probability
136.0,0.8571428571428571
161.0,0.7142857142857143
163.0,0.5714285714285715
202.0,0.4285714285714286
246.0,0.2857142857142857
335.0,0.14285714285714285
1627.0,0.14285714285714285
