time,probability
1.0,0.9545454545454546
2.0,0.893939393939394
3.0,0.8636363636363638
4.0,0.8484848484848485
8.0,0.8181818181818182
9.0,0.8030303030303031
10.0,0.787878787878788
11.0,0.7727272727272728
12.0,0.7424242424242425
13.0,0.7272727272727274
15.0,0.7121212121212123
20.0,0.681818181818182
21.0,0.6666666666666669
23.0,0.6363636363636366
27.0,0.6212121212121214
38.0,0.6060606060606063
43.0,0.5909090909090912
53.0,0.575757575757576
61.0,0.5606060606060609
81.0,0.5454545454545457
89.0,0.5303030303030306
101.0,0.5151515151515155
139.0,0.5000000000000003
150.0,0.4848484848484852
152.0,0.46969696969697006
205.0,0.4545454545454549
259.0,0.4393939393939398
262.0,0.42424242424242464
274.0,0.4090909090909095
287.0,0.3939393939393943
296.0,0.3787878787878792
326.0,0.363636363636364
518.0,0.34848484848484884
841.0,0.3333333333333337
856.0,0.3333333333333337
879.0,0.3174603174603178
1266.0,0.30158730158730185
1363.0,0.2857142857142859
1449.0,0.26984126984127005
1653.0,0.2539682539682542
1662.0,0.2539682539682542
1688.0,0.2539682539682542
1696.0,0.23582766439909317
1748.0,0.21768707482993216
1902.0,0.19954648526077115
2060.0,0.18140589569161014
2200.0,0.18140589569161014
2295.0,0.18140589569161014
2320.0,0.18140589569161014
2437.0,0.18140589569161014
2551.0,0.18140589569161014
2936.0,0.14512471655328812
3441.0,0.1088435374149661
4422.0,0.1088435374149661
4682.0,0.1088435374149661
5739.0,0.1088435374149661
