time,probability
2.0,0.9705882352941176
3.0,0.9411764705882353
4.0,0.9264705882352942
5.0,0.9117647058823529
6.0,0.8676470588235294
7.0,0.8382352941176471
10.0,0.8088235294117647
14.0,0.7794117647058824
16.0,0.7647058823529412
18.0,0.75
19.0,0.7205882352941176
20.0,0.7058823529411764
26.0,0.6911764705882352
31.0,0.6764705882352939
34.0,0.6617647058823528
49.0,0.6470588235294116
53.0,0.6323529411764705
57.0,0.6176470588235292
61.0,0.602941176470588
100.0,0.5882352941176467
101.0,0.5735294117647055
134.0,0.5588235294117644
135.0,0.5441176470588233
140.0,0.5294117647058821
143.0,0.514705882352941
151.0,0.49999999999999983
166.0,0.48529411764705865
169.0,0.4705882352941175
187.0,0.4558823529411763
200.0,0.4411764705882351
226.0,0.42647058823529393
287.0,0.41176470588235276
321.0,0.3970588235294116
328.0,0.3823529411764704
354.0,0.3676470588235292
359.0,0.35294117647058804
445.0,0.35294117647058804
497.0,0.33759590792838856
521.0,0.33759590792838856
535.0,0.321519912312751
542.0,0.30544391669711346
578.0,0.30544391669711346
609.0,0.30544391669711346
632.0,0.2874766274796362
646.0,0.26950933826215895
670.0,0.2515420490446817
718.0,0.23357475982720444
865.0,0.21560747060972718
905.0,0.1976401813922499
1152.0,0.17967289217477264
1165.0,0.16170560295729539
1336.0,0.16170560295729539
1408.0,0.16170560295729539
1536.0,0.1386048025348246
1548.0,0.11550400211235384
1914.0,0.11550400211235384
1955.0,0.11550400211235384
2009.0,0.11550400211235384
2126.0,0.11550400211235384
2353.0,0.0
