time,probability
2.0,0.9900990099009901
3.0,0.9702970297029703
4.0,0.9603960396039604
5.0,0.9504950495049505
6.0,0.9207920792079207
7.0,0.8811881188118812
10.0,0.8613861386138614
11.0,0.8415841584158416
14.0,0.8217821782178217
16.0,0.8118811881188118
18.0,0.8019801980198019
19.0,0.792079207920792
20.0,0.7821782178217821
31.0,0.7722772277227722
32.0,0.7623762376237623
34.0,0.7524752475247524
49.0,0.7425742574257425
53.0,0.7326732673267325
57.0,0.7227722772277226
69.0,0.7029702970297028
91.0,0.6930693069306929
101.0,0.683168316831683
108.0,0.6732673267326731
109.0,0.6633663366336632
129.0,0.6534653465346533
132.0,0.6435643564356434
134.0,0.6336633663366334
135.0,0.6237623762376235
140.0,0.6138613861386136
143.0,0.6039603960396037
146.0,0.5940594059405938
151.0,0.5841584158415839
166.0,0.574257425742574
169.0,0.5643564356435641
187.0,0.5544554455445542
200.0,0.5445544554455443
226.0,0.5346534653465344
287.0,0.5247524752475244
313.0,0.5148514851485145
321.0,0.5049504950495046
328.0,0.4950495049504947
343.0,0.4851485148514848
354.0,0.4752475247524749
359.0,0.465346534653465
371.0,0.465346534653465
397.0,0.4552303056392592
399.0,0.4552303056392592
400.0,0.4552303056392592
412.0,0.4552303056392592
419.0,0.44439148883832447
445.0,0.44439148883832447
450.0,0.44439148883832447
497.0,0.4329968352783674
521.0,0.4329968352783674
535.0,0.42129421810868184
542.0,0.4095916009389962
552.0,0.3978889837693106
562.0,0.38618636659962496
589.0,0.38618636659962496
609.0,0.38618636659962496
632.0,0.37372874187060484
646.0,0.36127111714158466
649.0,0.34881349241256454
659.0,0.34881349241256454
670.0,0.33589447417506213
673.0,0.3229754559375598
704.0,0.31005643770005736
718.0,0.297137419462555
865.0,0.28421840122505265
905.0,0.2712993829875503
920.0,0.2583803647500479
1054.0,0.24546134651254548
1136.0,0.24546134651254548
1140.0,0.24546134651254548
1152.0,0.23102244377651338
1157.0,0.23102244377651338
1165.0,0.2156209475247458
1174.0,0.2156209475247458
1189.0,0.2156209475247458
1190.0,0.2156209475247458
1232.0,0.19601904320431437
1277.0,0.19601904320431437
1280.0,0.19601904320431437
1336.0,0.19601904320431437
1363.0,0.19601904320431437
1536.0,0.16334920267026198
1831.0,0.16334920267026198
1885.0,0.16334920267026198
1914.0,0.16334920267026198
2114.0,0.16334920267026198
2126.0,0.16334920267026198
