time,probability
204.0,0.9285714285714286
295.0,0.8571428571428572
529.0,0.7857142857142857
752.0,0.7142857142857143
779.0,0.6428571428571429
793.0,0.5714285714285714
967.0,0.5
982.0,0.42857142857142855
1062.0,0.35714285714285715
1075.0,0.28571428571428575
1252.0,0.2142857142857143
1621.0,0.14285714285714285
1667.0,0.07142857142857142
2565.0,0.0
