time,probability
1075.0,0.9090909090909091
1510.0,0.9090909090909091
1914.0,0.9090909090909091
2264.0,0.9090909090909091
2339.0,0.9090909090909091
2403.0,0.9090909090909091
2426.0,0.9090909090909091
2493.0,0.9090909090909091
3384.0,0.9090909090909091
4001.0,0.9090909090909091
