{
  "closed": "right",
  "cut_points": {
    "survival": [
      0.03,
      2.0,
      17.0,
      27.0,
      36.0,
      57.0
    ],
    "age-at-heart-attack": [
      35.0,
      57.0,
      61.0,
      64.0,
      69.0,
      86.0
    ],
    "fractional-shortening": [
      0.01,
      0.13400000000000004,
      0.18,
      0.23805882352941177,
      0.2768000000000001,
      0.61
    ],
    "epss": [
      0.0,
      6.68,
      9.64,
      12.070400000000001,
      16.28,
      31.0
    ],
    "lvdd": [
      2.32,
      4.17,
      4.558,
      5.004,
      5.344,
      6.78
    ],
    "wall-motion-score": [
      2.0,
      11.0,
      13.0,
      14.0,
      18.0,
      39.0
    ],
    "wall-motion-index": [
      1.0,
      1.108,
      1.375,
      1.67,
      3.0
    ],
    "mult": [
      0.28,
      0.643,
      0.785,
      0.8210000000000002,
      0.857,
      2.0
    ],
    "group": [
      1.0,
      1.7625538020086085,
      2.0
    ]
  }
}