time,probability
2.0,0.9166666666666666
19.0,0.8333333333333333
20.0,0.75
38.0,0.6666666666666666
41.0,0.5833333333333333
116.0,0.4999999999999999
143.0,0.4166666666666666
413.0,0.4166666666666666
509.0,0.31249999999999994
522.0,0.2083333333333333
579.0,0.2083333333333333
1126.0,0.2083333333333333
