time,probability
3.0,0.95
4.0,0.8999999999999999
7.0,0.8999999999999999
13.0,0.8470588235294116
30.0,0.8470588235294116
43.0,0.7905882352941176
46.0,0.7341176470588235
50.0,0.7341176470588235
54.0,0.6729411764705883
55.0,0.611764705882353
62.0,0.611764705882353
96.0,0.5437908496732027
105.0,0.5437908496732027
106.0,0.5437908496732027
191.0,0.4531590413943356
204.0,0.4531590413943356
431.0,0.4531590413943356
761.0,0.30210602759622374
788.0,0.15105301379811187
956.0,0.0
