time,probability
3.0,1.0
5.0,0.8888888888888888
9.0,0.7777777777777777
10.0,0.6666666666666665
23.0,0.5555555555555555
91.0,0.4444444444444444
168.0,0.4444444444444444
389.0,0.2962962962962963
480.0,0.14814814814814814
761.0,0.0
