time,probability
90.0,1.0
119.0,1.0
264.0,0.6666666666666666
414.0,0.6666666666666666
1064.0,0.6666666666666666
