time,probability
511.0,1.0
676.0,1.0
745.0,0.8333333333333334
824.0,0.8333333333333334
1188.0,0.8333333333333334
1385.0,0.8333333333333334
1754.0,0.8333333333333334
2354.0,0.8333333333333334
