{
  "closed": "right",
  "cut_points": {
    "age": [],
    "trestbps": [],
    "chol": [],
    "thalach": [
      147.0
    ],
    "oldpeak": [
      1.899999976158142
    ],
    "ca": [
      0.5070163607597351
    ]
  }
}