{
  "closed": "right",
  "cut_points": {
    "unit_number": [],
    "proof_cut": [
      45.0,
      45.281944274902344,
      46.281944274902344
    ],
    "viscosity": [],
    "ink_temperature": [],
    "humifity": [],
    "roughness": [],
    "blade_pressure": [],
    "varnish_pct": [],
    "press_speed": [
      1250.0,
      2200.0
    ],
    "ink_pct": [
      56.224998474121094,
      56.618167877197266
    ],
    "solvent_pct": [],
    "ESA_Voltage": [
      0.375,
      1.0,
      3.0
    ],
    "ESA_Amperage": [
      0.0,
      0.26156070828437805
    ],
    "wax": [],
    "hardener": [],
    "roller_durometer": [
      34.0,
      35.0,
      38.0
    ],
    "anode_space_ratio": []
  }
}