{
  "closed": "right",
  "cut_points": {
    "sepallength": [
      5.400000095367432,
      5.699999809265137
    ],
    "sepalwidth": [
      3.0,
      3.4000000953674316
    ],
    "petallength": [
      2.450000047683716,
      4.800000190734863,
      5.099999904632568
    ],
    "petalwidth": [
      0.800000011920929,
      1.75
    ]
  }
}