{
  "closed": "right",
  "cut_points": {
    "mpg": [
      9.0,
      16.0,
      20.16,
      25.0,
      30.820000000000004,
      46.6
    ],
    "displacement": [
      68.0,
      97.0,
      122.0,
      200.0,
      304.6,
      455.0
    ],
    "horsepower": [
      46.0,
      72.0,
      88.0,
      100.0,
      140.0,
      230.0
    ],
    "weight": [
      1613.0,
      2152.0,
      2584.4,
      3073.0,
      3806.000000000001,
      5140.0
    ],
    "acceleration": [
      8.0,
      13.5,
      14.9,
      16.0,
      18.0,
      24.8
    ]
  }
}