time,probability
28.0,0.8333333333333334
60.0,0.6666666666666667
136.0,0.5
163.0,0.3333333333333333
435.0,0.16666666666666666
996.0,0.0
