time,probability
55.0,0.9333333333333333
56.0,0.8666666666666667
60.0,0.8
90.0,0.7333333333333334
102.0,0.6666666666666667
115.0,0.6000000000000001
137.0,0.5333333333333334
202.0,0.4666666666666668
214.0,0.4000000000000001
246.0,0.3333333333333334
403.0,0.2666666666666668
754.0,0.2666666666666668
2293.0,0.2666666666666668
2373.0,0.2666666666666668
3288.0,0.2666666666666668
