time,probability
6.0,0.96875
7.0,0.90625
10.0,0.875
12.0,0.8125
14.0,0.78125
18.0,0.75
31.0,0.71875
33.0,0.6875
34.0,0.65625
45.0,0.625
51.0,0.59375
52.0,0.5625
56.0,0.53125
58.0,0.5
71.0,0.4375
72.0,0.40625
74.0,0.375
76.0,0.34375
79.0,0.3125
81.0,0.25
83.0,0.21875
94.0,0.1875
99.0,0.15625
106.0,0.125
110.0,0.09375
124.0,0.0625
181.0,0.03125
546.0,0.03125
