time,probability
168.0,0.8571428571428571
177.0,0.7142857142857143
268.0,0.5714285714285715
544.0,0.5714285714285715
545.0,0.5714285714285715
568.0,0.5714285714285715
569.0,0.5714285714285715
