time,probability
43.0,0.9230769230769231
70.0,0.8461538461538461
120.0,0.7692307692307692
134.0,0.6923076923076923
155.0,0.6153846153846153
204.0,0.5384615384615384
221.0,0.4615384615384615
240.0,0.3846153846153846
277.0,0.3076923076923077
342.0,0.23076923076923078
508.0,0.15384615384615385
1178.0,0.07692307692307693
1760.0,0.0
