time,probability
0.5,0.98989898989899
6.0,0.9797979797979798
8.0,0.9696969696969697
18.0,0.9595959595959597
99.0,0.9595959595959597
111.0,0.9493874919406835
113.0,0.9391790242854073
148.0,0.9289705566301312
189.0,0.918762088974855
192.0,0.9085536213195788
212.0,0.8983451536643027
243.0,0.8779282183537503
277.0,0.8677197506984742
393.0,0.857511283043198
417.0,0.8473028153879218
424.0,0.8473028153879218
437.0,0.8473028153879218
440.0,0.8368422868028857
446.0,0.8263817582178498
447.0,0.81578712029198
456.0,0.8051924823661101
457.0,0.7945978444402402
471.0,0.7840032065143703
477.0,0.7840032065143703
478.0,0.7840032065143703
481.0,0.7731142730905596
505.0,0.7622253396667489
539.0,0.7622253396667489
545.0,0.7401318515604662
585.0,0.7180383634541837
669.0,0.7069916194010425
793.0,0.6959448753479012
795.0,0.6848981312947598
815.0,0.6738513872416185
819.0,0.6628046431884772
901.0,0.6517578991353359
941.0,0.6407111550821947
991.0,0.6296644110290534
1046.0,0.6296644110290534
1104.0,0.6184204036892488
1125.0,0.6184204036892488
1161.0,0.6069681739912998
1234.0,0.5955159442933508
1242.0,0.5955159442933508
1284.0,0.5838391610719125
1327.0,0.5838391610719125
1342.0,0.5838391610719125
1350.0,0.5838391610719125
1359.0,0.5714170512618718
1490.0,0.5589949414518312
1491.0,0.5465728316417905
1550.0,0.5341507218317498
1592.0,0.5341507218317498
1600.0,0.5214328475024225
1643.0,0.5087149731730951
1644.0,0.4959970988437677
1730.0,0.4959970988437677
1764.0,0.4959970988437677
1787.0,0.48259177184799024
1807.0,0.48259177184799024
1819.0,0.4683978962054023
1831.0,0.4683978962054023
1833.0,0.4683978962054023
1854.0,0.4683978962054023
1872.0,0.4683978962054023
1875.0,0.45224624461211255
1898.0,0.4360945930188228
1909.0,0.41994294142553307
2001.0,0.4037912898322433
2008.0,0.4037912898322433
2036.0,0.4037912898322433
2105.0,0.4037912898322433
2129.0,0.4037912898322433
2132.0,0.4037912898322433
2155.0,0.38360172534063114
2174.0,0.36341216084901895
2178.0,0.36341216084901895
2189.0,0.3420349749167237
2211.0,0.3420349749167237
2288.0,0.3192326432556088
2300.0,0.2964303115944939
2356.0,0.273627979933379
2429.0,0.273627979933379
2430.0,0.24875270903034455
2464.0,0.24875270903034455
2483.0,0.24875270903034455
2495.0,0.21765862040155148
2523.0,0.21765862040155148
2536.0,0.18138218366795958
2540.0,0.18138218366795958
2555.0,0.1360366377509697
2642.0,0.1360366377509697
2672.0,0.1360366377509697
2795.0,0.1360366377509697
