{
  "closed": "right",
  "cut_points": {
    "survival": [
      8.25
    ],
    "age-at-heart-attack": [
      56.0
    ],
    "fractional-shortening": [
      0.27000001072883606
    ],
    "epss": [
      10.757156372070312
    ],
    "lvdd": [
      4.637076377868652
    ],
    "wall-motion-score": [
      16.834999084472656
    ],
    "wall-motion-index": [
      1.3049999475479126
    ],
    "mult": [],
    "group": []
  }
}