time,probability
67.0,0.8888888888888888
108.0,0.7777777777777777
117.0,0.6666666666666665
130.0,0.5555555555555555
191.0,0.4444444444444444
200.0,0.3333333333333333
1679.0,0.3333333333333333
1741.0,0.3333333333333333
2231.0,0.3333333333333333
