time,probability
149.0,0.6666666666666666
261.0,0.3333333333333333
397.0,0.0
