time,probability
5.0,1.0
9.0,1.0
13.0,1.0
17.0,1.0
194.0,1.0
250.0,1.0
307.0,1.0
509.0,0.8333333333333334
553.0,0.8333333333333334
582.0,0.8333333333333334
587.0,0.8333333333333334
634.0,0.8333333333333334
980.0,0.8333333333333334
