time,probability
136.0,0.8333333333333334
225.0,0.6666666666666667
259.0,0.6666666666666667
414.0,0.6666666666666667
907.0,0.6666666666666667
1180.0,0.6666666666666667
