time,probability
6.0,0.9090909090909091
24.0,0.8181818181818181
48.0,0.7272727272727272
51.0,0.6363636363636362
78.0,0.5454545454545453
83.0,0.4545454545454544
116.0,0.36363636363636354
134.0,0.27272727272727265
143.0,0.18181818181818177
503.0,0.18181818181818177
519.0,0.0
