{
  "closed": "right",
  "cut_points": {
    "left-weight": [
      1.0,
      1.4000000000000057,
      2.0,
      4.0,
      5.0
    ],
    "left-distance": [
      1.0,
      2.0,
      3.0,
      4.0,
      5.0
    ],
    "right-weight": [
      1.0,
      1.4000000000000057,
      2.0,
      3.0,
      4.0,
      5.0
    ],
    "right-distance": [
      1.0,
      2.0,
      2.8000000000000114,
      3.1999999999999886,
      5.0
    ]
  }
}