time,probability
0.5,0.96875
31.0,0.9375
60.0,0.90625
61.0,0.84375
153.0,0.8125
277.0,0.78125
365.0,0.75
518.0,0.6875
547.0,0.625
566.0,0.59375
760.0,0.5625
791.0,0.53125
845.0,0.5
1125.0,0.46875
1369.0,0.4375
1625.0,0.40625
1857.0,0.375
2006.0,0.34375
2099.0,0.3125
2400.0,0.28125
2587.0,0.25
3012.0,0.21875
3014.0,0.1875
3068.0,0.15625
3186.0,0.125
4224.0,0.09375
4505.0,0.0625
5216.0,0.03125
7576.0,0.0
