time,probability
374.0,0.875
385.0,0.75
394.0,0.625
596.0,0.625
799.0,0.46875
805.0,0.3125
855.0,0.15625
1679.0,0.0
