{
  "closed": "right",
  "cut_points": {
    "survival": [
      0.03,
      2.400000000000002,
      17.0,
      26.200000000000003,
      35.60000000000001,
      55.0
    ],
    "age-at-heart-attack": [
      35.0,
      57.0,
      61.0,
      64.0,
      68.60000000000001,
      86.0
    ],
    "fractional-shortening": [
      0.01,
      0.14,
      0.17025641025641028,
      0.23805882352941177,
      0.28,
      0.61
    ],
    "epss": [
      0.0,
      6.84,
      9.780000000000001,
      12.306600000000001,
      16.92,
      40.0
    ],
    "lvdd": [
      2.32,
      4.148,
      4.49,
      4.968,
      5.344,
      6.78
    ],
    "wall-motion-score": [
      2.0,
      11.0,
      13.0,
      14.0,
      17.932000000000002,
      39.0
    ],
    "wall-motion-index": [
      1.0,
      1.088,
      1.37,
      1.67,
      3.0
    ],
    "mult": [
      0.14,
      0.6424,
      0.7848,
      0.857,
      2.0
    ],
    "group": [
      1.0,
      1.8088235294117647,
      2.0
    ]
  }
}