time,probability
10.0,0.9285714285714286
210.0,0.8571428571428572
629.0,0.7857142857142857
667.0,0.7142857142857143
826.0,0.6428571428571429
1055.0,0.5714285714285714
1516.0,0.5
1525.0,0.42857142857142855
1690.0,0.35714285714285715
1919.0,0.35714285714285715
1933.0,0.26785714285714285
1970.0,0.26785714285714285
2011.0,0.26785714285714285
2227.0,0.26785714285714285
