time,probability
163.0,0.9666666666666667
318.0,0.9333333333333333
733.0,0.9
1046.0,0.8666666666666666
1056.0,0.8333333333333333
1059.0,0.7999999999999999
1064.0,0.7666666666666666
1065.0,0.7333333333333333
1076.0,0.7
1522.0,0.6666666666666666
1781.0,0.6333333333333333
2271.0,0.6
3075.0,0.6
3144.0,0.5647058823529412
3706.0,0.5294117647058824
4108.0,0.49411764705882355
4154.0,0.45882352941176474
4198.0,0.42352941176470593
5294.0,0.38823529411764707
5980.0,0.38823529411764707
