time,probability
53.0,0.8333333333333334
156.0,0.6666666666666667
199.0,0.5
301.0,0.5
332.0,0.5
965.0,0.5
