time,probability
167.0,0.9375
185.0,0.9375
191.0,0.9375
203.0,0.9375
235.0,0.9375
240.0,0.9375
243.0,0.9375
269.0,0.9375
284.0,0.9375
473.0,0.8035714285714285
550.0,0.6696428571428571
613.0,0.5357142857142857
641.0,0.4017857142857143
655.0,0.26785714285714285
840.0,0.26785714285714285
1022.0,0.26785714285714285
