{
  "closed": "right",
  "cut_points": {
    "unit_number": [],
    "proof_cut": [
      35.0
    ],
    "viscosity": [],
    "ink_temperature": [],
    "humifity": [],
    "roughness": [],
    "blade_pressure": [],
    "varnish_pct": [
      5.108575344085693,
      5.20857572555542
    ],
    "press_speed": [
      1250.0,
      2200.0
    ],
    "ink_pct": [
      56.20000076293945,
      56.618167877197266
    ],
    "solvent_pct": [],
    "ESA_Voltage": [
      0.625,
      1.0,
      5.0
    ],
    "ESA_Amperage": [
      0.0,
      0.26156070828437805
    ],
    "wax": [],
    "hardener": [
      0.3499999940395355,
      0.8999999761581421
    ],
    "roller_durometer": [
      34.0
    ],
    "anode_space_ratio": []
  }
}