time,probability
0.558522,0.8571428571428571
4.281999,0.7142857142857143
5.065024,0.7142857142857143
6.223135,0.5357142857142857
6.677618,0.5357142857142857
10.401095,0.5357142857142857
12.002738,0.5357142857142857
