{
  "closed": "right",
  "cut_points": {
    "carbon": [
      0.0
    ],
    "hardness": [
      0.0,
      80.0
    ],
    "strength": [
      375.0,
      450.0
    ],
    "thick": [
      0.5,
      0.6000000238418579,
      0.7990000247955322,
      0.8004999756813049,
      1.5989999771118164,
      1.6009999513626099,
      2.0999999046325684,
      3.200000047683716
    ],
    "width": [
      1220.0,
      1410.050048828125
    ],
    "len": [
      0.5
    ]
  }
}