{
  "closed": "right",
  "cut_points": {
    "RI": [
      1.51115,
      1.516258,
      1.517344,
      1.518086,
      1.5200960000000001,
      1.53393
    ],
    "Na": [
      10.73,
      12.85,
      13.182,
      13.443999999999999,
      14.022,
      17.38
    ],
    "Mg": [
      0.0,
      0.5100000000000026,
      3.358,
      3.52,
      3.636,
      4.49
    ],
    "Al": [
      0.29,
      1.16,
      1.2980000000000003,
      1.49,
      1.76,
      3.5
    ],
    "Si": [
      69.81,
      72.068,
      72.68599999999999,
      72.95,
      73.188,
      75.41
    ],
    "'K'": [
      0.0,
      0.08,
      0.4980000000000001,
      0.57,
      0.62,
      6.21
    ],
    "Ca": [
      5.43,
      8.12,
      8.44,
      8.76,
      9.520000000000001,
      16.19
    ],
    "Ba": [
      0.0,
      3.15
    ],
    "Fe": [
      0.0,
      0.12,
      0.51
    ]
  }
}