{
  "closed": "right",
  "cut_points": {
    "age": [
      34.0,
      45.400000000000006,
      53.0,
      58.0,
      62.60000000000002,
      77.0
    ],
    "trestbps": [
      94.0,
      120.0,
      126.0,
      134.0,
      143.20000000000005,
      200.0
    ],
    "chol": [
      126.0,
      204.0,
      229.8,
      254.0,
      283.6,
      409.0
    ],
    "thalach": [
      71.0,
      130.0,
      146.0,
      159.0,
      169.0,
      195.0
    ],
    "oldpeak": [
      0.0,
      0.28000000000000114,
      1.0,
      1.9,
      6.2
    ],
    "ca": [
      0.0,
      1.0,
      3.0
    ]
  }
}