{
  "closed": "right",
  "cut_points": {
    "survival": [
      0.03,
      2.400000000000002,
      19.0,
      27.0,
      36.0,
      57.0
    ],
    "age-at-heart-attack": [
      35.0,
      57.0,
      61.0,
      63.0,
      68.60000000000001,
      86.0
    ],
    "fractional-shortening": [
      0.01,
      0.14,
      0.17025641025641025,
      0.23805882352941177,
      0.28,
      0.61
    ],
    "epss": [
      0.0,
      7.0,
      9.96,
      12.306600000000001,
      16.46,
      40.0
    ],
    "lvdd": [
      2.32,
      4.194,
      4.56,
      5.05,
      5.36,
      6.74
    ],
    "wall-motion-score": [
      2.0,
      11.0,
      13.0,
      14.0,
      18.0,
      39.0
    ],
    "wall-motion-index": [
      1.0,
      1.088,
      1.37,
      1.6880000000000002,
      3.0
    ],
    "mult": [
      0.14,
      0.6698000000000002,
      0.785,
      0.857,
      2.0
    ],
    "group": [
      1.0,
      1.7625538020086085,
      2.0
    ]
  }
}