time,probability
1.0,0.9333333333333333
3.0,0.8666666666666667
5.0,0.8
10.0,0.7333333333333334
21.0,0.6666666666666667
23.0,0.6000000000000001
38.0,0.5333333333333334
68.0,0.4666666666666668
82.0,0.4000000000000001
91.0,0.3333333333333334
168.0,0.3333333333333334
307.0,0.25000000000000006
389.0,0.16666666666666669
480.0,0.08333333333333334
761.0,0.0
