{
  "closed": "right",
  "cut_points": {
    "mcg": [
      0.0,
      0.31,
      0.43,
      0.59,
      0.69,
      0.89
    ],
    "gvh": [
      0.16,
      0.38,
      0.44,
      0.51,
      0.6,
      1.0
    ],
    "lip": [
      0.48,
      1.0
    ],
    "chg": [
      0.5,
      1.0
    ],
    "aac": [
      0.06,
      0.41,
      0.46,
      0.52,
      0.5880000000000001,
      0.88
    ],
    "alm1": [
      0.03,
      0.30200000000000005,
      0.39,
      0.53,
      0.7380000000000001,
      1.0
    ],
    "alm2": [
      0.01,
      0.33,
      0.39,
      0.49,
      0.74,
      0.99
    ]
  }
}