{
  "closed": "right",
  "cut_points": {
    "age": [
      54.0
    ],
    "trestbps": [],
    "chol": [],
    "thalach": [
      147.0
    ],
    "oldpeak": [
      0.6000000238418579
    ],
    "ca": [
      0.6366459727287292
    ]
  }
}