time,probability
1.0,0.8571428571428571
2.0,0.7142857142857143
3.0,0.5428571428571429
4.0,0.48571428571428577
5.0,0.4571428571428572
7.0,0.4
8.0,0.34285714285714286
10.0,0.3142857142857143
12.0,0.2857142857142857
15.0,0.19999999999999998
19.0,0.1714285714285714
28.0,0.14285714285714285
48.0,0.11428571428571428
68.0,0.08571428571428572
350.0,0.05714285714285714
409.0,0.02857142857142857
1647.0,0.02857142857142857
