time,probability
10.0,0.9285714285714286
210.0,0.8571428571428572
279.0,0.7857142857142857
386.0,0.7142857142857143
493.0,0.6428571428571429
621.0,0.5714285714285714
667.0,0.5
793.0,0.42857142857142855
826.0,0.35714285714285715
833.0,0.28571428571428575
1055.0,0.2142857142857143
1252.0,0.14285714285714285
1516.0,0.07142857142857142
1860.0,0.0
