{
  "closed": "right",
  "cut_points": {
    "left-weight": [
      1.0,
      2.0,
      3.0,
      4.0,
      4.800000000000011,
      5.0
    ],
    "left-distance": [
      1.0,
      2.4000000000000057,
      4.0,
      5.0
    ],
    "right-weight": [
      1.0,
      1.2000000000000028,
      2.4000000000000057,
      4.0,
      4.800000000000011,
      5.0
    ],
    "right-distance": [
      1.0,
      2.0,
      4.0,
      5.0
    ]
  }
}