{
  "closed": "right",
  "cut_points": {
    "area": [
      0.0,
      2.6000000000000014,
      70.4,
      238.6,
      766.6000000000001,
      22402.0
    ],
    "population": [
      0.0,
      2.200000000000003,
      7.0,
      18.80000000000001,
      1008.0
    ],
    "bars": [
      0.0,
      5.0
    ],
    "stripes": [
      0.0,
      2.0,
      3.0,
      13.0
    ],
    "colours": [
      1.0,
      2.0,
      3.0,
      4.0,
      8.0
    ],
    "circles": [
      0.0,
      4.0
    ],
    "crosses": [
      0.0,
      2.0
    ],
    "saltires": [
      0.0,
      1.0
    ],
    "quarters": [
      0.0,
      4.0
    ],
    "sunstars": [
      0.0,
      1.0,
      50.0
    ]
  }
}