{
  "closed": "right",
  "cut_points": {
    "RI": [
      1.51115,
      1.5164,
      1.517408,
      1.518208,
      1.5206220000000001,
      1.53393
    ],
    "Na": [
      11.02,
      12.86,
      13.208,
      13.48,
      14.022,
      17.38
    ],
    "Mg": [
      0.0,
      1.4540000000000015,
      3.4,
      3.54,
      3.65,
      4.49
    ],
    "Al": [
      0.29,
      1.14,
      1.29,
      1.47,
      1.7280000000000006,
      3.5
    ],
    "Si": [
      69.89,
      72.128,
      72.64800000000001,
      72.95,
      73.146,
      75.41
    ],
    "'K'": [
      0.0,
      0.08400000000000006,
      0.4660000000000002,
      0.57,
      0.62,
      6.21
    ],
    "Ca": [
      5.43,
      8.113999999999999,
      8.498,
      8.782,
      9.57,
      16.19
    ],
    "Ba": [
      0.0,
      2.88
    ],
    "Fe": [
      0.0,
      0.12,
      0.51
    ]
  }
}