{
  "closed": "right",
  "cut_points": {
    "survival": [
      0.03,
      3.200000000000003,
      19.200000000000003,
      27.0,
      36.0,
      57.0
    ],
    "age-at-heart-attack": [
      35.0,
      57.0,
      61.0,
      64.0,
      69.0,
      86.0
    ],
    "fractional-shortening": [
      0.01,
      0.14,
      0.17415384615384621,
      0.23,
      0.29,
      0.61
    ],
    "epss": [
      0.0,
      6.82,
      9.88,
      12.519799999999996,
      16.740000000000006,
      40.0
    ],
    "lvdd": [
      2.32,
      4.162,
      4.522,
      5.012,
      5.384,
      6.78
    ],
    "wall-motion-score": [
      2.0,
      11.0,
      13.0,
      14.0,
      17.966,
      39.0
    ],
    "wall-motion-index": [
      1.0,
      1.14,
      1.37,
      1.67,
      3.0
    ],
    "mult": [
      0.14,
      0.6564000000000002,
      0.785,
      0.857,
      2.0
    ],
    "group": [
      1.0,
      1.7471305595408897,
      2.0
    ]
  }
}