time,probability
104.0,0.8888888888888888
224.0,0.7777777777777777
461.0,0.6666666666666665
538.0,0.6666666666666665
546.0,0.6666666666666665
547.0,0.6666666666666665
548.0,0.6666666666666665
593.0,0.6666666666666665
805.0,0.6666666666666665
