time,probability
209.0,0.8571428571428571
246.0,0.7142857142857143
551.0,0.7142857142857143
559.0,0.7142857142857143
560.0,0.7142857142857143
763.0,0.7142857142857143
805.0,0.7142857142857143
