time,probability
119.0,0.8888888888888888
208.0,0.7777777777777777
259.0,0.6666666666666665
501.0,0.6666666666666665
540.0,0.6666666666666665
567.0,0.6666666666666665
603.0,0.6666666666666665
659.0,0.6666666666666665
734.0,0.6666666666666665
