time,probability
190.0,0.9473684210526315
210.0,0.894736842105263
242.0,0.8421052631578946
273.0,0.7894736842105262
380.0,0.7368421052631579
436.0,0.6842105263157895
437.0,0.6315789473684211
477.0,0.5789473684210527
540.0,0.5789473684210527
545.0,0.5789473684210527
552.0,0.5789473684210527
553.0,0.5789473684210527
562.0,0.5789473684210527
568.0,0.5789473684210527
586.0,0.5789473684210527
598.0,0.5789473684210527
633.0,0.5789473684210527
708.0,0.5789473684210527
