time,probability
11.0,0.9411764705882353
84.0,0.8823529411764706
102.0,0.8235294117647058
147.0,0.7647058823529411
198.0,0.7058823529411765
384.0,0.6470588235294118
503.0,0.6470588235294118
538.0,0.6470588235294118
540.0,0.6470588235294118
546.0,0.6470588235294118
547.0,0.6470588235294118
559.0,0.6470588235294118
575.0,0.6470588235294118
593.0,0.6470588235294118
624.0,0.6470588235294118
625.0,0.6470588235294118
655.0,0.6470588235294118
