{
  "closed": "right",
  "cut_points": {
    "sepallength": [
      5.5,
      6.199999809265137
    ],
    "sepalwidth": [
      3.0,
      3.4000000953674316
    ],
    "petallength": [
      2.450000047683716,
      4.900000095367432
    ],
    "petalwidth": [
      0.800000011920929,
      1.75
    ]
  }
}