time,probability
0.5,0.92
31.0,0.8800000000000001
61.0,0.8
277.0,0.76
365.0,0.72
518.0,0.6799999999999999
547.0,0.6
566.0,0.5599999999999999
760.0,0.52
791.0,0.48000000000000004
845.0,0.44
1125.0,0.39999999999999997
2099.0,0.36
2223.0,0.31999999999999995
2587.0,0.27999999999999997
3012.0,0.23999999999999996
3167.0,0.19999999999999998
3186.0,0.16
3226.0,0.12
4505.0,0.07999999999999999
4758.0,0.039999999999999994
5216.0,0.0
