{
  "closed": "right",
  "cut_points": {
    "AGE": [
      7.0,
      30.0,
      37.2,
      44.0,
      51.0,
      78.0
    ],
    "BILIRUBIN": [
      0.3,
      0.7,
      1.0,
      1.1462184873949581,
      1.7400000000000007,
      8.0
    ],
    "ALK_PHOSPHATE": [
      30.0,
      74.6,
      85.0,
      101.31372549019608,
      133.8,
      295.0
    ],
    "SGOT": [
      14.0,
      30.0,
      49.60000000000001,
      69.0,
      125.00000000000003,
      648.0
    ],
    "ALBUMIN": [
      2.1,
      3.3,
      3.9,
      4.0,
      4.2,
      6.4
    ],
    "PROTIME": [
      0.0,
      43.5,
      63.0,
      66.57142857142857,
      68.20000000000002,
      100.0
    ]
  }
}