time,probability
4.0,0.9642857142857143
15.0,0.9285714285714285
35.0,0.8928571428571428
51.0,0.8571428571428571
164.0,0.8214285714285714
175.0,0.7857142857142857
186.0,0.75
217.0,0.7142857142857142
245.0,0.6785714285714285
260.0,0.6428571428571428
268.0,0.6071428571428571
313.0,0.5714285714285714
325.0,0.5357142857142857
436.0,0.5
538.0,0.5
539.0,0.5
540.0,0.5
547.0,0.5
548.0,0.5
551.0,0.5
553.0,0.5
560.0,0.5
564.0,0.5
568.0,0.5
633.0,0.5
1172.0,0.5
