{
  "closed": "right",
  "cut_points": {
    "age": [
      29.0,
      45.0,
      53.0,
      58.0,
      62.0,
      76.0
    ],
    "trestbps": [
      94.0,
      118.0,
      125.80000000000001,
      135.0,
      145.0,
      200.0
    ],
    "chol": [
      126.0,
      204.0,
      229.8,
      253.2,
      283.0,
      564.0
    ],
    "thalach": [
      71.0,
      130.0,
      145.8,
      159.0,
      169.60000000000002,
      202.0
    ],
    "oldpeak": [
      0.0,
      0.4,
      1.2,
      1.9600000000000022,
      6.2
    ],
    "ca": [
      0.0,
      1.0,
      3.0
    ]
  }
}