time,probability
330.0,0.8888888888888888
511.0,0.8888888888888888
766.0,0.8888888888888888
824.0,0.8888888888888888
1188.0,0.8888888888888888
1195.0,0.8888888888888888
1385.0,0.8888888888888888
1754.0,0.8888888888888888
1873.0,0.8888888888888888
