{
  "closed": "right",
  "cut_points": {
    "AGE": [
      20.0,
      30.6,
      37.0,
      43.8,
      51.0,
      78.0
    ],
    "BILIRUBIN": [
      0.3,
      0.7,
      1.0,
      1.1462184873949575,
      1.7,
      8.0
    ],
    "ALK_PHOSPHATE": [
      26.0,
      72.0,
      85.0,
      101.31372549019608,
      129.40000000000003,
      295.0
    ],
    "SGOT": [
      14.0,
      30.0,
      49.60000000000001,
      68.0,
      120.0,
      648.0
    ],
    "ALBUMIN": [
      2.1,
      3.3,
      3.9,
      4.0,
      4.2,
      6.4
    ],
    "PROTIME": [
      0.0,
      43.5,
      63.2,
      66.57142857142857,
      72.4,
      100.0
    ]
  }
}