{
  "closed": "right",
  "cut_points": {
    "mcg": [
      0.5600000023841858
    ],
    "gvh": [
      0.5600000023841858
    ],
    "lip": [
      0.7400000095367432,
      1.0
    ],
    "chg": [],
    "aac": [
      0.5600000023841858,
      0.7200000286102295
    ],
    "alm1": [
      0.38999998569488525,
      0.5899999737739563
    ],
    "alm2": [
      0.3700000047683716,
      0.6150000095367432
    ]
  }
}