{
  "closed": "right",
  "cut_points": {
    "survival": [
      0.03,
      1.0,
      19.0,
      29.0,
      37.0,
      57.0
    ],
    "age-at-heart-attack": [
      35.0,
      57.0,
      61.0,
      64.0,
      70.0,
      86.0
    ],
    "fractional-shortening": [
      0.01,
      0.14,
      0.17025641025641025,
      0.23,
      0.29,
      0.51
    ],
    "epss": [
      0.0,
      6.0,
      9.7,
      12.1,
      17.5,
      40.0
    ],
    "lvdd": [
      2.32,
      4.16,
      4.49,
      4.96,
      5.36,
      6.74
    ],
    "wall-motion-score": [
      2.0,
      11.0,
      13.0,
      14.0,
      18.0,
      39.0
    ],
    "wall-motion-index": [
      1.0,
      1.1,
      1.37,
      1.73,
      3.0
    ],
    "mult": [
      0.14,
      0.643,
      0.7363658536585366,
      0.857,
      0.928,
      2.0
    ],
    "group": [
      1.0,
      1.7317073170731707,
      2.0
    ]
  }
}