time,probability
6.677618,1.0
12.002738,1.0
