time,probability
41.0,0.9767441860465116
43.0,0.9651162790697675
71.0,0.9534883720930233
77.0,0.9418604651162791
94.0,0.9302325581395349
111.0,0.9186046511627908
186.0,0.9069767441860467
216.0,0.8953488372093026
221.0,0.8837209302325584
223.0,0.8720930232558142
264.0,0.86046511627907
304.0,0.8488372093023258
321.0,0.8372093023255816
326.0,0.8255813953488375
334.0,0.8139534883720932
348.0,0.8023255813953492
359.0,0.790697674418605
489.0,0.7790697674418608
617.0,0.7790697674418608
625.0,0.7672656800563781
662.0,0.7554615926708954
673.0,0.7436575052854126
703.0,0.7318534178999299
727.0,0.7200493305144471
750.0,0.7082452431289643
785.0,0.6964411557434815
788.0,0.6964411557434815
791.0,0.6844335496099732
799.0,0.6724259434764648
837.0,0.6724259434764648
850.0,0.6602000172314382
935.0,0.6479740909864116
943.0,0.635748164741385
980.0,0.6235222384963583
1037.0,0.6112963122513317
1067.0,0.6112963122513317
1083.0,0.598820877307427
1092.0,0.598820877307427
1095.0,0.5860800075774817
1141.0,0.5860800075774817
1165.0,0.5730560074090932
1170.0,0.5600320072407048
1191.0,0.5339840069039279
1197.0,0.5209600067355394
1216.0,0.5209600067355394
1234.0,0.5209600067355394
1235.0,0.5072505328740778
1260.0,0.5072505328740778
1375.0,0.5072505328740778
1413.0,0.49275766050624703
1419.0,0.49275766050624703
1444.0,0.47782561018787595
1478.0,0.4628935598695048
1492.0,0.4479615095511337
1504.0,0.4479615095511337
1518.0,0.43251456094592217
1542.0,0.43251456094592217
1558.0,0.43251456094592217
1616.0,0.41587938552492515
1653.0,0.41587938552492515
1657.0,0.39855107779471993
1677.0,0.39855107779471993
1690.0,0.38043511971314176
1725.0,0.38043511971314176
1746.0,0.36141336372748467
1765.0,0.36141336372748467
1827.0,0.34133484352040216
1979.0,0.34133484352040216
1987.0,0.34133484352040216
2318.0,0.34133484352040216
2400.0,0.31695378326894486
2504.0,0.31695378326894486
2540.0,0.2905409679965328
2563.0,0.2905409679965328
2635.0,0.2905409679965328
2657.0,0.2905409679965328
2666.0,0.2905409679965328
2812.0,0.24903511542559953
3157.0,0.24903511542559953
3244.0,0.19922809234047964
3282.0,0.14942106925535972
3336.0,0.14942106925535972
3495.0,0.14942106925535972
4453.0,0.14942106925535972
