time,probability
35.0,0.95
156.0,0.8999999999999999
186.0,0.8499999999999999
199.0,0.7999999999999998
228.0,0.7499999999999998
245.0,0.6999999999999998
260.0,0.6499999999999999
434.0,0.6
477.0,0.5499999999999999
540.0,0.5499999999999999
541.0,0.5499999999999999
548.0,0.5499999999999999
549.0,0.5499999999999999
559.0,0.43999999999999995
562.0,0.43999999999999995
567.0,0.43999999999999995
603.0,0.43999999999999995
634.0,0.43999999999999995
