time,probability
1005.0,0.8571428571428571
1056.0,0.7142857142857143
1064.0,0.5714285714285715
1075.0,0.4285714285714286
1076.0,0.2857142857142857
2247.0,0.14285714285714285
4108.0,0.0
