time,probability
149.0,0.9333333333333333
452.0,0.9333333333333333
510.0,0.9333333333333333
718.0,0.9333333333333333
766.0,0.9333333333333333
964.0,0.9333333333333333
1084.0,0.9333333333333333
1243.0,0.9333333333333333
1280.0,0.9333333333333333
1297.0,0.9333333333333333
1327.0,0.9333333333333333
1385.0,0.9333333333333333
1424.0,0.9333333333333333
2117.0,0.9333333333333333
3364.0,0.9333333333333333
