{
  "closed": "right",
  "cut_points": {
    "area": [
      0.0,
      1.0,
      41.0,
      182.59999999999997,
      589.6000000000003,
      22402.0
    ],
    "population": [
      0.0,
      2.0,
      6.0,
      15.200000000000017,
      1008.0
    ],
    "bars": [
      0.0,
      5.0
    ],
    "stripes": [
      0.0,
      1.3999999999999915,
      3.0,
      14.0
    ],
    "colours": [
      1.0,
      2.0,
      3.0,
      3.3999999999999915,
      4.0,
      8.0
    ],
    "circles": [
      0.0,
      4.0
    ],
    "crosses": [
      0.0,
      2.0
    ],
    "saltires": [
      0.0,
      1.0
    ],
    "quarters": [
      0.0,
      4.0
    ],
    "sunstars": [
      0.0,
      0.3999999999999915,
      1.0,
      22.0
    ]
  }
}