time,probability
6.0,0.8888888888888888
26.0,0.7777777777777777
41.0,0.6666666666666665
60.0,0.5555555555555555
200.0,0.4444444444444444
224.0,0.3333333333333333
290.0,0.2222222222222222
353.0,0.1111111111111111
884.0,0.1111111111111111
