time,probability
26.0,0.9090909090909091
28.0,0.8181818181818181
41.0,0.7272727272727272
60.0,0.6363636363636362
111.0,0.5454545454545453
163.0,0.4545454545454544
200.0,0.36363636363636354
435.0,0.27272727272727265
718.0,0.27272727272727265
996.0,0.13636363636363633
1838.0,0.13636363636363633
