{
  "closed": "right",
  "cut_points": {
    "unit_number": [
      1.0,
      2.0,
      7.0,
      9.0,
      10.0
    ],
    "proof_cut": [
      25.0,
      40.0,
      42.5,
      45.56388888888889,
      50.0,
      72.5
    ],
    "viscosity": [
      35.0,
      43.0,
      48.0,
      54.0,
      58.0,
      70.0
    ],
    "ink_temperature": [
      11.2,
      14.5,
      15.0,
      15.5,
      16.1,
      24.5
    ],
    "humifity": [
      57.0,
      72.0,
      76.0,
      80.0,
      84.0,
      103.0
    ],
    "roughness": [
      0.1875,
      0.625,
      0.75,
      0.875,
      1.25
    ],
    "blade_pressure": [
      16.0,
      25.0,
      30.0,
      34.0,
      60.0
    ],
    "varnish_pct": [
      0.0,
      1.1,
      5.5,
      10.9,
      35.8
    ],
    "press_speed": [
      0.0,
      1550.0,
      1720.0,
      1882.8910891089108,
      2100.0,
      2600.0
    ],
    "ink_pct": [
      41.0,
      51.0,
      55.6,
      57.5,
      58.8,
      76.9
    ],
    "solvent_pct": [
      22.5,
      36.3,
      38.0,
      39.1,
      41.2,
      53.4
    ],
    "ESA_Voltage": [
      0.0,
      2.0,
      16.0
    ],
    "ESA_Amperage": [
      0.0,
      6.0
    ],
    "wax": [
      0.0,
      2.1,
      2.5,
      2.8,
      3.1
    ],
    "hardener": [
      0.0,
      0.75,
      1.0,
      1.1,
      3.0
    ],
    "roller_durometer": [
      28.0,
      30.0,
      34.0,
      35.0,
      40.0,
      60.0
    ],
    "anode_space_ratio": [
      83.33,
      100.0,
      102.94,
      103.3,
      106.66,
      117.86
    ]
  }
}