time,probability
2.0,0.9259259259259259
3.0,0.8518518518518519
4.0,0.7777777777777778
7.0,0.7407407407407407
8.0,0.7037037037037036
9.0,0.6666666666666665
10.0,0.5925925925925924
15.0,0.5555555555555555
21.0,0.5185185185185185
23.0,0.48148148148148145
38.0,0.4444444444444444
43.0,0.4074074074074074
101.0,0.37037037037037035
139.0,0.3333333333333333
234.0,0.2962962962962963
259.0,0.25925925925925924
262.0,0.2222222222222222
326.0,0.18518518518518517
1696.0,0.14814814814814814
1902.0,0.1111111111111111
1912.0,0.07407407407407407
4422.0,0.07407407407407407
5739.0,0.07407407407407407
