time,probability
13.0,1.0
16.0,1.0
42.0,0.8333333333333334
57.0,0.6666666666666667
122.0,0.5
323.0,0.3333333333333333
509.0,0.16666666666666666
599.0,0.0
