time,probability
9.0,0.9230769230769231
20.0,0.8461538461538461
73.0,0.8461538461538461
95.0,0.7615384615384615
100.0,0.7615384615384615
116.0,0.6663461538461538
126.0,0.5711538461538461
274.0,0.47596153846153844
324.0,0.38076923076923075
333.0,0.28557692307692306
426.0,0.19038461538461537
509.0,0.09519230769230769
805.0,0.0
