time,probability
3.0,0.9411764705882353
18.0,0.9411764705882353
22.0,0.8784313725490196
46.0,0.8156862745098039
54.0,0.7529411764705882
129.0,0.7529411764705882
154.0,0.6844919786096256
177.0,0.616042780748663
273.0,0.5475935828877004
278.0,0.4791443850267379
372.0,0.4106951871657753
413.0,0.34224598930481276
438.0,0.34224598930481276
464.0,0.25668449197860954
657.0,0.25668449197860954
769.0,0.12834224598930477
956.0,0.0
