time,probability
3.0,0.9166666666666666
10.0,0.8333333333333333
22.0,0.75
115.0,0.6666666666666666
151.0,0.6666666666666666
155.0,0.5714285714285714
176.0,0.47619047619047616
177.0,0.47619047619047616
247.0,0.47619047619047616
248.0,0.47619047619047616
1040.0,0.47619047619047616
1207.0,0.0
