time,probability
1.0,0.9411764705882353
3.0,0.8823529411764706
17.0,0.8235294117647058
49.0,0.8235294117647058
63.0,0.8235294117647058
82.0,0.7549019607843137
91.0,0.6862745098039216
126.0,0.6176470588235294
273.0,0.5490196078431373
283.0,0.5490196078431373
297.0,0.47058823529411764
337.0,0.39215686274509803
360.0,0.3137254901960784
389.0,0.23529411764705882
480.0,0.23529411764705882
639.0,0.23529411764705882
742.0,0.0
