time,probability
35.0,1.0
82.0,1.0
177.0,1.0
199.0,0.9090909090909091
259.0,0.9090909090909091
307.0,0.9090909090909091
408.0,0.9090909090909091
459.0,0.9090909090909091
587.0,0.9090909090909091
690.0,0.9090909090909091
774.0,0.9090909090909091
1040.0,0.9090909090909091
1107.0,0.9090909090909091
1207.0,0.0
