time,probability
72.0,1.0
111.0,1.0
113.0,1.0
216.0,0.8888888888888888
292.0,0.8888888888888888
362.0,0.8888888888888888
367.0,0.7407407407407407
454.0,0.7407407407407407
532.0,0.7407407407407407
697.0,0.7407407407407407
1286.0,0.7407407407407407
1519.0,0.0
