time,probability
22.0,1.0
40.0,1.0
71.0,1.0
122.0,0.9333333333333333
155.0,0.9333333333333333
201.0,0.9333333333333333
256.0,0.9333333333333333
362.0,0.9333333333333333
454.0,0.9333333333333333
604.0,0.9333333333333333
697.0,0.9333333333333333
762.0,0.9333333333333333
838.0,0.9333333333333333
938.0,0.9333333333333333
1050.0,0.9333333333333333
1189.0,0.9333333333333333
1437.0,0.9333333333333333
1519.0,0.0
