{
  "closed": "right",
  "cut_points": {
    "age": [
      29.0,
      45.0,
      52.0,
      57.19999999999999,
      62.0,
      77.0
    ],
    "trestbps": [
      94.0,
      120.0,
      125.80000000000001,
      134.0,
      143.20000000000005,
      192.0
    ],
    "chol": [
      126.0,
      204.0,
      229.0,
      254.0,
      283.0,
      564.0
    ],
    "thalach": [
      71.0,
      128.4,
      147.0,
      159.2,
      170.0,
      202.0
    ],
    "oldpeak": [
      0.0,
      0.2,
      1.0,
      1.8,
      6.2
    ],
    "ca": [
      0.0,
      1.0,
      3.0
    ]
  }
}