time,probability
1.0,1.0
40.0,1.0
50.0,1.0
163.0,1.0
167.0,0.8571428571428571
306.0,0.8571428571428571
375.0,0.8571428571428571
387.0,0.8571428571428571
630.0,0.8571428571428571
1082.0,0.8571428571428571
1355.0,0.8571428571428571
