time,probability
1.0,1.0
3.0,1.0
17.0,1.0
40.0,1.0
49.0,1.0
50.0,1.0
57.0,1.0
90.0,1.0
163.0,1.0
167.0,0.9166666666666666
218.0,0.9166666666666666
306.0,0.9166666666666666
360.0,0.8148148148148148
373.0,0.7129629629629629
387.0,0.7129629629629629
630.0,0.7129629629629629
846.0,0.5703703703703703
1035.0,0.5703703703703703
1082.0,0.5703703703703703
1083.0,0.5703703703703703
1355.0,0.5703703703703703
