time,probability
239.0,1.0
356.0,1.0
480.0,0.6666666666666666
661.0,0.6666666666666666
926.0,0.6666666666666666
