time,probability
7.0,0.9375
16.0,0.9375
24.0,0.9375
68.0,0.8653846153846154
74.0,0.8653846153846154
101.0,0.7867132867132867
200.0,0.708041958041958
203.0,0.708041958041958
216.0,0.6195367132867132
221.0,0.5310314685314684
367.0,0.5310314685314684
377.0,0.4248251748251748
472.0,0.3186188811188811
682.0,0.2124125874125874
803.0,0.1062062937062937
1087.0,0.0
