time,probability
13.831622,1.0
19.575633,1.0
19.868583,1.0
22.951403,1.0
23.060917,1.0
