{
  "closed": "right",
  "cut_points": {
    "Alcohol": [
      12.779999732971191,
      13.505000114440918
    ],
    "Malic_acid": [
      1.4199999570846558,
      2.234999895095825
    ],
    "Ash": [
      2.0999999046325684
    ],
    "Alcalinity_of_ash": [
      17.5
    ],
    "Magnesium": [
      88.0
    ],
    "Total_phenols": [
      1.8250000476837158,
      2.3350000381469727
    ],
    "Flavanoids": [
      0.9750000238418579,
      1.5750000476837158,
      2.309999942779541
    ],
    "Nonflavanoid_phenols": [
      0.4000000059604645
    ],
    "Proanthocyanins": [
      1.25
    ],
    "Color_intensity": [
      3.490000009536743,
      7.074999809265137
    ],
    "Hue": [
      0.6850000023841858,
      0.8199999928474426
    ],
    "OD280/OD315_of_diluted_wines": [
      2.005000114440918,
      2.4749999046325684
    ],
    "Proline": [
      520.0,
      755.0,
      1000.0
    ]
  }
}