time,probability
0.002738,0.8823529411764706
0.596851,0.8235294117647058
0.867899,0.7647058823529411
1.385352,0.7058823529411765
1.708419,0.6470588235294118
1.842574,0.5882352941176471
1.878166,0.5294117647058824
2.099932,0.47058823529411764
2.696783,0.4117647058823529
3.378508,0.3529411764705882
5.46475,0.3529411764705882
5.615332,0.2823529411764706
5.735797,0.21176470588235294
7.244353,0.1411764705882353
7.835729,0.07058823529411765
24.73922,0.0
