time,probability
28.0,0.9333333333333333
421.0,0.8666666666666667
511.0,0.8666666666666667
704.0,0.8666666666666667
1109.0,0.8666666666666667
1171.0,0.8666666666666667
1185.0,0.8666666666666667
1195.0,0.8666666666666667
1522.0,0.8666666666666667
1615.0,0.8666666666666667
1690.0,0.8666666666666667
1692.0,0.8666666666666667
1754.0,0.8666666666666667
1873.0,0.8666666666666667
2373.0,0.8666666666666667
