{
  "closed": "right",
  "cut_points": {
    "RI": [
      1.51115,
      1.516254,
      1.517282,
      1.5180980000000002,
      1.520148,
      1.53393
    ],
    "Na": [
      10.73,
      12.85,
      13.14,
      13.426,
      14.037999999999998,
      17.38
    ],
    "Mg": [
      0.0,
      0.06600000000000095,
      3.404,
      3.53,
      3.628,
      4.49
    ],
    "Al": [
      0.29,
      1.124,
      1.3,
      1.5019999999999998,
      1.76,
      3.04
    ],
    "Si": [
      69.81,
      72.18,
      72.67,
      72.908,
      73.166,
      75.41
    ],
    "'K'": [
      0.0,
      0.08,
      0.48400000000000004,
      0.57,
      0.6380000000000001,
      6.21
    ],
    "Ca": [
      5.43,
      8.112,
      8.502,
      8.786,
      9.564,
      16.19
    ],
    "Ba": [
      0.0,
      3.15
    ],
    "Fe": [
      0.0,
      0.14,
      0.51
    ]
  }
}