{
  "closed": "right",
  "cut_points": {
    "carbon": [
      3.5
    ],
    "hardness": [
      22.5,
      75.0
    ],
    "strength": [
      375.0,
      450.0
    ],
    "thick": [
      0.5,
      0.6000000238418579,
      0.7990000247955322,
      0.8004999756813049,
      1.5494999885559082,
      1.600000023841858,
      1.9500000476837158,
      2.0999999046325684
    ],
    "width": [
      1167.5,
      1220.0,
      1410.050048828125
    ],
    "len": [
      0.5
    ]
  }
}