time,probability
38.0,0.9885057471264368
42.0,0.9770114942528736
124.0,0.9655172413793104
171.0,0.9540229885057472
196.0,0.942528735632184
217.0,0.9310344827586208
248.0,0.9195402298850575
276.0,0.9080459770114943
318.0,0.896551724137931
333.0,0.8850574712643678
337.0,0.8735632183908046
357.0,0.8620689655172414
366.0,0.8620689655172414
375.0,0.8504193849021436
399.0,0.8387698042870457
400.0,0.8271202236719479
444.0,0.8154706430568501
493.0,0.8154706430568501
495.0,0.8036522279400842
506.0,0.8036522279400842
542.0,0.7916574185678441
543.0,0.779662609195604
573.0,0.767667799823364
579.0,0.767667799823364
594.0,0.7554825966515645
648.0,0.7432973934797651
650.0,0.7311121903079657
655.0,0.7189269871361662
662.0,0.7189269871361662
675.0,0.7065316942545081
696.0,0.69413640137285
698.0,0.681741108491192
772.0,0.6693458156095339
788.0,0.6693458156095339
812.0,0.6693458156095339
819.0,0.6564737806939659
844.0,0.6436017457783979
977.0,0.6436017457783979
1000.0,0.6436017457783979
1145.0,0.6436017457783979
1221.0,0.6436017457783979
1250.0,0.6296104034788675
1301.0,0.6296104034788675
1343.0,0.6296104034788675
1354.0,0.6149683010723822
1364.0,0.6003261986658969
1451.0,0.5856840962594115
1456.0,0.5856840962594115
1475.0,0.570666555329683
1556.0,0.5556490143999545
1627.0,0.540631473470226
1640.0,0.5256139325404975
1694.0,0.510596391610769
1701.0,0.49557885068104046
1721.0,0.49557885068104046
1740.0,0.49557885068104046
1741.0,0.4795924361429424
1770.0,0.4795924361429424
1831.0,0.46305476593111683
1844.0,0.4465170957192912
1849.0,0.4299794255074656
1853.0,0.4299794255074656
1869.0,0.4299794255074656
2000.0,0.4299794255074656
2006.0,0.4299794255074656
2055.0,0.4299794255074656
2166.0,0.4299794255074656
2190.0,0.4084804542320923
2282.0,0.4084804542320923
2458.0,0.3857870956636427
2513.0,0.36309373709519316
2590.0,0.36309373709519316
2713.0,0.36309373709519316
2845.0,0.33715847015982225
2896.0,0.33715847015982225
2911.0,0.33715847015982225
2925.0,0.33715847015982225
2930.0,0.33715847015982225
2998.0,0.33715847015982225
3156.0,0.2950136613898445
3180.0,0.2950136613898445
3239.0,0.2950136613898445
3434.0,0.2950136613898445
3723.0,0.2950136613898445
4080.0,0.2950136613898445
4130.0,0.2950136613898445
4174.0,0.2950136613898445
