time,probability
6.0,0.9375
446.0,0.9375
457.0,0.8705357142857143
471.0,0.8035714285714286
585.0,0.7366071428571429
1359.0,0.6696428571428572
1730.0,0.6696428571428572
1807.0,0.6696428571428572
1872.0,0.6696428571428572
2036.0,0.6696428571428572
2105.0,0.6696428571428572
2155.0,0.5022321428571429
2174.0,0.3348214285714286
2178.0,0.3348214285714286
2672.0,0.3348214285714286
