{
  "closed": "right",
  "cut_points": {
    "survival": [
      0.03,
      2.400000000000002,
      18.60000000000001,
      27.0,
      35.0,
      57.0
    ],
    "age-at-heart-attack": [
      35.0,
      56.400000000000006,
      61.0,
      64.0,
      69.0,
      85.0
    ],
    "fractional-shortening": [
      0.01,
      0.14,
      0.17025641025641028,
      0.23161176470588238,
      0.2860000000000001,
      0.61
    ],
    "epss": [
      0.0,
      7.0,
      10.0,
      12.7664,
      17.12,
      40.0
    ],
    "lvdd": [
      2.32,
      4.148,
      4.56,
      5.024,
      5.418,
      6.78
    ],
    "wall-motion-score": [
      2.0,
      11.0,
      13.0,
      14.0,
      18.0,
      39.0
    ],
    "wall-motion-index": [
      1.0,
      1.14,
      1.376,
      1.67,
      3.0
    ],
    "mult": [
      0.14,
      0.643,
      0.7744731707317075,
      0.857,
      2.0
    ],
    "group": [
      1.0,
      1.7625538020086085,
      2.0
    ]
  }
}