time,probability
2435.0,0.9
5789.0,0.7999999999999999
6479.0,0.7
7065.0,0.7
7235.0,0.5833333333333334
7454.0,0.5833333333333334
7470.0,0.5833333333333334
7965.0,0.5833333333333334
8100.0,0.5833333333333334
9993.0,0.5833333333333334
