time,probability
2345.0,0.8
6209.0,0.6000000000000001
7736.0,0.6000000000000001
8381.0,0.6000000000000001
12457.0,0.6000000000000001
