model_type,variant,dataset,M-of-N count,integrated_brier_score (train),integrated_brier_score (test),rules,conditions_count,avg conditions per rule,avg rule quality,avg rule precision,avg rule coverage,training time total (s),training time growing (s),training time pruning (s),induction measure,pruning measure,voting measure
complex,no_discretization,whas1,0,0.2126245838278564,0.2422327322284515,4,4.0,1.0,1.0,1.0,0.371824480369515,11386.65404289,11338.677094315,47.966209971000005,Correlation,Correlation,Correlation
complex,no_discretization,whas1,0,0.2204989092418519,0.2765848055636372,5,7.0,1.4,0.9999999601399036,1.0,0.4674364896073902,11249.879516671,11203.881179939,45.985176963,Correlation,Correlation,Correlation
complex,no_discretization,whas1,0,0.2153694768301807,0.221168844410077,8,34.0,4.25,0.9986584424088828,1.0,0.4087759815242494,25985.274129777,25883.194665608,102.067384517,Correlation,Correlation,Correlation
complex,no_discretization,whas1,0,0.2031405522090569,0.1913216203014322,10,48.0,4.8,0.9938064091296684,1.0,0.3290993071593533,42795.399978155,42625.810148085,169.55287070800003,Correlation,Correlation,Correlation
complex,no_discretization,whas1,0,0.2006423268609709,0.217083976249328,6,10.0,1.6666666666666667,0.9999999999999912,1.0,0.4822940723633564,24409.04456395,24300.600493864,108.427742848,Correlation,Correlation,Correlation
complex,no_discretization,whas1,0,0.1985849181552792,0.1742993129313134,6,35.0,5.833333333333333,0.9995822331459256,1.0,0.3264049268668206,35255.236666764,35090.22289306299,164.995884233,Correlation,Correlation,Correlation
complex,no_discretization,whas1,0,0.1982953716913283,0.1306454354014204,7,32.0,4.571428571428571,0.9999999999987008,1.0,0.4087301587301586,23303.664777571,23207.591273702,96.052342004,Correlation,Correlation,Correlation
complex,no_discretization,whas1,0,0.2177171763632767,0.2251831695102011,5,7.0,1.4,0.999999984480118,1.0,0.5450346420323327,16883.580238463,16816.452280489997,67.11668896500001,Correlation,Correlation,Correlation
complex,no_discretization,whas1,0,0.2165848041211329,0.2101585989734182,5,16.0,3.2,0.9943604643137456,1.0,0.3219399538106235,16287.63249202,16214.556938694996,73.062690706,Correlation,Correlation,Correlation
