{
  "closed": "right",
  "cut_points": {
    "AGE": [
      7.0,
      30.0,
      36.6,
      44.0,
      51.2,
      78.0
    ],
    "BILIRUBIN": [
      0.3,
      0.7,
      0.9,
      1.1462184873949581,
      1.9200000000000002,
      8.0
    ],
    "ALK_PHOSPHATE": [
      26.0,
      71.8,
      85.0,
      101.31372549019608,
      135.0,
      295.0
    ],
    "SGOT": [
      14.0,
      30.8,
      50.800000000000004,
      68.0,
      124.00000000000001,
      648.0
    ],
    "ALBUMIN": [
      2.1,
      3.27037037037037,
      3.9,
      4.0,
      4.2,
      6.4
    ],
    "PROTIME": [
      21.0,
      43.5,
      66.0,
      66.57142857142857,
      70.60000000000001,
      100.0
    ]
  }
}