time,probability
1.0,0.85
2.0,0.6499999999999999
3.0,0.4499999999999999
4.0,0.3999999999999999
5.0,0.3499999999999999
8.0,0.29999999999999993
10.0,0.24999999999999994
15.0,0.19999999999999996
28.0,0.14999999999999997
48.0,0.09999999999999998
68.0,0.04999999999999999
409.0,0.0
