time,probability
17.0,1.0
177.0,0.9375
233.0,0.875
293.0,0.8125
308.0,0.75
403.0,0.6875
417.0,0.625
420.0,0.5625
463.0,0.5625
525.0,0.4921875
542.0,0.421875
552.0,0.3515625
737.0,0.3515625
779.0,0.3515625
891.0,0.234375
973.0,0.234375
1720.0,0.234375
