time,probability
42.0,1.0
177.0,0.9166666666666666
227.0,0.8333333333333333
286.0,0.75
296.0,0.75
308.0,0.65625
500.0,0.5625
533.0,0.46875
540.0,0.375
542.0,0.28125
827.0,0.1875
1183.0,0.09375
1977.0,0.0
