{
  "closed": "right",
  "cut_points": {
    "RI": [
      1.51131,
      1.5164,
      1.5174779999999999,
      1.51825,
      1.5206680000000001,
      1.53393
    ],
    "Na": [
      10.73,
      12.86,
      13.197999999999999,
      13.443999999999999,
      13.996,
      15.79
    ],
    "Mg": [
      0.0,
      0.1320000000000019,
      3.358,
      3.5319999999999996,
      3.6460000000000004,
      4.49
    ],
    "Al": [
      0.47,
      1.144,
      1.29,
      1.4719999999999998,
      1.7280000000000006,
      3.5
    ],
    "Si": [
      69.81,
      72.096,
      72.64,
      72.88199999999999,
      73.11,
      75.18
    ],
    "'K'": [
      0.0,
      0.08400000000000006,
      0.4880000000000001,
      0.57,
      0.62,
      6.21
    ],
    "Ca": [
      5.43,
      8.186,
      8.498,
      8.793999999999999,
      9.594000000000001,
      16.19
    ],
    "Ba": [
      0.0,
      3.15
    ],
    "Fe": [
      0.0,
      0.12,
      0.37
    ]
  }
}