time,probability
0.002738,0.8571428571428571
0.613279,0.7857142857142856
1.122519,0.7142857142857142
1.185489,0.6428571428571428
1.267625,0.5714285714285713
1.530459,0.4999999999999999
2.433949,0.42857142857142844
2.480493,0.35714285714285704
2.672142,0.28571428571428564
3.058179,0.21428571428571425
4.17796,0.14285714285714282
14.321697,0.07142857142857141
21.894593,0.07142857142857141
