time,probability
0.002738,0.875
0.613279,0.8125
1.122519,0.75
1.185489,0.6875
1.267625,0.625
1.530459,0.5625
2.433949,0.5
2.480493,0.4375
2.672142,0.375
3.058179,0.3125
4.17796,0.25
6.694045,0.25
11.874059,0.25
14.321697,0.125
21.894593,0.125
