time,probability
6.702259,1.0
8.930869,1.0
14.3436,1.0
