{
  "closed": "right",
  "cut_points": {
    "mpg": [
      9.0,
      15.700000000000003,
      20.0,
      25.0,
      30.820000000000004,
      46.6
    ],
    "displacement": [
      68.0,
      98.0,
      122.0,
      200.0,
      305.0,
      455.0
    ],
    "horsepower": [
      46.0,
      74.0,
      88.0,
      100.0,
      141.20000000000005,
      225.0
    ],
    "weight": [
      1613.0,
      2161.6,
      2584.4,
      3085.2,
      3804.400000000001,
      5140.0
    ],
    "acceleration": [
      8.0,
      13.5,
      14.780000000000001,
      16.0,
      17.7,
      24.8
    ]
  }
}