{
  "closed": "right",
  "cut_points": {
    "survival": [
      0.03,
      2.0,
      18.60000000000001,
      26.0,
      35.60000000000001,
      57.0
    ],
    "age-at-heart-attack": [
      46.0,
      57.0,
      61.0,
      64.0,
      68.60000000000001,
      86.0
    ],
    "fractional-shortening": [
      0.01,
      0.14,
      0.1780512820512821,
      0.23844705882352943,
      0.29,
      0.61
    ],
    "epss": [
      0.0,
      7.0,
      10.0,
      12.12,
      16.680000000000003,
      40.0
    ],
    "lvdd": [
      3.1,
      4.16,
      4.534,
      5.004,
      5.344,
      6.78
    ],
    "wall-motion-score": [
      2.0,
      11.0,
      13.5,
      14.600000000000001,
      18.0,
      39.0
    ],
    "wall-motion-index": [
      1.0,
      1.148,
      1.376,
      1.67,
      3.0
    ],
    "mult": [
      0.14,
      0.71,
      0.785,
      0.857,
      2.0
    ],
    "group": [
      1.0,
      1.8088235294117647,
      2.0
    ]
  }
}