time,probability
1003.0,0.9230769230769231
1036.0,0.8461538461538461
1061.0,0.7692307692307692
1065.0,0.6923076923076923
1076.0,0.6153846153846153
1522.0,0.5384615384615384
2247.0,0.3846153846153846
2271.0,0.3076923076923077
2796.0,0.23076923076923078
3313.0,0.15384615384615385
5674.0,0.07692307692307693
5980.0,0.07692307692307693
