time,probability
1.0,0.7391304347826086
2.0,0.4782608695652174
3.0,0.391304347826087
4.0,0.34782608695652173
5.0,0.30434782608695654
8.0,0.2608695652173913
10.0,0.21739130434782608
15.0,0.13043478260869565
48.0,0.08695652173913043
234.0,0.043478260869565216
409.0,0.0
