time,probability
5.0,1.0
22.0,0.9230769230769231
47.0,0.9230769230769231
73.0,0.9230769230769231
186.0,0.9230769230769231
245.0,0.9230769230769231
271.0,0.9230769230769231
276.0,0.9230769230769231
539.0,0.7692307692307693
653.0,0.7692307692307693
789.0,0.576923076923077
811.0,0.576923076923077
1168.0,0.576923076923077
1481.0,0.576923076923077
