time,probability
11.0,1.0
12.0,1.0
23.0,1.0
39.0,1.0
131.0,0.9333333333333333
194.0,0.8666666666666667
250.0,0.8666666666666667
394.0,0.8666666666666667
475.0,0.8666666666666667
499.0,0.8666666666666667
583.0,0.8666666666666667
628.0,0.7428571428571429
721.0,0.7428571428571429
980.0,0.7428571428571429
1035.0,0.7428571428571429
1129.0,0.7428571428571429
1141.0,0.7428571428571429
1437.0,0.7428571428571429
