time,probability
1.0,1.0
5.0,1.0
17.0,0.8333333333333334
42.0,0.8333333333333334
157.0,0.8333333333333334
363.0,0.8333333333333334
533.0,0.8333333333333334
562.0,0.8333333333333334
