time,probability
1.0,0.95
2.0,0.95
3.0,0.8444444444444443
5.0,0.7916666666666665
7.0,0.7388888888888888
8.0,0.6861111111111111
13.0,0.6861111111111111
23.0,0.6861111111111111
27.0,0.6861111111111111
42.0,0.6861111111111111
49.0,0.6098765432098765
51.0,0.5336419753086419
62.0,0.4574074074074073
244.0,0.38117283950617276
250.0,0.30493827160493825
355.0,0.30493827160493825
533.0,0.30493827160493825
604.0,0.15246913580246912
683.0,0.0
