{
  "closed": "right",
  "cut_points": {
    "age": [
      29.0,
      45.0,
      52.400000000000006,
      57.0,
      62.0,
      76.0
    ],
    "trestbps": [
      94.0,
      120.0,
      128.0,
      135.0,
      144.8,
      200.0
    ],
    "chol": [
      126.0,
      204.0,
      230.0,
      254.0,
      285.6,
      564.0
    ],
    "thalach": [
      71.0,
      130.0,
      146.0,
      158.0,
      169.0,
      202.0
    ],
    "oldpeak": [
      0.0,
      0.3,
      1.2,
      1.9,
      6.2
    ],
    "ca": [
      0.0,
      0.8962962962962948,
      1.0,
      3.0
    ]
  }
}