{
  "closed": "right",
  "cut_points": {
    "unit_number": [
      1.0,
      2.0,
      7.0,
      9.0,
      10.0
    ],
    "proof_cut": [
      25.0,
      40.0,
      42.0,
      45.56388888888889,
      50.0,
      72.5
    ],
    "viscosity": [
      35.0,
      43.0,
      48.0,
      54.0,
      58.0,
      72.0
    ],
    "ink_temperature": [
      11.2,
      14.5,
      15.0,
      15.6,
      16.1,
      24.5
    ],
    "humifity": [
      57.0,
      72.0,
      76.0,
      80.0,
      85.0,
      105.0
    ],
    "roughness": [
      0.05625,
      0.625,
      0.75,
      0.875,
      1.25
    ],
    "blade_pressure": [
      16.0,
      25.0,
      30.0,
      34.0,
      70.0
    ],
    "varnish_pct": [
      0.0,
      5.117151162790697,
      10.6,
      35.8
    ],
    "press_speed": [
      0.0,
      1550.0,
      1736.0,
      1900.0,
      2125.0,
      2600.0
    ],
    "ink_pct": [
      41.0,
      51.5,
      55.6,
      58.1,
      59.0,
      76.9
    ],
    "solvent_pct": [
      22.0,
      36.1,
      38.0,
      39.2,
      41.2,
      53.4
    ],
    "ESA_Voltage": [
      0.0,
      0.9002890173410405,
      2.0,
      16.0
    ],
    "ESA_Amperage": [
      0.0,
      6.0
    ],
    "wax": [
      0.0,
      2.1,
      2.5,
      2.8,
      3.1
    ],
    "hardener": [
      0.0,
      0.8,
      1.0,
      1.2,
      2.8
    ],
    "roller_durometer": [
      28.0,
      30.0,
      34.0,
      35.0,
      40.0,
      60.0
    ],
    "anode_space_ratio": [
      83.33,
      100.0,
      103.22,
      106.66,
      117.86
    ]
  }
}