{
  "closed": "right",
  "cut_points": {
    "mpg": [
      16.100000381469727,
      21.049999237060547,
      30.950000762939453
    ],
    "displacement": [
      97.25,
      169.5
    ],
    "horsepower": [
      78.0,
      134.0
    ],
    "weight": [
      2379.5,
      2959.5,
      3410.0
    ],
    "acceleration": [
      13.5
    ]
  }
}