time,probability
1.0,0.9649122807017544
2.0,0.9473684210526315
6.0,0.9298245614035088
7.0,0.8947368421052632
10.0,0.8771929824561403
18.0,0.8596491228070174
20.0,0.8245614035087718
26.0,0.807017543859649
31.0,0.7894736842105262
32.0,0.7543859649122806
49.0,0.7368421052631577
53.0,0.7192982456140349
57.0,0.701754385964912
69.0,0.6842105263157892
91.0,0.6666666666666663
129.0,0.6491228070175435
132.0,0.6315789473684208
143.0,0.6140350877192979
151.0,0.5964912280701752
166.0,0.5789473684210524
226.0,0.5614035087719297
295.0,0.5438596491228069
312.0,0.5263157894736842
321.0,0.5087719298245614
328.0,0.4912280701754386
354.0,0.4736842105263158
371.0,0.4736842105263158
399.0,0.4736842105263158
422.0,0.45473684210526316
445.0,0.45473684210526316
473.0,0.43496567505720823
497.0,0.4151945080091533
521.0,0.4151945080091533
530.0,0.39443478260869563
535.0,0.39443478260869563
562.0,0.37252173913043474
632.0,0.35060869565217384
649.0,0.328695652173913
718.0,0.30678260869565216
905.0,0.2848695652173913
1054.0,0.2629565217391305
1136.0,0.2629565217391305
1232.0,0.2390513833992095
1235.0,0.2390513833992095
1277.0,0.2390513833992095
1336.0,0.2390513833992095
1363.0,0.2390513833992095
1377.0,0.19920948616600792
1536.0,0.15936758893280634
1548.0,0.11952569169960475
1831.0,0.11952569169960475
1939.0,0.11952569169960475
2126.0,0.11952569169960475
