time,probability
1.0,0.9795918367346939
2.0,0.9591836734693877
6.0,0.9387755102040816
7.0,0.8979591836734694
10.0,0.8775510204081632
18.0,0.8571428571428571
20.0,0.836734693877551
26.0,0.8163265306122448
31.0,0.7959183673469387
32.0,0.7551020408163264
49.0,0.7346938775510203
53.0,0.7142857142857142
57.0,0.693877551020408
69.0,0.6734693877551019
91.0,0.6530612244897958
129.0,0.6326530612244896
132.0,0.6122448979591835
143.0,0.5918367346938773
151.0,0.5714285714285713
166.0,0.5510204081632651
226.0,0.530612244897959
295.0,0.5102040816326529
321.0,0.4897959183673467
328.0,0.4693877551020406
354.0,0.4489795918367345
371.0,0.4489795918367345
399.0,0.4489795918367345
422.0,0.4265306122448978
445.0,0.4265306122448978
473.0,0.4028344671201812
497.0,0.37913832199546466
521.0,0.37913832199546466
530.0,0.3538624338624337
535.0,0.3538624338624337
562.0,0.3266422466422465
632.0,0.2994220594220593
649.0,0.2722018722018721
718.0,0.24498168498168488
905.0,0.21776149776149767
1136.0,0.21776149776149767
1232.0,0.18665271236699799
1336.0,0.18665271236699799
1363.0,0.18665271236699799
1377.0,0.1399895342752485
1548.0,0.09332635618349899
1831.0,0.09332635618349899
2126.0,0.09332635618349899
