time,probability
177.0,0.9473684210526315
180.0,0.894736842105263
186.0,0.894736842105263
233.0,0.8388157894736841
293.0,0.7828947368421052
308.0,0.7269736842105263
403.0,0.6710526315789475
417.0,0.6151315789473685
420.0,0.5592105263157895
525.0,0.5032894736842105
526.0,0.5032894736842105
542.0,0.4403782894736842
552.0,0.37746710526315785
624.0,0.3145559210526316
779.0,0.3145559210526316
891.0,0.23591694078947367
1225.0,0.15727796052631576
1701.0,0.15727796052631576
1720.0,0.15727796052631576
