{
  "closed": "right",
  "cut_points": {
    "mcg": [
      0.0,
      0.31,
      0.44,
      0.6,
      0.69,
      0.89
    ],
    "gvh": [
      0.16,
      0.37,
      0.44,
      0.51,
      0.61,
      1.0
    ],
    "lip": [
      0.48,
      1.0
    ],
    "chg": [
      0.5,
      1.0
    ],
    "aac": [
      0.0,
      0.41,
      0.46,
      0.52,
      0.58,
      0.86
    ],
    "alm1": [
      0.03,
      0.3,
      0.4060000000000001,
      0.54,
      0.7340000000000003,
      1.0
    ],
    "alm2": [
      0.01,
      0.33,
      0.39,
      0.5040000000000001,
      0.74,
      0.99
    ]
  }
}