{
  "closed": "right",
  "cut_points": {
    "sepallength": [
      5.5,
      6.0
    ],
    "sepalwidth": [
      3.0999999046325684
    ],
    "petallength": [
      2.450000047683716,
      4.900000095367432
    ],
    "petalwidth": [
      0.800000011920929,
      1.600000023841858
    ]
  }
}