time,probability
1.0,0.7777777777777778
2.0,0.6111111111111112
3.0,0.3888888888888889
4.0,0.3333333333333333
7.0,0.2777777777777778
8.0,0.22222222222222224
15.0,0.11111111111111112
28.0,0.05555555555555556
68.0,0.0
