time,probability
210.0,0.6666666666666666
1516.0,0.3333333333333333
2782.0,0.0
