time,probability
204.0,0.8571428571428571
718.0,0.7142857142857143
752.0,0.5714285714285715
779.0,0.4285714285714286
1062.0,0.2857142857142857
1927.0,0.2857142857142857
2565.0,0.0
