time,probability
529.0,0.9166666666666666
752.0,0.8333333333333333
779.0,0.75
793.0,0.6666666666666666
967.0,0.5833333333333333
1062.0,0.4999999999999999
1075.0,0.4166666666666666
1779.0,0.4166666666666666
1812.0,0.4166666666666666
1860.0,0.2777777777777777
2059.0,0.2777777777777777
2565.0,0.0
