time,probability
185.0,0.8888888888888888
232.0,0.7777777777777777
493.0,0.6666666666666665
667.0,0.5555555555555555
1041.0,0.4444444444444444
1312.0,0.3333333333333333
1958.0,0.3333333333333333
2209.0,0.3333333333333333
3872.0,0.3333333333333333
