{
  "closed": "right",
  "cut_points": {
    "age": [
      29.0,
      45.0,
      53.0,
      58.0,
      62.80000000000001,
      77.0
    ],
    "trestbps": [
      94.0,
      120.0,
      128.0,
      135.0,
      145.0,
      200.0
    ],
    "chol": [
      126.0,
      204.0,
      229.4,
      252.6,
      283.0,
      564.0
    ],
    "thalach": [
      71.0,
      131.0,
      147.0,
      159.0,
      170.0,
      202.0
    ],
    "oldpeak": [
      0.0,
      0.3,
      1.0599999999999994,
      1.9,
      6.2
    ],
    "ca": [
      0.0,
      0.2732919254658385,
      1.0,
      3.0
    ]
  }
}