time,probability
1.91102,0.8333333333333334
4.867899,0.8333333333333334
10.321697,0.8333333333333334
13.347023,0.8333333333333334
15.290897,0.8333333333333334
18.05065,0.8333333333333334
