time,probability
0.002738,0.75
0.238193,0.71875
0.303901,0.6875
0.33128,0.65625
0.391513,0.625
0.405202,0.59375
0.689938,0.5625
0.826831,0.53125
1.051335,0.5
1.067762,0.46875
1.407255,0.4375
1.486653,0.40625
1.848049,0.375
1.880903,0.34375
2.110883,0.3125
2.193018,0.28125
2.236824,0.25
2.696783,0.21875
2.767967,0.21875
3.008898,0.18229166666666669
3.622177,0.14583333333333334
4.005476,0.109375
6.058864,0.07291666666666666
8.922656,0.03645833333333333
10.179329,0.0
