time,probability
6.0,0.9090909090909091
10.0,0.8181818181818181
28.0,0.7272727272727272
41.0,0.6363636363636362
60.0,0.5454545454545453
64.0,0.4545454545454544
96.0,0.36363636363636354
137.0,0.27272727272727265
174.0,0.18181818181818177
202.0,0.09090909090909088
999.0,0.09090909090909088
