time,probability
41.0,0.8888888888888888
55.0,0.8333333333333333
59.0,0.7777777777777777
60.0,0.7222222222222222
64.0,0.6666666666666667
90.0,0.6111111111111112
130.0,0.5555555555555556
161.0,0.5
163.0,0.4444444444444444
174.0,0.38888888888888884
181.0,0.33333333333333326
214.0,0.27777777777777773
306.0,0.2222222222222222
385.0,0.16666666666666666
999.0,0.16666666666666666
1214.0,0.16666666666666666
2354.0,0.16666666666666666
