time,probability
59.0,0.9230769230769231
115.0,0.8461538461538461
306.0,0.7692307692307692
580.0,0.7692307692307692
754.0,0.7692307692307692
1109.0,0.7692307692307692
1185.0,0.7692307692307692
1257.0,0.7692307692307692
1297.0,0.7692307692307692
1301.0,0.7692307692307692
1385.0,0.7692307692307692
2293.0,0.7692307692307692
2461.0,0.7692307692307692
