time,probability
202.0,0.8888888888888888
353.0,0.7777777777777777
1679.0,0.7777777777777777
1754.0,0.7777777777777777
1781.0,0.7777777777777777
1937.0,0.7777777777777777
1949.0,0.7777777777777777
2117.0,0.7777777777777777
2800.0,0.7777777777777777
