{
  "closed": "right",
  "cut_points": {
    "age": [
      29.0,
      45.0,
      53.0,
      58.0,
      62.0,
      77.0
    ],
    "trestbps": [
      94.0,
      120.0,
      127.60000000000002,
      134.0,
      144.60000000000002,
      200.0
    ],
    "chol": [
      126.0,
      205.4,
      231.8,
      255.0,
      286.0,
      564.0
    ],
    "thalach": [
      71.0,
      130.0,
      147.0,
      160.0,
      170.0,
      202.0
    ],
    "oldpeak": [
      0.0,
      0.38000000000000117,
      1.2,
      1.9,
      6.2
    ],
    "ca": [
      0.0,
      1.0,
      2.0,
      3.0
    ]
  }
}