{
  "closed": "right",
  "cut_points": {
    "attribute_1": [
      0.05204999819397926
    ],
    "attribute_2": [],
    "attribute_3": [],
    "attribute_4": [
      0.052000001072883606
    ],
    "attribute_5": [
      0.03920000046491623
    ],
    "attribute_6": [],
    "attribute_7": [],
    "attribute_8": [],
    "attribute_9": [
      0.11640000343322754
    ],
    "attribute_10": [
      0.16529999673366547
    ],
    "attribute_11": [
      0.178849995136261
    ],
    "attribute_12": [
      0.16769999265670776
    ],
    "attribute_13": [
      0.162650004029274
    ],
    "attribute_14": [],
    "attribute_15": [],
    "attribute_16": [],
    "attribute_17": [],
    "attribute_18": [],
    "attribute_19": [],
    "attribute_20": [],
    "attribute_21": [
      0.6496000289916992
    ],
    "attribute_22": [],
    "attribute_23": [],
    "attribute_24": [],
    "attribute_25": [],
    "attribute_26": [],
    "attribute_27": [],
    "attribute_28": [
      0.9176499843597412
    ],
    "attribute_29": [],
    "attribute_30": [],
    "attribute_31": [],
    "attribute_32": [],
    "attribute_33": [],
    "attribute_34": [],
    "attribute_35": [],
    "attribute_36": [
      0.4426499903202057
    ],
    "attribute_37": [
      0.3765999972820282
    ],
    "attribute_38": [],
    "attribute_39": [],
    "attribute_40": [],
    "attribute_41": [],
    "attribute_42": [],
    "attribute_43": [],
    "attribute_44": [
      0.4271000027656555
    ],
    "attribute_45": [
      0.38545000553131104
    ],
    "attribute_46": [
      0.07315000146627426
    ],
    "attribute_47": [
      0.06235000118613243
    ],
    "attribute_48": [
      0.0758500024676323
    ],
    "attribute_49": [
      0.045249998569488525
    ],
    "attribute_50": [],
    "attribute_51": [
      0.012500000186264515
    ],
    "attribute_52": [
      0.009349999949336052
    ],
    "attribute_53": [],
    "attribute_54": [
      0.02250000089406967
    ],
    "attribute_55": [],
    "attribute_56": [],
    "attribute_57": [],
    "attribute_58": [],
    "attribute_59": [],
    "attribute_60": []
  }
}