time,probability
163.0,0.8571428571428571
199.0,0.7142857142857143
519.0,0.5714285714285715
583.0,0.4285714285714286
707.0,0.2857142857142857
731.0,0.14285714285714285
740.0,0.14285714285714285
