{
  "closed": "right",
  "cut_points": {
    "carbon": [
      3.5
    ],
    "hardness": [
      0.0,
      75.0
    ],
    "strength": [
      375.0,
      450.0,
      550.0
    ],
    "thick": [
      0.5,
      0.6000000238418579,
      0.7994999885559082,
      0.8004999756813049,
      1.5494999885559082,
      2.0999999046325684,
      3.200000047683716
    ],
    "width": [
      1167.5,
      1220.0,
      1410.050048828125
    ],
    "len": [
      0.0
    ]
  }
}