time,probability
1.0,1.0
2.0,1.0
5.0,1.0
39.0,1.0
40.0,0.9230769230769231
130.0,0.9230769230769231
186.0,0.9230769230769231
250.0,0.9230769230769231
268.0,0.8205128205128205
314.0,0.8205128205128205
475.0,0.8205128205128205
490.0,0.8205128205128205
721.0,0.8205128205128205
984.0,0.8205128205128205
1027.0,0.8205128205128205
1129.0,0.8205128205128205
1141.0,0.8205128205128205
