time,probability
17.0,1.0
40.0,0.9090909090909091
147.0,0.9090909090909091
171.0,0.9090909090909091
347.0,0.9090909090909091
408.0,0.9090909090909091
480.0,0.9090909090909091
490.0,0.9090909090909091
574.0,0.6818181818181818
817.0,0.6818181818181818
1168.0,0.6818181818181818
1350.0,0.6818181818181818
