{
  "closed": "right",
  "cut_points": {
    "attribute_1": [
      0.0015,
      0.012660000000000001,
      0.0201,
      0.02712,
      0.04088,
      0.1371
    ],
    "attribute_2": [
      0.0006,
      0.0137,
      0.0222,
      0.03696,
      0.05454000000000002,
      0.2339
    ],
    "attribute_3": [
      0.0015,
      0.015680000000000003,
      0.027520000000000003,
      0.0404,
      0.06228,
      0.3059
    ],
    "attribute_4": [
      0.0058,
      0.02194,
      0.035320000000000004,
      0.049199999999999994,
      0.07570000000000006,
      0.4264
    ],
    "attribute_5": [
      0.0067,
      0.031180000000000003,
      0.04682000000000001,
      0.06911999999999999,
      0.10716,
      0.401
    ],
    "attribute_6": [
      0.0102,
      0.05722,
      0.07902,
      0.10266,
      0.14312,
      0.307
    ],
    "attribute_7": [
      0.0033,
      0.07246000000000001,
      0.09744000000000001,
      0.12576,
      0.16566000000000003,
      0.3322
    ],
    "attribute_8": [
      0.0055,
      0.06688,
      0.09972,
      0.13522,
      0.1833,
      0.459
    ],
    "attribute_9": [
      0.0117,
      0.08367999999999999,
      0.13032000000000002,
      0.17182,
      0.25828000000000007,
      0.6828
    ],
    "attribute_10": [
      0.0113,
      0.09204,
      0.14616,
      0.20975999999999997,
      0.29324000000000006,
      0.7106
    ],
    "attribute_11": [
      0.0289,
      0.11012000000000001,
      0.17930000000000001,
      0.25035999999999997,
      0.3204,
      0.7342
    ],
    "attribute_12": [
      0.0236,
      0.10872,
      0.20708000000000001,
      0.27202,
      0.34646000000000005,
      0.6552
    ],
    "attribute_13": [
      0.0184,
      0.14424,
      0.22048,
      0.28828,
      0.38234,
      0.7131
    ],
    "attribute_14": [
      0.0273,
      0.14176000000000002,
      0.22991999999999999,
      0.3087,
      0.40584000000000003,
      0.997
    ],
    "attribute_15": [
      0.0031,
      0.13906000000000002,
      0.21188,
      0.32825999999999994,
      0.5019600000000001,
      1.0
    ],
    "attribute_16": [
      0.0162,
      0.17128000000000002,
      0.23686000000000001,
      0.38908,
      0.5544800000000001,
      0.9988
    ],
    "attribute_17": [
      0.0349,
      0.17944000000000002,
      0.26008000000000003,
      0.40032,
      0.6964400000000002,
      1.0
    ],
    "attribute_18": [
      0.0375,
      0.2181,
      0.29482,
      0.45406,
      0.7283400000000003,
      1.0
    ],
    "attribute_19": [
      0.0494,
      0.26914,
      0.36636,
      0.5433,
      0.79572,
      1.0
    ],
    "attribute_20": [
      0.074,
      0.32298,
      0.44894,
      0.6622599999999998,
      0.8369,
      1.0
    ],
    "attribute_21": [
      0.0512,
      0.34887999999999997,
      0.52676,
      0.7246199999999999,
      0.8528600000000001,
      1.0
    ],
    "attribute_22": [
      0.0219,
      0.36892,
      0.5754800000000001,
      0.7484999999999999,
      0.85366,
      1.0
    ],
    "attribute_23": [
      0.0563,
      0.42212000000000005,
      0.62208,
      0.7681999999999999,
      0.87684,
      1.0
    ],
    "attribute_24": [
      0.0239,
      0.48624,
      0.6419,
      0.76136,
      0.89624,
      1.0
    ],
    "attribute_25": [
      0.024,
      0.48184,
      0.66372,
      0.78096,
      0.89278,
      1.0
    ],
    "attribute_26": [
      0.0921,
      0.48788000000000004,
      0.6760999999999999,
      0.81508,
      0.9067000000000001,
      1.0
    ],
    "attribute_27": [
      0.0481,
      0.47282,
      0.65874,
      0.83204,
      0.9370200000000001,
      1.0
    ],
    "attribute_28": [
      0.0284,
      0.48844000000000004,
      0.6564000000000001,
      0.79946,
      0.91828,
      1.0
    ],
    "attribute_29": [
      0.0144,
      0.44034,
      0.56054,
      0.76398,
      0.87144,
      1.0
    ],
    "attribute_30": [
      0.0613,
      0.37844,
      0.5209400000000001,
      0.6494,
      0.77332,
      1.0
    ],
    "attribute_31": [
      0.0482,
      0.31382000000000004,
      0.43398,
      0.55538,
      0.6854600000000003,
      0.9657
    ],
    "attribute_32": [
      0.0624,
      0.24678,
      0.36346,
      0.48976,
      0.63478,
      0.9306
    ],
    "attribute_33": [
      0.0477,
      0.22856,
      0.34536,
      0.47515999999999997,
      0.6115200000000001,
      1.0
    ],
    "attribute_34": [
      0.0212,
      0.19746,
      0.31848000000000004,
      0.43822,
      0.62464,
      0.9647
    ],
    "attribute_35": [
      0.0223,
      0.16458,
      0.27546,
      0.40174,
      0.6659200000000001,
      1.0
    ],
    "attribute_36": [
      0.008,
      0.14316,
      0.24362000000000006,
      0.44914,
      0.6713399999999999,
      1.0
    ],
    "attribute_37": [
      0.0351,
      0.15508,
      0.24942000000000003,
      0.40354,
      0.5891400000000001,
      0.9497
    ],
    "attribute_38": [
      0.0383,
      0.1606,
      0.24032,
      0.36162,
      0.47912000000000005,
      1.0
    ],
    "attribute_39": [
      0.0371,
      0.16088000000000002,
      0.23452,
      0.34635999999999995,
      0.4983000000000001,
      0.9857
    ],
    "attribute_40": [
      0.0117,
      0.1594,
      0.24817999999999998,
      0.32517999999999997,
      0.46624000000000027,
      0.9167
    ],
    "attribute_41": [
      0.036,
      0.14901999999999999,
      0.22478,
      0.29816,
      0.43370000000000003,
      0.7664
    ],
    "attribute_42": [
      0.0056,
      0.13726,
      0.20896000000000003,
      0.28722000000000003,
      0.41986000000000007,
      0.8246
    ],
    "attribute_43": [
      0.0,
      0.12448000000000001,
      0.19240000000000004,
      0.25984,
      0.3517,
      0.7517
    ],
    "attribute_44": [
      0.0,
      0.10040000000000002,
      0.15568,
      0.2018,
      0.30678,
      0.5772
    ],
    "attribute_45": [
      0.0,
      0.07958000000000001,
      0.13166,
      0.17915999999999999,
      0.28134,
      0.7034
    ],
    "attribute_46": [
      0.0,
      0.06606000000000001,
      0.10496000000000001,
      0.1639,
      0.2242,
      0.7292
    ],
    "attribute_47": [
      0.0,
      0.05988,
      0.08802,
      0.11411999999999999,
      0.17216,
      0.5522
    ],
    "attribute_48": [
      0.0,
      0.04044,
      0.06644000000000001,
      0.09552000000000001,
      0.13570000000000002,
      0.3339
    ],
    "attribute_49": [
      0.0,
      0.02306,
      0.035539999999999995,
      0.052239999999999995,
      0.07686,
      0.1794
    ],
    "attribute_50": [
      0.0,
      0.0095,
      0.015340000000000001,
      0.020739999999999998,
      0.02758,
      0.0825
    ],
    "attribute_51": [
      0.0,
      0.006680000000000001,
      0.012140000000000001,
      0.01602,
      0.0223,
      0.1004
    ],
    "attribute_52": [
      0.0008,
      0.0062,
      0.00918,
      0.013219999999999999,
      0.01874000000000001,
      0.0709
    ],
    "attribute_53": [
      0.0005,
      0.0045,
      0.0074,
      0.0114,
      0.015760000000000003,
      0.039
    ],
    "attribute_54": [
      0.0011,
      0.0047,
      0.0081,
      0.011079999999999998,
      0.01598,
      0.0352
    ],
    "attribute_55": [
      0.0006,
      0.0037,
      0.0062,
      0.00866,
      0.013220000000000004,
      0.0447
    ],
    "attribute_56": [
      0.0004,
      0.00372,
      0.0057,
      0.00802,
      0.011880000000000002,
      0.0394
    ],
    "attribute_57": [
      0.0003,
      0.0034,
      0.0054,
      0.0078,
      0.011160000000000002,
      0.0355
    ],
    "attribute_58": [
      0.0003,
      0.00302,
      0.0049,
      0.007819999999999999,
      0.01148,
      0.044
    ],
    "attribute_59": [
      0.0002,
      0.0033,
      0.0053,
      0.0073,
      0.011,
      0.0364
    ],