time,probability
19.0,1.0
35.0,1.0
42.0,1.0
65.0,1.0
163.0,1.0
180.0,1.0
204.0,1.0
380.0,1.0
483.0,1.0
518.0,1.0
534.0,1.0
566.0,1.0
683.0,0.6666666666666666
774.0,0.6666666666666666
1067.0,0.6666666666666666
