time,probability
6.0,0.8888888888888888
7.0,0.7777777777777777
31.0,0.6666666666666665
64.0,0.5555555555555555
537.0,0.4444444444444444
612.0,0.3333333333333333
849.0,0.2222222222222222
1346.0,0.2222222222222222
2178.0,0.2222222222222222
