time,probability
1.0,0.96875
3.0,0.9375
6.0,0.875
7.0,0.78125
14.0,0.75
19.0,0.71875
20.0,0.6875
31.0,0.65625
69.0,0.625
91.0,0.59375
108.0,0.5625
109.0,0.53125
129.0,0.5
135.0,0.46875
140.0,0.4375
143.0,0.40625
146.0,0.375
166.0,0.34375
313.0,0.3125
343.0,0.28125
354.0,0.25
359.0,0.21875
397.0,0.1875
445.0,0.1875
535.0,0.15000000000000002
670.0,0.11250000000000002
718.0,0.07500000000000001
920.0,0.037500000000000006
1190.0,0.037500000000000006
