time,probability
1.0,0.8387096774193549
2.0,0.7419354838709677
3.0,0.6129032258064516
5.0,0.5806451612903225
7.0,0.5161290322580644
8.0,0.4838709677419354
10.0,0.4516129032258064
11.0,0.4193548387096774
12.0,0.3870967741935484
15.0,0.3225806451612903
19.0,0.2903225806451613
48.0,0.25806451612903225
68.0,0.22580645161290322
234.0,0.1935483870967742
350.0,0.16129032258064516
409.0,0.12903225806451613
518.0,0.0967741935483871
623.0,0.06451612903225806
1647.0,0.06451612903225806
2335.0,0.0
