time,probability
5088.0,0.6666666666666666
5930.0,0.3333333333333333
7093.0,0.3333333333333333
