time,probability
0.002738,0.7272727272727273
0.238193,0.6818181818181819
0.303901,0.6363636363636365
0.33128,0.590909090909091
0.391513,0.5454545454545456
0.689938,0.5000000000000001
0.826831,0.45454545454545464
1.407255,0.40909090909090917
1.486653,0.3636363636363637
1.848049,0.31818181818181823
1.880903,0.27272727272727276
2.110883,0.22727272727272732
2.193018,0.18181818181818188
2.915811,0.1363636363636364
6.058864,0.09090909090909094
8.922656,0.04545454545454547
10.179329,0.0
