{
  "closed": "right",
  "cut_points": {
    "Alcohol": [
      11.03,
      12.244,
      12.77,
      13.294,
      13.742,
      14.83
    ],
    "Malic_acid": [
      0.89,
      1.51,
      1.73,
      2.138,
      3.43,
      5.8
    ],
    "Ash": [
      1.7,
      2.17,
      2.3,
      2.414,
      2.61,
      3.23
    ],
    "Alcalinity_of_ash": [
      11.2,
      16.68,
      18.5,
      20.0,
      22.1,
      28.5
    ],
    "Magnesium": [
      70.0,
      87.8,
      94.6,
      101.0,
      111.0,
      162.0
    ],
    "Total_phenols": [
      0.98,
      1.68,
      2.1,
      2.554,
      2.864,
      3.88
    ],
    "Flavanoids": [
      0.34,
      0.838,
      1.75,
      2.504,
      2.982,
      5.08
    ],
    "Nonflavanoid_phenols": [
      0.13,
      0.26,
      0.3,
      0.3939999999999999,
      0.48,
      0.66
    ],
    "Proanthocyanins": [
      0.41,
      1.108,
      1.406,
      1.694,
      2.01,
      3.58
    ],
    "Color_intensity": [
      1.28,
      2.9,
      4.06,
      5.339999999999999,
      7.06,
      13.0
    ],
    "Hue": [
      0.54,
      0.738,
      0.906,
      1.034,
      1.152,
      1.71
    ],
    "OD280/OD315_of_diluted_wines": [
      1.27,
      1.816,
      2.55,
      2.918,
      3.264,
      4.0
    ],
    "Proline": [
      278.0,
      471.6,
      618.0,
      743.9999999999999,
      1045.0,
      1680.0
    ]
  }
}