time,probability
6.0,0.9090909090909091
31.0,0.8181818181818181
41.0,0.7272727272727272
48.0,0.6363636363636362
67.0,0.5454545454545453
161.0,0.4545454545454544
321.0,0.36363636363636354
385.0,0.27272727272727265
397.0,0.18181818181818177
403.0,0.09090909090909088
511.0,0.09090909090909088
