time,probability
55.0,0.8571428571428571
56.0,0.7142857142857143
60.0,0.5714285714285715
90.0,0.4285714285714286
202.0,0.2857142857142857
246.0,0.14285714285714285
435.0,0.0
