time,probability
35.0,0.8333333333333334
41.0,0.6666666666666667
90.0,0.5
96.0,0.3333333333333333
174.0,0.16666666666666666
261.0,0.0
