time,probability
1.0,0.9807692307692307
2.0,0.9423076923076923
3.0,0.923076923076923
4.0,0.9134615384615384
5.0,0.8942307692307693
6.0,0.8557692307692308
7.0,0.8365384615384616
10.0,0.826923076923077
11.0,0.8076923076923077
14.0,0.7884615384615384
16.0,0.7788461538461539
19.0,0.75
20.0,0.7403846153846154
32.0,0.7307692307692308
33.0,0.7211538461538461
34.0,0.7115384615384616
52.0,0.701923076923077
53.0,0.6923076923076923
55.0,0.6826923076923077
64.0,0.6730769230769231
83.0,0.6634615384615385
93.0,0.653846153846154
95.0,0.6442307692307694
118.0,0.6346153846153847
140.0,0.6153846153846155
143.0,0.605769230769231
166.0,0.5961538461538463
169.0,0.5769230769230771
200.0,0.5673076923076924
235.0,0.5576923076923078
287.0,0.5480769230769231
289.0,0.5384615384615384
295.0,0.5288461538461537
312.0,0.5192307692307692
321.0,0.5096153846153846
345.0,0.49999999999999994
358.0,0.4903846153846153
359.0,0.48076923076923067
382.0,0.47115384615384603
385.0,0.4615384615384614
398.0,0.4615384615384614
406.0,0.4517184942716856
445.0,0.4517184942716856
446.0,0.44145216485642
458.0,0.44145216485642
465.0,0.43094139902650525
497.0,0.42043063319659046
521.0,0.42043063319659046
522.0,0.42043063319659046
524.0,0.42043063319659046
535.0,0.40906764311019617
551.0,0.40906764311019617
559.0,0.39737999616419056
578.0,0.39737999616419056
606.0,0.39737999616419056
646.0,0.3849618712840596
849.0,0.3725437464039287
865.0,0.36012562152379773
905.0,0.3477074966436668
953.0,0.33528937176353585
1114.0,0.33528937176353585
1152.0,0.32239362669570754
1159.0,0.3094978816278792
1165.0,0.2966021365600509
1174.0,0.2837063914922226
1211.0,0.2837063914922226
1244.0,0.2837063914922226
1257.0,0.2837063914922226
1295.0,0.2837063914922226
1408.0,0.2837063914922226
1536.0,0.26701778022797423
1548.0,0.25032916896372587
1553.0,0.23364055769947747
1579.0,0.21695194643522908
1887.0,0.21695194643522908
1889.0,0.21695194643522908
1904.0,0.21695194643522908
1914.0,0.21695194643522908
1955.0,0.21695194643522908
1977.0,0.21695194643522908
2006.0,0.21695194643522908
2009.0,0.21695194643522908
2126.0,0.21695194643522908
2156.0,0.21695194643522908
2172.0,0.21695194643522908
