{
  "closed": "right",
  "cut_points": {
    "unit_number": [],
    "proof_cut": [],
    "viscosity": [],
    "ink_temperature": [],
    "humifity": [
      69.5
    ],
    "roughness": [],
    "blade_pressure": [],
    "varnish_pct": [
      5.108575344085693,
      5.400000095367432
    ],
    "press_speed": [
      2200.0
    ],
    "ink_pct": [
      55.599998474121094,
      56.20000076293945,
      56.618167877197266
    ],
    "solvent_pct": [],
    "ESA_Voltage": [
      0.7001445293426514,
      1.0,
      4.0
    ],
    "ESA_Amperage": [
      0.011560693383216858,
      0.26156070828437805
    ],
    "wax": [
      0.699999988079071
    ],
    "hardener": [],
    "roller_durometer": [
      35.0,
      38.0
    ],
    "anode_space_ratio": []
  }
}