time,probability
15.0,0.9090909090909091
56.0,0.8181818181818181
57.0,0.7272727272727272
66.0,0.6363636363636362
137.0,0.5454545454545453
382.0,0.4545454545454544
385.0,0.36363636363636354
745.0,0.27272727272727265
1376.0,0.27272727272727265
2112.0,0.27272727272727265
2932.0,0.27272727272727265
