time,probability
55.0,0.9230769230769231
56.0,0.8461538461538461
60.0,0.7692307692307692
90.0,0.6923076923076923
115.0,0.6153846153846153
137.0,0.5384615384615384
202.0,0.4615384615384615
214.0,0.3846153846153846
246.0,0.3076923076923077
403.0,0.23076923076923078
2293.0,0.23076923076923078
2373.0,0.23076923076923078
3288.0,0.23076923076923078
