{
  "closed": "right",
  "cut_points": {
    "RI": [
      1.51115,
      1.516298,
      1.517258,
      1.518012,
      1.519738,
      1.53393
    ],
    "Na": [
      10.73,
      12.85,
      13.116,
      13.44,
      13.992,
      17.38
    ],
    "Mg": [
      0.0,
      0.1320000000000019,
      3.3860000000000006,
      3.5319999999999996,
      3.62,
      4.49
    ],
    "Al": [
      0.29,
      1.16,
      1.2980000000000003,
      1.51,
      1.7520000000000004,
      3.5
    ],
    "Si": [
      69.81,
      72.184,
      72.67,
      72.952,
      73.132,
      75.41
    ],
    "'K'": [
      0.0,
      0.09400000000000006,
      0.5080000000000001,
      0.58,
      0.6260000000000002,
      6.21
    ],
    "Ca": [
      5.79,
      8.113999999999999,
      8.44,
      8.76,
      9.438,
      16.19
    ],
    "Ba": [
      0.0,
      3.15
    ],
    "Fe": [
      0.0,
      0.12,
      0.51
    ]
  }
}