time,probability
1.91102,0.875
2.767967,0.875
5.182752,0.875
5.908282,0.7000000000000001
7.063655,0.525
13.347023,0.525
15.290897,0.525
18.05065,0.525
