time,probability
5.637235,1.0
6.579055,0.8333333333333334
7.329227,0.6666666666666667
7.665982,0.6666666666666667
8.418891,0.4444444444444445
8.438056,0.4444444444444445
14.368241,0.4444444444444445
