time,probability
19.0,0.8333333333333334
60.0,0.6666666666666667
108.0,0.5
115.0,0.3333333333333333
174.0,0.16666666666666666
2800.0,0.16666666666666666
