{
  "closed": "right",
  "cut_points": {
    "age": [
      29.0,
      46.0,
      53.0,
      58.0,
      62.60000000000002,
      77.0
    ],
    "trestbps": [
      94.0,
      118.0,
      127.60000000000002,
      134.0,
      145.0,
      200.0
    ],
    "chol": [
      126.0,
      205.4,
      231.8,
      255.0,
      288.0,
      564.0
    ],
    "thalach": [
      71.0,
      128.4,
      146.0,
      159.0,
      169.60000000000002,
      202.0
    ],
    "oldpeak": [
      0.0,
      0.4,
      1.119999999999999,
      1.9,
      6.2
    ],
    "ca": [
      0.0,
      1.0,
      3.0
    ]
  }
}