time,probability
11.0,0.9285714285714286
15.0,0.8571428571428572
19.0,0.7857142857142857
28.0,0.7142857142857143
42.0,0.6428571428571429
48.0,0.5714285714285714
53.0,0.5
60.0,0.42857142857142855
66.0,0.35714285714285715
163.0,0.28571428571428575
181.0,0.2142857142857143
246.0,0.14285714285714285
1627.0,0.14285714285714285
1838.0,0.14285714285714285
