time,probability
19.0,0.6666666666666666
102.0,0.3333333333333333
421.0,0.0
