time,probability
11.0,0.9090909090909091
15.0,0.8181818181818181
28.0,0.7272727272727272
60.0,0.6363636363636362
64.0,0.5454545454545453
246.0,0.4545454545454544
435.0,0.36363636363636354
996.0,0.27272727272727265
1000.0,0.27272727272727265
1397.0,0.27272727272727265
1838.0,0.27272727272727265
