time,probability
35.0,0.9166666666666666
41.0,0.8333333333333333
42.0,0.75
48.0,0.6666666666666666
53.0,0.5833333333333333
90.0,0.4999999999999999
96.0,0.4166666666666666
117.0,0.33333333333333326
161.0,0.24999999999999994
191.0,0.16666666666666663
214.0,0.08333333333333331
2105.0,0.08333333333333331
