time,probability
11.0,0.95
15.0,0.8999999999999999
19.0,0.8499999999999999
28.0,0.7999999999999998
42.0,0.7499999999999998
48.0,0.6999999999999998
53.0,0.6499999999999999
55.0,0.6
60.0,0.5499999999999999
66.0,0.49999999999999994
96.0,0.44999999999999996
163.0,0.3999999999999999
181.0,0.3499999999999999
246.0,0.29999999999999993
435.0,0.24999999999999994
1627.0,0.24999999999999994
1838.0,0.24999999999999994
2117.0,0.24999999999999994
2153.0,0.24999999999999994
3288.0,0.24999999999999994
