time,probability
3.0,0.9166666666666666
4.0,0.8333333333333333
5.0,0.75
11.0,0.75
18.0,0.75
42.0,0.6428571428571428
122.0,0.5357142857142857
150.0,0.5357142857142857
220.0,0.4017857142857143
226.0,0.4017857142857143
394.0,0.4017857142857143
1168.0,0.0
