model_type,variant,dataset,M-of-N count,integrated_brier_score (train),integrated_brier_score (test),rules,conditions_count,avg conditions per rule,avg rule quality,avg rule precision,avg rule coverage,training time total (s),training time growing (s),training time pruning (s),induction measure,pruning measure,voting measure
at_least_M-of-N,no_discretization,zinc,0,0.0866511330283271,0.0888892555010964,5,18.0,3.6,0.9999998915935698,1.0,0.2134020618556701,1706388454.892048,0.0612875529999999,0.044484165,Correlation,Correlation,Correlation
at_least_M-of-N,no_discretization,zinc,0,0.0923543471247524,0.1150720026871952,2,2.0,1.0,1.0,1.0,0.5927835051546392,1706384706.7465718,0.048591115,0.0163246619999999,Correlation,Correlation,Correlation
at_least_M-of-N,no_discretization,zinc,0,0.1047377181559179,0.1081791134589114,1,0.0,0.0,1.0,1.0,1.0,1706396688.016861,0.000581911,0.000254086,Correlation,Correlation,Correlation
at_least_M-of-N,no_discretization,zinc,2,0.0827967755297977,0.1605077871828092,4,9.0,2.25,0.9999999999999992,1.0,0.2899484536082474,1706400608.440638,0.070176778,0.05974155,Correlation,Correlation,Correlation
at_least_M-of-N,no_discretization,zinc,0,0.088965075813615,0.0656403136769997,6,13.0,2.1666666666666665,0.9740202607360656,1.0,0.3367697594501718,1706391084.4906547,0.057682762,0.0437318769999999,Correlation,Correlation,Correlation
at_least_M-of-N,no_discretization,zinc,1,0.094147129662362,0.0494621201005522,2,3.0,1.5,1.0,1.0,0.4987113402061855,1706393906.4917824,0.013053209,0.007229658,Correlation,Correlation,Correlation
at_least_M-of-N,no_discretization,zinc,0,0.0910226430358579,0.0771788847464572,4,5.0,1.25,0.9999999999993304,1.0,0.313953488372093,1706381320.7942634,0.053978899,0.028347244,Correlation,Correlation,Correlation
at_least_M-of-N,no_discretization,zinc,0,0.0924122687680618,0.0909960641026546,3,4.0,1.3333333333333333,0.999999999999896,1.0,0.5807560137457045,1706395495.2017746,0.022476025,0.007071123,Correlation,Correlation,Correlation
at_least_M-of-N,no_discretization,zinc,0,0.0880552858190499,0.0833278728370347,9,26.0,2.888888888888889,0.9999999999662884,1.0,0.1858533791523482,1706405758.3865385,0.112543192,0.137864636,Correlation,Correlation,Correlation
