model_type,variant,dataset,M-of-N count,integrated_brier_score (train),integrated_brier_score (test),rules,conditions_count,avg conditions per rule,avg rule quality,avg rule precision,avg rule coverage,training time total (s),training time growing (s),training time pruning (s),induction measure,pruning measure,voting measure
complex,no_discretization,zinc,0,0.0834755330185369,0.0889748794271872,6,15.0,2.5,0.9999999999999288,1.0,0.320446735395189,3736.609335157,3507.2083353790003,229.33632547,Correlation,Correlation,Correlation
complex,no_discretization,zinc,0,0.081469561823158,0.1266851964543542,5,11.0,2.2,0.999999999953402,1.0,0.265979381443299,3375.771968144,3161.2433043190003,214.474833179,Correlation,Correlation,Correlation
complex,no_discretization,zinc,0,0.0907216725315765,0.1077414702630477,2,2.0,1.0,1.0,1.0,0.5515463917525774,1180.850672354,1106.063402015,74.738153634,Correlation,Correlation,Correlation
complex,no_discretization,zinc,0,0.0799894783948703,0.1518436784161564,5,12.0,2.4,0.9999999999999996,1.0,0.2804123711340206,3903.490260726,3665.754427692,237.648338824,Correlation,Correlation,Correlation
complex,no_discretization,zinc,0,0.0899081751861213,0.0616452883550836,4,12.0,3.0,0.9999999999984868,1.0,0.2609536082474226,2624.891702277,2504.060198135,120.779597992,Correlation,Correlation,Correlation
complex,no_discretization,zinc,0,0.0919135327413172,0.0537141958581815,4,7.0,1.75,0.9999999982573884,1.0,0.3125,2811.63490438,2627.540014835,184.037239307,Correlation,Correlation,Correlation
complex,no_discretization,zinc,0,0.0861655712619304,0.0860671446120421,6,14.0,2.333333333333333,0.999997425662428,1.0,0.1963824289405684,4066.037328289,3820.884981716,244.955641261,Correlation,Correlation,Correlation
complex,no_discretization,zinc,0,0.0850028846916988,0.0879423372072194,4,7.0,1.75,0.9999999999237836,1.0,0.345360824742268,1563.916181244,1459.719056267,104.144053945,Correlation,Correlation,Correlation
complex,no_discretization,zinc,0,0.0845424948087949,0.1023752022448061,7,18.0,2.571428571428572,0.9999999891822384,1.0,0.1682621502209131,5142.236881918,4846.537663166,295.635337763,Correlation,Correlation,Correlation
