time,probability
318.0,0.9285714285714286
1001.0,0.8571428571428572
1003.0,0.7857142857142857
1036.0,0.7142857142857143
1042.0,0.6428571428571429
1076.0,0.5714285714285714
1522.0,0.5
2247.0,0.42857142857142855
2796.0,0.35714285714285715
3313.0,0.28571428571428575
4139.0,0.2142857142857143
4143.0,0.14285714285714285
4867.0,0.14285714285714285
5980.0,0.14285714285714285
