time,probability
5.0,0.9473684210526315
12.0,0.894736842105263
30.0,0.8421052631578946
54.0,0.7894736842105262
61.0,0.7368421052631579
65.0,0.6842105263157895
166.0,0.6315789473684211
175.0,0.6315789473684211
176.0,0.5741626794258373
181.0,0.5167464114832536
199.0,0.45933014354066987
211.0,0.45933014354066987
212.0,0.39371155160628846
267.0,0.32809295967190705
329.0,0.26247436773752564
353.0,0.19685577580314423
382.0,0.19685577580314423
551.0,0.19685577580314423
791.0,0.0
