time,probability
59.0,0.6666666666666666
105.0,0.6666666666666666
201.0,0.0
