time,probability
60.0,0.9285714285714286
61.0,0.8571428571428572
88.0,0.7857142857142857
107.0,0.7142857142857143
142.0,0.6428571428571429
156.0,0.5714285714285714
179.0,0.5
181.0,0.42857142857142855
199.0,0.35714285714285715
270.0,0.28571428571428575
301.0,0.28571428571428575
310.0,0.1904761904761905
460.0,0.09523809523809525
477.0,0.0
