{
  "closed": "right",
  "cut_points": {
    "RI": [
      1.51115,
      1.5163280000000001,
      1.517424,
      1.518122,
      1.520674,
      1.53393
    ],
    "Na": [
      10.73,
      12.85,
      13.128,
      13.452,
      14.037999999999998,
      17.38
    ],
    "Mg": [
      0.0,
      1.4020000000000008,
      3.39,
      3.54,
      3.648,
      4.49
    ],
    "Al": [
      0.29,
      1.15,
      1.29,
      1.49,
      1.7340000000000004,
      3.5
    ],
    "Si": [
      69.81,
      72.18,
      72.65,
      72.95,
      73.136,
      75.41
    ],
    "'K'": [
      0.0,
      0.08,
      0.5040000000000001,
      0.57,
      0.62,
      6.21
    ],
    "Ca": [
      5.43,
      8.154,
      8.456,
      8.76,
      9.57,
      16.19
    ],
    "Ba": [
      0.0,
      3.15
    ],
    "Fe": [
      0.0,
      0.1480000000000001,
      0.51
    ]
  }
}