time,probability
1.0,0.8387096774193549
2.0,0.7096774193548387
3.0,0.6129032258064516
4.0,0.5483870967741936
5.0,0.5161290322580646
7.0,0.45161290322580655
8.0,0.38709677419354843
10.0,0.3548387096774194
12.0,0.3225806451612903
15.0,0.2258064516129032
19.0,0.19354838709677416
28.0,0.16129032258064513
48.0,0.1290322580645161
68.0,0.09677419354838707
234.0,0.06451612903225803
409.0,0.03225806451612902
1647.0,0.03225806451612902
