time,probability
31.0,0.9166666666666666
61.0,0.8333333333333333
547.0,0.75
845.0,0.6666666666666666
1815.0,0.5833333333333333
2989.0,0.4999999999999999
3186.0,0.4166666666666666
3448.0,0.33333333333333326
3932.0,0.24999999999999994
5757.0,0.16666666666666663
6256.0,0.08333333333333331
7807.0,0.08333333333333331
