time,probability
518.0,0.9230769230769231
760.0,0.8461538461538461
3014.0,0.7692307692307692
5216.0,0.6923076923076923
5308.0,0.6153846153846153
7364.0,0.6153846153846153
7479.0,0.6153846153846153
7884.0,0.6153846153846153
7911.0,0.6153846153846153
7958.0,0.6153846153846153
8030.0,0.6153846153846153
8133.0,0.6153846153846153
8165.0,0.6153846153846153
