time,probability
0.5,0.9285714285714286
31.0,0.7857142857142857
61.0,0.7142857142857143
277.0,0.6428571428571429
791.0,0.5714285714285714
1392.0,0.5
2099.0,0.42857142857142855
3012.0,0.35714285714285715
3167.0,0.28571428571428575
3932.0,0.2142857142857143
4656.0,0.14285714285714285
5384.0,0.07142857142857142
6143.0,0.0
