{
  "closed": "right",
  "cut_points": {
    "age": [
      29.0,
      45.0,
      52.80000000000001,
      58.0,
      62.0,
      77.0
    ],
    "resting_blood_pressure": [
      94.0,
      118.0,
      125.0,
      134.0,
      145.0,
      200.0
    ],
    "serum_cholestoral": [
      126.0,
      207.0,
      234.0,
      256.0,
      286.0,
      564.0
    ],
    "maximum_heart_rate_achieved": [
      71.0,
      129.4,
      147.0,
      160.0,
      171.0,
      202.0
    ],
    "oldpeak": [
      0.0,
      0.38000000000000117,
      1.2,
      1.9,
      6.2
    ],
    "slope": [
      1.0,
      2.0,
      3.0
    ],
    "number_of_major_vessels": [
      0.0,
      0.19999999999998863,
      1.0,
      3.0
    ]
  }
}