time,probability
1249.0,0.9411764705882353
1434.0,0.8823529411764706
1554.0,0.8235294117647058
1706.0,0.7647058823529411
2223.0,0.7058823529411765
2403.0,0.6470588235294118
2466.0,0.5882352941176471
2983.0,0.5294117647058824
3027.0,0.47058823529411764
3068.0,0.4117647058823529
3511.0,0.3529411764705882
3562.0,0.29411764705882354
3658.0,0.23529411764705885
3855.0,0.17647058823529413
4066.0,0.11764705882352941
4169.0,0.058823529411764705
5441.0,0.0
