time,probability
3382.0,0.8571428571428571
4206.0,0.7142857142857143
6025.0,0.5714285714285715
7958.0,0.5714285714285715
8327.0,0.380952380952381
8497.0,0.380952380952381
10852.0,0.0
