time,probability
792.0,0.9166666666666666
3010.0,0.8333333333333333
5354.0,0.75
6209.0,0.6666666666666666
6760.0,0.5833333333333333
7364.0,0.5833333333333333
7470.0,0.5833333333333333
8023.0,0.5833333333333333
8761.0,0.5833333333333333
8887.0,0.5833333333333333
9598.0,0.5833333333333333
12457.0,0.5833333333333333
