time,probability
40.0,1.0
215.0,0.8571428571428571
256.0,0.8571428571428571
416.0,0.8571428571428571
488.0,0.8571428571428571
837.0,0.8571428571428571
1222.0,0.8571428571428571
1338.0,0.8571428571428571
