time,probability
1.0,1.0
2.0,1.0
9.0,1.0
11.0,1.0
18.0,1.0
149.0,1.0
150.0,1.0
160.0,1.0
181.0,1.0
187.0,1.0
190.0,1.0
194.0,1.0
218.0,1.0
250.0,1.0
385.0,1.0
475.0,1.0
499.0,1.0
634.0,1.0
663.0,0.8333333333333334
730.0,0.8333333333333334
758.0,0.8333333333333334
984.0,0.8333333333333334
1129.0,0.8333333333333334
1168.0,0.0
