time,probability
1.0,1.0
2.0,1.0
9.0,1.0
11.0,1.0
12.0,1.0
18.0,1.0
37.0,1.0
150.0,1.0
181.0,1.0
187.0,1.0
194.0,1.0
218.0,1.0
226.0,1.0
250.0,1.0
337.0,0.9375
446.0,0.9375
475.0,0.9375
499.0,0.9375
553.0,0.9375
562.0,0.9375
634.0,0.9375
663.0,0.8333333333333333
721.0,0.8333333333333333
730.0,0.8333333333333333
758.0,0.8333333333333333
842.0,0.6666666666666666
858.0,0.5
984.0,0.5
1129.0,0.5
1168.0,0.0
