{
  "closed": "right",
  "cut_points": {
    "survival": [
      0.03,
      2.400000000000002,
      19.0,
      27.0,
      36.0,
      57.0
    ],
    "age-at-heart-attack": [
      35.0,
      57.0,
      61.0,
      64.0,
      69.60000000000001,
      86.0
    ],
    "fractional-shortening": [
      0.01,
      0.13400000000000004,
      0.17025641025641028,
      0.23844705882352943,
      0.29,
      0.61
    ],
    "epss": [
      0.0,
      6.68,
      9.7,
      12.0124,
      16.46,
      40.0
    ],
    "lvdd": [
      2.32,
      4.16,
      4.542,
      5.024,
      5.36,
      6.78
    ],
    "wall-motion-score": [
      2.0,
      11.0,
      12.934000000000001,
      14.0,
      17.300000000000004,
      39.0
    ],
    "wall-motion-index": [
      1.0,
      1.108,
      1.3676,
      1.6688,
      3.0
    ],
    "mult": [
      0.14,
      0.6408,
      0.7752731707317075,
      0.7989885057471263,
      0.857,
      2.0
    ],
    "group": [
      1.0,
      1.8088235294117647,
      2.0
    ]
  }
}