{
  "closed": "right",
  "cut_points": {
    "RI": [
      1.5171949863433838,
      1.5178749561309814
    ],
    "Na": [
      13.78499984741211
    ],
    "Mg": [
      2.694999933242798
    ],
    "Al": [
      1.399999976158142,
      1.774999976158142
    ],
    "Si": [],
    "'K'": [
      0.054999999701976776,
      0.6200000047683716,
      0.7450000047683716
    ],
    "Ca": [
      7.019999980926514,
      8.279999732971191,
      10.074999809265137
    ],
    "Ba": [
      0.33500000834465027
    ],
    "Fe": []
  }
}