{
  "closed": "right",
  "cut_points": {
    "Alcohol": [
      11.41,
      12.25,
      12.75,
      13.283999999999999,
      13.762,
      14.83
    ],
    "Malic_acid": [
      0.74,
      1.51,
      1.73,
      2.16,
      3.43,
      5.8
    ],
    "Ash": [
      1.36,
      2.17,
      2.3,
      2.42,
      2.61,
      3.23
    ],
    "Alcalinity_of_ash": [
      10.6,
      16.8,
      18.720000000000002,
      20.0,
      22.0,
      30.0
    ],
    "Magnesium": [
      70.0,
      88.0,
      95.0,
      101.0,
      111.0,
      162.0
    ],
    "Total_phenols": [
      0.98,
      1.646,
      2.038,
      2.538,
      2.91,
      3.88
    ],
    "Flavanoids": [
      0.34,
      0.83,
      1.69,
      2.504,
      2.982,
      5.08
    ],
    "Nonflavanoid_phenols": [
      0.13,
      0.26,
      0.306,
      0.4,
      0.48,
      0.66
    ],
    "Proanthocyanins": [
      0.41,
      1.092,
      1.42,
      1.6679999999999997,
      1.994,
      3.58
    ],
    "Color_intensity": [
      1.28,
      2.932,
      4.12,
      5.339999999999999,
      6.82,
      13.0
    ],
    "Hue": [
      0.48,
      0.748,
      0.91,
      1.04,
      1.16,
      1.45
    ],
    "OD280/OD315_of_diluted_wines": [
      1.27,
      1.774,
      2.506,
      2.88,
      3.228,
      4.0
    ],
    "Proline": [
      278.0,
      478.4,
      604.2,
      743.9999999999999,
      1048.0,
      1680.0
    ]
  }
}