time,probability
1003.0,0.9090909090909091
1036.0,0.8181818181818181
1042.0,0.7272727272727272
1064.0,0.6363636363636362
1067.0,0.5454545454545453
1075.0,0.4545454545454544
1181.0,0.36363636363636354
1522.0,0.27272727272727265
2796.0,0.18181818181818177
4154.0,0.09090909090909088
5477.0,0.09090909090909088
