time,probability
1064.0,0.6666666666666666
2247.0,0.3333333333333333
3900.0,0.0
