time,probability
7.0,0.96
11.0,0.92
14.0,0.8800000000000001
16.0,0.8400000000000002
22.0,0.8000000000000002
34.0,0.7600000000000001
61.0,0.7200000000000001
100.0,0.68
134.0,0.64
135.0,0.6
200.0,0.5599999999999999
287.0,0.52
359.0,0.48000000000000004
542.0,0.44
552.0,0.39999999999999997
578.0,0.39999999999999997
589.0,0.39999999999999997
646.0,0.35
673.0,0.3
704.0,0.25
920.0,0.2
1152.0,0.15000000000000002
1157.0,0.15000000000000002
1165.0,0.07500000000000001
1671.0,0.0
