time,probability
1.0,0.9666666666666667
2.0,0.8833333333333334
3.0,0.8333333333333334
4.0,0.8166666666666667
5.0,0.7999999999999999
8.0,0.7666666666666666
9.0,0.75
10.0,0.7333333333333333
11.0,0.7166666666666667
12.0,0.6833333333333333
13.0,0.6666666666666666
15.0,0.6499999999999999
20.0,0.6166666666666666
21.0,0.6
23.0,0.5666666666666667
27.0,0.5499999999999999
38.0,0.5333333333333333
43.0,0.5166666666666666
48.0,0.49999999999999994
53.0,0.4833333333333333
81.0,0.4666666666666666
101.0,0.44999999999999996
139.0,0.4333333333333333
150.0,0.41666666666666663
152.0,0.39999999999999997
234.0,0.3833333333333333
240.0,0.36666666666666664
259.0,0.35
262.0,0.3333333333333333
287.0,0.31666666666666665
326.0,0.3
840.0,0.2833333333333333
841.0,0.26666666666666666
856.0,0.26666666666666666
1266.0,0.24888888888888888
1363.0,0.2311111111111111
1653.0,0.21333333333333335
1688.0,0.21333333333333335
1748.0,0.19393939393939394
1902.0,0.17454545454545456
1912.0,0.15515151515151515
2200.0,0.15515151515151515
2295.0,0.15515151515151515
2320.0,0.15515151515151515
2437.0,0.15515151515151515
2551.0,0.15515151515151515
3441.0,0.10343434343434343
4422.0,0.10343434343434343
5739.0,0.10343434343434343
