time,probability
71.0,0.9230769230769231
186.0,0.8461538461538461
216.0,0.7692307692307692
264.0,0.6923076923076923
321.0,0.6153846153846153
694.0,0.5384615384615384
750.0,0.4615384615384615
1037.0,0.3846153846153846
1083.0,0.3076923076923077
1165.0,0.23076923076923078
1191.0,0.15384615384615385
1925.0,0.07692307692307693
2363.0,0.07692307692307693
