time,probability
31.0,0.8461538461538461
61.0,0.7692307692307692
277.0,0.6923076923076923
791.0,0.6153846153846153
1392.0,0.5384615384615384
1625.0,0.4615384615384615
2400.0,0.3846153846153846
2860.0,0.3076923076923077
3012.0,0.23076923076923078
3167.0,0.15384615384615385
3932.0,0.07692307692307693
6143.0,0.0
