time,probability
1003.0,0.8571428571428571
1042.0,0.7142857142857143
1067.0,0.5714285714285715
1076.0,0.4285714285714286
1522.0,0.2857142857142857
2796.0,0.14285714285714285
3313.0,0.0
