time,probability
1.0,0.9411764705882353
2.0,0.8823529411764706
3.0,0.8235294117647058
5.0,0.7647058823529411
7.0,0.6470588235294117
10.0,0.588235294117647
17.0,0.5294117647058822
22.0,0.41176470588235287
37.0,0.35294117647058815
419.0,0.2941176470588235
446.0,0.2352941176470588
1162.0,0.2352941176470588
1381.0,0.2352941176470588
2066.0,0.2352941176470588
2114.0,0.2352941176470588
