time,probability
95.0,0.8888888888888888
412.0,0.8888888888888888
542.0,0.8888888888888888
725.0,0.8888888888888888
1320.0,0.8888888888888888
1449.0,0.8888888888888888
1979.0,0.8888888888888888
2025.0,0.8888888888888888
2083.0,0.8888888888888888
