time,probability
1.0,0.8823529411764706
2.0,0.7352941176470589
3.0,0.5588235294117647
4.0,0.5
5.0,0.47058823529411764
7.0,0.4117647058823529
8.0,0.3529411764705882
10.0,0.32352941176470584
15.0,0.2352941176470588
19.0,0.20588235294117643
28.0,0.17647058823529407
48.0,0.14705882352941174
68.0,0.1176470588235294
234.0,0.08823529411764705
350.0,0.0588235294117647
409.0,0.02941176470588235
1647.0,0.02941176470588235
