time,probability
81.0,0.6666666666666666
707.0,0.3333333333333333
814.0,0.0
