time,probability
208.0,0.6666666666666666
211.0,0.6666666666666666
965.0,0.6666666666666666
