time,probability
1003.0,0.9166666666666666
1005.0,0.8333333333333333
1036.0,0.75
1056.0,0.6666666666666666
1061.0,0.5833333333333333
1065.0,0.4999999999999999
1181.0,0.4166666666666666
1522.0,0.33333333333333326
2796.0,0.24999999999999994
4370.0,0.16666666666666663
5674.0,0.08333333333333331
5980.0,0.08333333333333331
