time,probability
318.0,0.8888888888888888
733.0,0.7777777777777777
1037.0,0.6666666666666665
1064.0,0.5555555555555555
3059.0,0.4444444444444444
5172.0,0.4444444444444444
5980.0,0.4444444444444444
