model_type,variant,dataset,M-of-N count,integrated_brier_score (train),integrated_brier_score (test),rules,conditions_count,avg conditions per rule,avg rule quality,avg rule precision,avg rule coverage,training time total (s),training time growing (s),training time pruning (s),induction measure,pruning measure,voting measure
exact_M-of-N,no_discretization,zinc,0,0.0866511330283271,0.0888892555010964,5,18.0,3.6,0.9999998915935698,1.0,0.2134020618556701,0.1334192752838134,0.0661151909999999,0.04332996,Correlation,Correlation,Correlation
exact_M-of-N,no_discretization,zinc,0,0.0923543471247524,0.1150720026871952,2,2.0,1.0,1.0,1.0,0.5927835051546392,0.062335729598999,0.025033027,0.016996151,Correlation,Correlation,Correlation
exact_M-of-N,no_discretization,zinc,0,0.1047377181559179,0.1081791134589114,1,0.0,0.0,1.0,1.0,1.0,0.0114569664001464,0.000785472,0.000250179,Correlation,Correlation,Correlation
exact_M-of-N,no_discretization,zinc,5,0.0801964725561114,0.1608976606357359,5,12.0,2.4,0.9999999999999796,1.0,0.25,0.1830465793609619,0.081591627,0.072704369,Correlation,Correlation,Correlation
exact_M-of-N,no_discretization,zinc,0,0.088965075813615,0.0656403136769997,6,13.0,2.1666666666666665,0.9740202607360656,1.0,0.3367697594501718,0.1227693557739257,0.057050446,0.0437742979999999,Correlation,Correlation,Correlation
exact_M-of-N,no_discretization,zinc,2,0.0934771985355629,0.0474326622530719,3,5.0,1.6666666666666667,0.9999999371373076,1.0,0.3505154639175257,0.0525550842285156,0.023122751,0.0107208959999999,Correlation,Correlation,Correlation
exact_M-of-N,no_discretization,zinc,0,0.0910226430358579,0.0771788847464572,4,5.0,1.25,0.9999999999993304,1.0,0.313953488372093,0.115863561630249,0.051232609,0.028468433,Correlation,Correlation,Correlation
exact_M-of-N,no_discretization,zinc,2,0.0903781602093937,0.0899574729916456,5,8.0,1.6,0.9999405863149802,1.0,0.3505154639175257,0.0697622299194336,0.037549485,0.011751244,Correlation,Correlation,Correlation
exact_M-of-N,no_discretization,zinc,0,0.0880552858190499,0.0833278728370347,9,26.0,2.888888888888889,0.9999999999662884,1.0,0.1858533791523482,0.2749993801116943,0.110455603,0.1390430339999999,Correlation,Correlation,Correlation
