{
  "closed": "right",
  "cut_points": {
    "attribute_1": [
      0.0015,
      0.0126,
      0.02024,
      0.026959999999999998,
      0.040520000000000014,
      0.1371
    ],
    "attribute_2": [
      0.0006,
      0.01412,
      0.025240000000000002,
      0.03752,
      0.05726000000000002,
      0.2339
    ],
    "attribute_3": [
      0.0015,
      0.01672,
      0.0289,
      0.04196,
      0.06287999999999999,
      0.3059
    ],
    "attribute_4": [
      0.0061,
      0.02282,
      0.03732,
      0.051719999999999995,
      0.07812000000000001,
      0.4264
    ],
    "attribute_5": [
      0.0067,
      0.034480000000000004,
      0.052660000000000005,
      0.07596,
      0.1158,
      0.401
    ],
    "attribute_6": [
      0.0102,
      0.06162,
      0.08222,
      0.10854,
      0.15116,
      0.3823
    ],
    "attribute_7": [
      0.0033,
      0.07246000000000001,
      0.1004,
      0.13202,
      0.17322000000000004,
      0.3729
    ],
    "attribute_8": [
      0.0055,
      0.07002,
      0.10248,
      0.1382,
      0.19008,
      0.4566
    ],
    "attribute_9": [
      0.0075,
      0.08554,
      0.13174,
      0.17522,
      0.26064000000000004,
      0.6828
    ],
    "attribute_10": [
      0.0113,
      0.09506,
      0.15252,
      0.21431999999999998,
      0.29324000000000006,
      0.6609
    ],
    "attribute_11": [
      0.0289,
      0.11264,
      0.19484,
      0.25470000000000004,
      0.32352000000000003,
      0.6675
    ],
    "attribute_12": [
      0.0236,
      0.11040000000000001,
      0.20708000000000001,
      0.28462,
      0.35626,
      0.706
    ],
    "attribute_13": [
      0.0252,
      0.15330000000000002,
      0.22744,
      0.29458,
      0.39316,
      0.7131
    ],
    "attribute_14": [
      0.0273,
      0.15244000000000002,
      0.25745999999999997,
      0.321,
      0.43350000000000005,
      0.997
    ],
    "attribute_15": [
      0.0031,
      0.14588,
      0.22316,
      0.35266,
      0.5168600000000001,
      1.0
    ],
    "attribute_16": [
      0.0162,
      0.1787,
      0.25816,
      0.43334,
      0.6204400000000001,
      0.9988
    ],
    "attribute_17": [
      0.0367,
      0.19383999999999998,
      0.27668000000000004,
      0.44536,
      0.707,
      1.0
    ],
    "attribute_18": [
      0.0375,
      0.22504000000000002,
      0.31136,
      0.46604,
      0.7642600000000002,
      1.0
    ],
    "attribute_19": [
      0.0746,
      0.27528,
      0.37844,
      0.5941,
      0.8016800000000001,
      1.0
    ],
    "attribute_20": [
      0.0656,
      0.32454,
      0.4563,
      0.69726,
      0.8392200000000001,
      1.0
    ],
    "attribute_21": [
      0.0512,
      0.35116,
      0.54008,
      0.7471,
      0.87574,
      1.0
    ],
    "attribute_22": [
      0.0219,
      0.36982000000000004,
      0.59658,
      0.7618799999999999,
      0.8639399999999999,
      1.0
    ],
    "attribute_23": [
      0.0563,
      0.41960000000000003,
      0.62656,
      0.78206,
      0.87494,
      1.0
    ],
    "attribute_24": [
      0.0239,
      0.48624,
      0.64434,
      0.76694,
      0.90166,
      1.0
    ],
    "attribute_25": [
      0.024,
      0.48184,
      0.65966,
      0.78776,
      0.90402,
      1.0
    ],
    "attribute_26": [
      0.0921,
      0.4862,
      0.67492,
      0.82052,
      0.91562,
      1.0
    ],
    "attribute_27": [
      0.0481,
      0.47282,
      0.65546,
      0.8262799999999999,
      0.93422,
      1.0
    ],
    "attribute_28": [
      0.0284,
      0.48174,
      0.6482600000000001,
      0.7877,
      0.91328,
      1.0
    ],
    "attribute_29": [
      0.0408,
      0.44214,
      0.56054,
      0.75742,
      0.8634000000000001,
      1.0
    ],
    "attribute_30": [
      0.0613,
      0.3822,
      0.5229,
      0.63846,
      0.77332,
      1.0
    ],
    "attribute_31": [
      0.0482,
      0.29388000000000003,
      0.41134000000000004,
      0.5448,
      0.70342,
      0.9657
    ],
    "attribute_32": [
      0.0404,
      0.24436,
      0.33112,
      0.46599999999999997,
      0.6315200000000001,
      0.9306
    ],
    "attribute_33": [
      0.0477,
      0.20872000000000002,
      0.31566000000000005,
      0.45113999999999993,
      0.6025800000000001,
      0.9708
    ],
    "attribute_34": [
      0.0212,
      0.19160000000000002,
      0.29074,
      0.40288,
      0.61648,
      0.9647
    ],
    "attribute_35": [
      0.0223,
      0.1568,
      0.25758000000000003,
      0.39461999999999997,
      0.65412,
      1.0
    ],
    "attribute_36": [
      0.008,
      0.13964000000000001,
      0.23196,
      0.41897999999999996,
      0.6713399999999999,
      1.0
    ],
    "attribute_37": [
      0.0351,
      0.13624,
      0.23712,
      0.38495999999999997,
      0.6033000000000002,
      0.9497
    ],
    "attribute_38": [
      0.0383,
      0.15874000000000002,
      0.23254000000000002,
      0.35356,
      0.47506000000000004,
      1.0
    ],
    "attribute_39": [
      0.0371,
      0.1583,
      0.2284,
      0.33781999999999995,
      0.4983000000000001,
      0.9709
    ],
    "attribute_40": [
      0.0117,
      0.14702,
      0.23724,
      0.31822,
      0.47178,
      0.9297
    ],
    "attribute_41": [
      0.036,
      0.13148,
      0.22368,
      0.3051,
      0.43432,
      0.8995
    ],
    "attribute_42": [
      0.0056,
      0.12570000000000003,
      0.20414000000000002,
      0.28758,
      0.41986000000000007,
      0.8246
    ],
    "attribute_43": [
      0.0,
      0.13246,
      0.19282000000000002,
      0.25984,
      0.36104000000000014,
      0.7733
    ],
    "attribute_44": [
      0.0,
      0.11416000000000001,
      0.16268,
      0.2057,
      0.30606,
      0.7762
    ],
    "attribute_45": [
      0.0,
      0.08700000000000001,
      0.13064,
      0.18084,
      0.27402000000000004,
      0.7034
    ],
    "attribute_46": [
      0.0,
      0.05842000000000001,
      0.09808,
      0.15819999999999998,
      0.22240000000000001,
      0.7292
    ],
    "attribute_47": [
      0.0,
      0.054920000000000004,
      0.08460000000000001,
      0.11149999999999999,
      0.16970000000000002,
      0.5522
    ],
    "attribute_48": [
      0.0,
      0.039920000000000004,
      0.06322,
      0.09523999999999999,
      0.1337,
      0.3339
    ],
    "attribute_49": [
      0.0,
      0.02194,
      0.03484,
      0.052239999999999995,
      0.07636,
      0.1981
    ],
    "attribute_50": [
      0.0,
      0.010020000000000001,
      0.01544,
      0.02028,
      0.027440000000000003,
      0.0825
    ],
    "attribute_51": [
      0.0,
      0.007280000000000001,
      0.012620000000000003,
      0.016759999999999997,
      0.02400000000000001,
      0.1004
    ],
    "attribute_52": [
      0.0008,
      0.00642,
      0.0096,
      0.013359999999999999,
      0.01906,
      0.0709
    ],
    "attribute_53": [
      0.0005,
      0.00464,
      0.007540000000000001,
      0.011919999999999998,
      0.016920000000000004,
      0.039
    ],
    "attribute_54": [
      0.001,
      0.00482,
      0.0084,
      0.0113,
      0.01598,
      0.0352
    ],
    "attribute_55": [
      0.0006,
      0.0036,
      0.0062,
      0.008919999999999999,
      0.013260000000000003,
      0.0447
    ],
    "attribute_56": [
      0.0004,
      0.00392,
      0.0058,
      0.008819999999999998,
      0.012580000000000001,
      0.0394
    ],
    "attribute_57": [
      0.0003,
      0.0032,
      0.0054,
      0.007919999999999998,
      0.011680000000000001,
      0.0355
    ],
    "attribute_58": [
      0.0006,
      0.0032,
      0.005,
      0.00802,
      0.0115,
      0.044
    ],
    "attribute_59": [
      0.0001,
      0.00302,
      0.005540000000000001,
      0.0077,
      0.011380000000000001,
      0.0364
    ],