{
  "closed": "right",
  "cut_points": {
    "mcg": [
      0.0,
      0.31,
      0.43,
      0.5959999999999999,
      0.68,
      0.89
    ],
    "gvh": [
      0.16,
      0.38200000000000006,
      0.44400000000000006,
      0.51,
      0.59,
      1.0
    ],
    "lip": [
      0.48,
      1.0
    ],
    "chg": [
      0.5,
      1.0
    ],
    "aac": [
      0.0,
      0.41,
      0.47,
      0.52,
      0.58,
      0.88
    ],
    "alm1": [
      0.03,
      0.3,
      0.39,
      0.53,
      0.74,
      1.0
    ],
    "alm2": [
      0.0,
      0.33,
      0.39,
      0.49,
      0.7480000000000001,
      0.99
    ]
  }
}