{
  "closed": "right",
  "cut_points": {
    "age": [
      29.0,
      45.0,
      52.80000000000001,
      58.0,
      62.0,
      77.0
    ],
    "trestbps": [
      94.0,
      120.0,
      127.60000000000002,
      134.0,
      143.20000000000005,
      200.0
    ],
    "chol": [
      126.0,
      204.0,
      230.0,
      254.2,
      285.20000000000005,
      564.0
    ],
    "thalach": [
      71.0,
      131.4,
      147.0,
      159.0,
      170.0,
      202.0
    ],
    "oldpeak": [
      0.0,
      0.4,
      1.2,
      2.0,
      6.2
    ],
    "ca": [
      0.0,
      1.0,
      1.0875912408759159,
      3.0
    ]
  }
}