time,probability
5.0,1.0
16.0,1.0
194.0,0.8333333333333334
553.0,0.8333333333333334
811.0,0.8333333333333334
972.0,0.8333333333333334
980.0,0.8333333333333334
