{
  "closed": "right",
  "cut_points": {
    "attribute_1": [
      0.0025,
      0.0123,
      0.02014,
      0.026959999999999998,
      0.04118,
      0.1371
    ],
    "attribute_2": [
      0.0006,
      0.01344,
      0.025920000000000002,
      0.03854,
      0.05806000000000001,
      0.2339
    ],
    "attribute_3": [
      0.0015,
      0.016819999999999998,
      0.028020000000000003,
      0.041339999999999995,
      0.06287999999999999,
      0.3059
    ],
    "attribute_4": [
      0.0058,
      0.02304,
      0.037680000000000005,
      0.05234,
      0.08058000000000001,
      0.4264
    ],
    "attribute_5": [
      0.0067,
      0.034,
      0.051980000000000005,
      0.07436,
      0.11524000000000004,
      0.401
    ],
    "attribute_6": [
      0.0102,
      0.057980000000000004,
      0.08048,
      0.10694,
      0.14908,
      0.3823
    ],
    "attribute_7": [
      0.0033,
      0.07246000000000001,
      0.09744000000000001,
      0.12924,
      0.16822,
      0.3729
    ],
    "attribute_8": [
      0.0055,
      0.06766,
      0.09978,
      0.13649999999999998,
      0.19008,
      0.459
    ],
    "attribute_9": [
      0.0075,
      0.08408,
      0.13032000000000002,
      0.17962,
      0.26108,
      0.6828
    ],
    "attribute_10": [
      0.0113,
      0.09780000000000001,
      0.14845999999999998,
      0.21431999999999998,
      0.29488000000000003,
      0.7106
    ],
    "attribute_11": [
      0.0289,
      0.11012000000000001,
      0.17930000000000001,
      0.25470000000000004,
      0.32604000000000005,
      0.7342
    ],
    "attribute_12": [
      0.0236,
      0.10872,
      0.20378000000000002,
      0.27552,
      0.3627400000000001,
      0.706
    ],
    "attribute_13": [
      0.0184,
      0.15118,
      0.22744,
      0.2902,
      0.3893400000000001,
      0.7131
    ],
    "attribute_14": [
      0.0273,
      0.15292000000000003,
      0.25574,
      0.3115,
      0.4256600000000002,
      0.997
    ],
    "attribute_15": [
      0.0031,
      0.14252,
      0.21288000000000004,
      0.33903999999999995,
      0.5079800000000001,
      1.0
    ],
    "attribute_16": [
      0.0162,
      0.17326,
      0.25728,
      0.39764,
      0.6021800000000004,
      0.9988
    ],
    "attribute_17": [
      0.0349,
      0.17968,
      0.26462,
      0.4130599999999999,
      0.69804,
      1.0
    ],
    "attribute_18": [
      0.0689,
      0.21792,
      0.29814,
      0.44689999999999996,
      0.7283400000000003,
      1.0
    ],
    "attribute_19": [
      0.0494,
      0.26504000000000005,
      0.36816,
      0.59002,
      0.7921,
      0.9975
    ],
    "attribute_20": [
      0.0656,
      0.31682000000000005,
      0.45386000000000004,
      0.69726,
      0.8427000000000001,
      1.0
    ],
    "attribute_21": [
      0.0512,
      0.34887999999999997,
      0.53094,
      0.74664,
      0.8643000000000001,
      1.0
    ],
    "attribute_22": [
      0.0219,
      0.36944,
      0.5616,
      0.7484999999999999,
      0.8557,
      1.0
    ],
    "attribute_23": [
      0.0563,
      0.42098,
      0.5881,
      0.77166,
      0.87684,
      1.0
    ],
    "attribute_24": [
      0.0239,
      0.4666,
      0.6324000000000001,
      0.7593799999999999,
      0.9089800000000001,
      1.0
    ],
    "attribute_25": [
      0.024,
      0.48184,
      0.6504,
      0.77718,
      0.8970000000000001,
      1.0
    ],
    "attribute_26": [
      0.0921,
      0.51446,
      0.6760999999999999,
      0.81508,
      0.9114000000000001,
      1.0
    ],
    "attribute_27": [
      0.0481,
      0.4702,
      0.6579,
      0.8285399999999999,
      0.9341000000000002,
      1.0
    ],
    "attribute_28": [
      0.0284,
      0.46398,
      0.6392599999999999,
      0.7963799999999999,
      0.91328,
      1.0
    ],
    "attribute_29": [
      0.0144,
      0.42514,
      0.5579999999999999,
      0.75158,
      0.86628,
      1.0
    ],
    "attribute_30": [
      0.0613,
      0.37578,
      0.5209400000000001,
      0.64294,
      0.7794000000000001,
      1.0
    ],
    "attribute_31": [
      0.0482,
      0.3012,
      0.42050000000000004,
      0.5533600000000001,
      0.7123,
      0.9657
    ],
    "attribute_32": [
      0.0404,
      0.24504,
      0.34548000000000006,
      0.49282,
      0.63478,
      0.9306
    ],
    "attribute_33": [
      0.0477,
      0.21912,
      0.33078,
      0.46547999999999995,
      0.6193600000000001,
      1.0
    ],
    "attribute_34": [
      0.0212,
      0.19586,
      0.30036,
      0.41541999999999996,
      0.62182,
      0.9647
    ],
    "attribute_35": [
      0.0223,
      0.15034,
      0.25758000000000003,
      0.40174,
      0.65712,
      1.0
    ],
    "attribute_36": [
      0.008,
      0.13762000000000002,
      0.2331,
      0.42094,
      0.6674000000000001,
      1.0
    ],
    "attribute_37": [
      0.0351,
      0.13624,
      0.23712,
      0.39113999999999993,
      0.5760600000000001,
      0.9497
    ],
    "attribute_38": [
      0.0383,
      0.15861999999999998,
      0.23852,
      0.35356,
      0.47506000000000004,
      1.0
    ],
    "attribute_39": [
      0.0371,
      0.164,
      0.23452,
      0.33916,
      0.5335600000000003,
      0.9857
    ],
    "attribute_40": [
      0.0117,
      0.15174,
      0.2409,
      0.32411999999999996,
      0.47178,
      0.9297
    ],
    "attribute_41": [
      0.036,
      0.1462,
      0.23024,
      0.30648,
      0.4379,
      0.8995
    ],
    "attribute_42": [
      0.0288,
      0.13566,
      0.20684,
      0.28602,
      0.4302600000000001,
      0.8246
    ],
    "attribute_43": [
      0.0,
      0.13166,
      0.19048,
      0.26343999999999995,
      0.3673600000000001,
      0.7733
    ],
    "attribute_44": [
      0.0,
      0.10604000000000001,
      0.15438,
      0.2057,
      0.3045,
      0.7762
    ],
    "attribute_45": [
      0.0,
      0.07846,
      0.12914,
      0.17915999999999999,
      0.28396000000000005,
      0.7034
    ],
    "attribute_46": [
      0.0,
      0.05834000000000001,
      0.0965,
      0.16477999999999998,
      0.23210000000000008,
      0.7292
    ],
    "attribute_47": [
      0.0,
      0.053320000000000006,
      0.08802,
      0.11694,
      0.18034000000000003,
      0.5522
    ],
    "attribute_48": [
      0.0,
      0.04096,
      0.06644000000000001,
      0.09484,
      0.13638,
      0.3339
    ],
    "attribute_49": [
      0.0,
      0.02194,
      0.03564,
      0.05148,
      0.07762000000000001,
      0.1981
    ],
    "attribute_50": [
      0.0,
      0.010020000000000001,
      0.0155,
      0.02056,
      0.028500000000000004,
      0.0825
    ],
    "attribute_51": [
      0.0,
      0.00702,
      0.0125,
      0.016759999999999997,
      0.023360000000000002,
      0.1004
    ],
    "attribute_52": [
      0.0008,
      0.006300000000000001,
      0.00944,
      0.013359999999999999,
      0.018080000000000002,
      0.0709
    ],
    "attribute_53": [
      0.0005,
      0.0044,
      0.007240000000000001,
      0.011639999999999998,
      0.01624,
      0.039
    ],
    "attribute_54": [
      0.001,
      0.0047,
      0.0081,
      0.0113,
      0.015840000000000003,
      0.0352
    ],
    "attribute_55": [
      0.0006,
      0.0037,
      0.006240000000000001,
      0.0087,
      0.013260000000000003,
      0.0447
    ],
    "attribute_56": [
      0.0004,
      0.00392,
      0.0058,
      0.0087,
      0.012480000000000002,
      0.0394
    ],
    "attribute_57": [
      0.0003,
      0.00322,
      0.005340000000000001,
      0.007919999999999998,
      0.011560000000000003,
      0.0355
    ],
    "attribute_58": [
      0.0003,
      0.0032400000000000007,
      0.005,
      0.0081,
      0.0115,
      0.044
    ],
    "attribute_59": [
      0.0001,
      0.0033,
      0.0053,
      0.007579999999999998,
      0.0112,
      0.0364
    ],