{
  "closed": "right",
  "cut_points": {
    "Alcohol": [
      12.770000457763672
    ],
    "Malic_acid": [
      1.475000023841858,
      2.2750000953674316
    ],
    "Ash": [
      2.0299999713897705
    ],
    "Alcalinity_of_ash": [
      17.5
    ],
    "Magnesium": [
      88.5
    ],
    "Total_phenols": [
      1.840000033378601,
      2.3350000381469727
    ],
    "Flavanoids": [
      0.9900000095367432,
      1.5800000429153442,
      2.309999942779541
    ],
    "Nonflavanoid_phenols": [
      0.38999998569488525
    ],
    "Proanthocyanins": [
      1.350000023841858
    ],
    "Color_intensity": [
      3.4600000381469727,
      7.074999809265137
    ],
    "Hue": [
      0.7850000262260437
    ],
    "OD280/OD315_of_diluted_wines": [
      2.115000009536743,
      2.4749999046325684
    ],
    "Proline": [
      510.0,
      755.0,
      987.5
    ]
  }
}