time,probability
733.0,0.8571428571428571
1001.0,0.7142857142857143
1046.0,0.5714285714285715
2247.0,0.4285714285714286
3144.0,0.2857142857142857
5351.0,0.14285714285714285
5980.0,0.14285714285714285
