time,probability
1003.0,0.9411764705882353
1042.0,0.8823529411764706
1056.0,0.8235294117647058
1064.0,0.7647058823529411
1067.0,0.7058823529411765
1075.0,0.6470588235294118
1076.0,0.5294117647058824
1181.0,0.47058823529411764
2247.0,0.4117647058823529
2796.0,0.3529411764705882
3313.0,0.29411764705882354
3919.0,0.29411764705882354
4108.0,0.22058823529411764
5477.0,0.22058823529411764
5893.0,0.11029411764705882
5980.0,0.11029411764705882
