time,probability
1001.0,0.9
1003.0,0.7999999999999999
1064.0,0.7
1076.0,0.5
2082.0,0.4
2247.0,0.30000000000000004
2796.0,0.2
3313.0,0.1
5980.0,0.1
