time,probability
1001.0,0.8888888888888888
1037.0,0.7777777777777777
1038.0,0.6666666666666665
1056.0,0.5555555555555555
1067.0,0.4444444444444444
1781.0,0.3333333333333333
2082.0,0.2222222222222222
3612.0,0.2222222222222222
5893.0,0.0
