time,probability
1003.0,0.9333333333333333
1059.0,0.8666666666666667
1065.0,0.8
1076.0,0.6666666666666667
1781.0,0.6000000000000001
2082.0,0.5333333333333334
2247.0,0.4666666666666668
2796.0,0.4000000000000001
3313.0,0.3333333333333334
3706.0,0.2666666666666668
3850.0,0.2666666666666668
4154.0,0.17777777777777784
4860.0,0.17777777777777784
5795.0,0.17777777777777784
