{
  "closed": "right",
  "cut_points": {
    "mpg": [
      9.0,
      16.0,
      20.2,
      25.159999999999997,
      31.0,
      46.6
    ],
    "displacement": [
      68.0,
      97.2,
      121.0,
      200.0,
      304.6,
      455.0
    ],
    "horsepower": [
      46.0,
      71.0,
      88.0,
      100.0,
      140.0,
      230.0
    ],
    "weight": [
      1613.0,
      2132.0,
      2559.2,
      3043.2,
      3779.4,
      5140.0
    ],
    "acceleration": [
      8.0,
      13.440000000000001,
      14.9,
      16.0,
      17.860000000000003,
      24.8
    ]
  }
}