{
  "closed": "right",
  "cut_points": {
    "sepallength": [
      4.3,
      5.0,
      5.56,
      6.039999999999999,
      6.5,
      7.9
    ],
    "sepalwidth": [
      2.0,
      2.7,
      3.0,
      3.1,
      3.4,
      4.4
    ],
    "petallength": [
      1.0,
      1.5,
      3.96,
      4.6,
      5.3,
      6.9
    ],
    "petalwidth": [
      0.1,
      0.2,
      1.1600000000000001,
      1.5,
      1.9200000000000002,
      2.5
    ]
  }
}