{
  "closed": "right",
  "cut_points": {
    "carbon": [
      0.0
    ],
    "hardness": [
      0.0,
      80.0
    ],
    "strength": [
      0.0,
      375.0,
      450.0,
      500.0
    ],
    "thick": [
      0.4754999876022339,
      0.6000000238418579,
      0.7990000247955322,
      2.0999999046325684,
      3.200000047683716
    ],
    "width": [
      1167.5,
      1220.0,
      1410.050048828125
    ],
    "len": [
      0.5
    ]
  }
}