time,probability
1.0,1.0
27.0,1.0
47.0,0.8333333333333334
174.0,0.8333333333333334
186.0,0.8333333333333334
312.0,0.8333333333333334
483.0,0.8333333333333334
926.0,0.8333333333333334
