{
  "closed": "right",
  "cut_points": {
    "RI": [
      1.51115,
      1.516254,
      1.517234,
      1.518072,
      1.520384,
      1.53393
    ],
    "Na": [
      10.73,
      12.852,
      13.193999999999999,
      13.48,
      14.08,
      17.38
    ],
    "Mg": [
      0.0,
      3.354,
      3.52,
      3.62,
      4.49
    ],
    "Al": [
      0.29,
      1.124,
      1.294,
      1.49,
      1.79,
      3.5
    ],
    "Si": [
      69.81,
      72.06400000000001,
      72.654,
      72.886,
      73.164,
      75.41
    ],
    "'K'": [
      0.0,
      0.08,
      0.45800000000000013,
      0.57,
      0.6280000000000001,
      6.21
    ],
    "Ca": [
      5.43,
      8.112,
      8.484,
      8.79,
      9.57,
      16.19
    ],
    "Ba": [
      0.0,
      3.15
    ],
    "Fe": [
      0.0,
      0.12,
      0.51
    ]
  }
}