{
  "closed": "right",
  "cut_points": {
    "mcv": [
      65.0,
      87.0,
      89.0,
      91.0,
      94.0,
      103.0
    ],
    "alkphos": [
      35.0,
      55.0,
      63.0,
      72.0,
      84.0,
      134.0
    ],
    "sgpt": [
      4.0,
      18.0,
      23.0,
      28.0,
      37.0,
      155.0
    ],
    "sgot": [
      5.0,
      18.0,
      21.0,
      24.0,
      29.0,
      82.0
    ],
    "gammagt": [
      5.0,
      14.0,
      20.60000000000001,
      31.0,
      52.20000000000002,
      297.0
    ],
    "drinks": [
      0.0,
      0.5,
      2.0,
      4.0,
      6.0,
      20.0
    ]
  }
}