time,probability
10.0,0.9866666666666667
19.0,0.9733333333333334
42.0,0.96
113.0,0.9466666666666667
117.0,0.9333333333333333
137.0,0.92
274.0,0.9066666666666667
371.0,0.9066666666666667
390.0,0.9066666666666667
397.0,0.9066666666666667
418.0,0.9066666666666667
422.0,0.9066666666666667
433.0,0.9066666666666667
442.0,0.9066666666666667
445.0,0.9066666666666667
459.0,0.9066666666666667
521.0,0.9066666666666667
554.0,0.9066666666666667
568.0,0.9066666666666667
578.0,0.9066666666666667
903.0,0.8898765432098766
1048.0,0.8730864197530865
1105.0,0.8730864197530865
1106.0,0.8730864197530865
1108.0,0.8730864197530865
1140.0,0.8730864197530865
1163.0,0.8730864197530865
1187.0,0.8730864197530865
1207.0,0.8730864197530865
1231.0,0.8730864197530865
1232.0,0.8730864197530865
1248.0,0.8730864197530865
1253.0,0.8730864197530865
1256.0,0.8730864197530865
1262.0,0.8730864197530865
1272.0,0.8730864197530865
1290.0,0.8730864197530865
1320.0,0.8730864197530865
1325.0,0.8730864197530865
1336.0,0.8730864197530865
1338.0,0.8730864197530865
1353.0,0.8730864197530865
1365.0,0.8730864197530865
1377.0,0.8429799914857388
1390.0,0.8429799914857388
1449.0,0.8429799914857388
1454.0,0.8429799914857388
1458.0,0.8429799914857388
1496.0,0.807855825173833
1576.0,0.7727316588619273
1854.0,0.7727316588619273
1858.0,0.7727316588619273
1899.0,0.7727316588619273
1923.0,0.7727316588619273
1933.0,0.7727316588619273
1939.0,0.7727316588619273
1942.0,0.7727316588619273
1955.0,0.7727316588619273
1964.0,0.7727316588619273
1979.0,0.7727316588619273
2009.0,0.7727316588619273
2057.0,0.7727316588619273
2084.0,0.7727316588619273
2086.0,0.7727316588619273
2100.0,0.7727316588619273
2122.0,0.7727316588619273
2131.0,0.7727316588619273
2139.0,0.7727316588619273
2151.0,0.7727316588619273
2173.0,0.7727316588619273
2190.0,0.7727316588619273
2353.0,0.0
