time,probability
64.0,0.9887640449438202
145.0,0.9775280898876404
297.0,0.9662921348314606
368.0,0.9662921348314606
373.0,0.9662921348314606
386.0,0.9662921348314606
398.0,0.9662921348314606
403.0,0.9662921348314606
412.0,0.9662921348314606
416.0,0.9662921348314606
426.0,0.9662921348314606
437.0,0.9662921348314606
440.0,0.9662921348314606
445.0,0.9662921348314606
446.0,0.9662921348314606
451.0,0.9662921348314606
452.0,0.9662921348314606
457.0,0.9662921348314606
458.0,0.9662921348314606
466.0,0.9662921348314606
478.0,0.9662921348314606
479.0,0.9514261019878997
480.0,0.9514261019878997
497.0,0.9514261019878997
507.0,0.9514261019878997
510.0,0.9514261019878997
511.0,0.9514261019878997
516.0,0.9514261019878997
519.0,0.9514261019878997
532.0,0.9514261019878997
542.0,0.9514261019878997
550.0,0.9514261019878997
573.0,0.9514261019878997
587.0,0.9514261019878997
1098.0,0.9514261019878997
1106.0,0.9514261019878997
1107.0,0.9514261019878997
1109.0,0.9514261019878997
1114.0,0.9514261019878997
1123.0,0.9514261019878997
1126.0,0.9514261019878997
1150.0,0.9514261019878997
1160.0,0.9514261019878997
1161.0,0.9514261019878997
1178.0,0.9514261019878997
1191.0,0.9514261019878997
1196.0,0.9514261019878997
1211.0,0.9514261019878997
1245.0,0.9514261019878997
1265.0,0.9514261019878997
1266.0,0.9514261019878997
1273.0,0.9514261019878997
1346.0,0.9514261019878997
1385.0,0.9514261019878997
1388.0,0.9514261019878997
1400.0,0.9514261019878997
1420.0,0.9514261019878997
1430.0,0.9514261019878997
1444.0,0.9514261019878997
1451.0,0.9514261019878997
1454.0,0.9514261019878997
1506.0,0.9100597497275562
1577.0,0.8686933974672127
1847.0,0.8686933974672127
1880.0,0.8686933974672127
1887.0,0.8686933974672127
1889.0,0.8686933974672127
1893.0,0.8686933974672127
1919.0,0.8686933974672127
1920.0,0.8686933974672127
1940.0,0.8686933974672127
2006.0,0.8686933974672127
2025.0,0.8686933974672127
2032.0,0.8686933974672127
2065.0,0.8686933974672127
2083.0,0.8686933974672127
2118.0,0.8686933974672127
2123.0,0.8686933974672127
2126.0,0.8686933974672127
2152.0,0.8686933974672127
2166.0,0.8686933974672127
2168.0,0.8686933974672127
2175.0,0.8686933974672127
2192.0,0.8686933974672127
