time,probability
4.0,0.9879518072289156
5.0,0.9759036144578312
7.0,0.9518072289156626
10.0,0.927710843373494
42.0,0.9156626506024096
95.0,0.9036144578313252
113.0,0.891566265060241
117.0,0.8795180722891567
137.0,0.8674698795180723
259.0,0.855421686746988
371.0,0.855421686746988
390.0,0.855421686746988
397.0,0.855421686746988
418.0,0.855421686746988
419.0,0.8426541988850926
422.0,0.8426541988850926
433.0,0.8426541988850926
442.0,0.8426541988850926
445.0,0.8426541988850926
459.0,0.8426541988850926
521.0,0.8426541988850926
544.0,0.8426541988850926
554.0,0.8426541988850926
568.0,0.8426541988850926
903.0,0.8278707918871085
1048.0,0.8130873848891245
1102.0,0.8130873848891245
1105.0,0.8130873848891245
1106.0,0.8130873848891245
1108.0,0.8130873848891245
1125.0,0.8130873848891245
1140.0,0.8130873848891245
1159.0,0.7964937647893464
1163.0,0.7964937647893464
1187.0,0.7964937647893464
1207.0,0.7964937647893464
1231.0,0.7964937647893464
1232.0,0.7964937647893464
1248.0,0.7964937647893464
1253.0,0.7964937647893464
1256.0,0.7964937647893464
1257.0,0.7964937647893464
1262.0,0.7964937647893464
1272.0,0.7964937647893464
1290.0,0.7964937647893464
1320.0,0.7964937647893464
1325.0,0.7964937647893464
1336.0,0.7964937647893464
1338.0,0.7964937647893464
1347.0,0.7964937647893464
1353.0,0.7964937647893464
1365.0,0.7964937647893464
1377.0,0.7669939957230743
1390.0,0.7669939957230743
1433.0,0.7669939957230743
1438.0,0.7669939957230743
1449.0,0.7669939957230743
1454.0,0.7669939957230743
1458.0,0.7669939957230743
1496.0,0.7286442959369205
1576.0,0.6902945961507667
1854.0,0.6902945961507667
1858.0,0.6902945961507667
1899.0,0.6902945961507667
1923.0,0.6902945961507667
1933.0,0.6902945961507667
1939.0,0.6902945961507667
1942.0,0.6902945961507667
1979.0,0.6902945961507667
2061.0,0.6902945961507667
2084.0,0.6902945961507667
2086.0,0.6902945961507667
2100.0,0.6902945961507667
2122.0,0.6902945961507667
2131.0,0.6902945961507667
2139.0,0.6902945961507667
2151.0,0.6902945961507667
2173.0,0.6902945961507667
2190.0,0.6902945961507667
