time,probability
1.0,0.9285714285714286
3.0,0.8928571428571429
18.0,0.8571428571428572
20.0,0.7857142857142857
26.0,0.75
69.0,0.7142857142857142
91.0,0.6785714285714285
129.0,0.6428571428571428
143.0,0.6071428571428571
166.0,0.5714285714285714
295.0,0.5357142857142857
312.0,0.5
354.0,0.4642857142857143
399.0,0.4642857142857143
473.0,0.4255952380952381
497.0,0.38690476190476186
530.0,0.3482142857142857
562.0,0.3095238095238095
609.0,0.3095238095238095
1054.0,0.26530612244897955
1235.0,0.26530612244897955
1336.0,0.26530612244897955
1548.0,0.19897959183673466
1831.0,0.19897959183673466
1939.0,0.19897959183673466
2126.0,0.19897959183673466
