{
  "closed": "right",
  "cut_points": {
    "sepallength": [
      5.400000095367432,
      6.099999904632568
    ],
    "sepalwidth": [
      3.0
    ],
    "petallength": [
      2.5999999046325684,
      4.800000190734863
    ],
    "petalwidth": [
      0.800000011920929,
      1.7999999523162842
    ]
  }
}