time,probability
2.0,0.9333333333333333
6.0,0.8666666666666667
7.0,0.6666666666666667
22.0,0.6000000000000001
31.0,0.5333333333333334
32.0,0.4666666666666668
108.0,0.4000000000000001
118.0,0.3333333333333334
445.0,0.3333333333333334
535.0,0.25000000000000006
670.0,0.16666666666666669
920.0,0.08333333333333334
1136.0,0.0
