time,probability
92.0,1.0
132.0,0.8571428571428571
173.0,0.8571428571428571
188.0,0.8571428571428571
279.0,0.8571428571428571
364.0,0.8571428571428571
511.0,0.8571428571428571
654.0,0.0
