time,probability
15.0,1.0
43.0,0.9285714285714286
75.0,0.9285714285714286
120.0,0.8511904761904762
141.0,0.8511904761904762
223.0,0.8511904761904762
241.0,0.8511904761904762
304.0,0.8511904761904762
340.0,0.8511904761904762
342.0,0.8511904761904762
356.0,0.8511904761904762
855.0,0.8511904761904762
907.0,0.8511904761904762
951.0,0.8511904761904762
1084.0,0.8511904761904762
