time,probability
2.0,0.9411764705882353
3.0,0.9117647058823529
4.0,0.8823529411764706
6.0,0.8235294117647058
7.0,0.7941176470588235
11.0,0.7647058823529411
14.0,0.7352941176470588
19.0,0.676470588235294
22.0,0.6470588235294117
32.0,0.6176470588235293
34.0,0.588235294117647
49.0,0.5588235294117646
52.0,0.5294117647058822
64.0,0.4999999999999999
95.0,0.47058823529411753
100.0,0.44117647058823517
118.0,0.4117647058823528
143.0,0.3823529411764705
345.0,0.3529411764705882
358.0,0.32352941176470584
382.0,0.2941176470588235
398.0,0.2941176470588235
446.0,0.261437908496732
465.0,0.2287581699346405
522.0,0.2287581699346405
644.0,0.19063180827886708
1151.0,0.19063180827886708
1159.0,0.14297385620915032
1165.0,0.09531590413943354
1174.0,0.04765795206971677
1955.0,0.04765795206971677
