time,probability
1.0,0.972972972972973
2.0,0.9324324324324326
3.0,0.9189189189189191
4.0,0.9054054054054056
5.0,0.8783783783783786
6.0,0.8378378378378382
7.0,0.8108108108108112
10.0,0.7972972972972976
11.0,0.7837837837837841
14.0,0.7567567567567571
16.0,0.7432432432432435
19.0,0.7162162162162165
32.0,0.702702702702703
33.0,0.6891891891891894
34.0,0.6756756756756758
52.0,0.6621621621621623
53.0,0.6486486486486488
55.0,0.6351351351351353
64.0,0.6216216216216218
83.0,0.6081081081081083
93.0,0.5945945945945948
118.0,0.5810810810810814
140.0,0.5540540540540544
143.0,0.5405405405405409
166.0,0.5270270270270274
169.0,0.5000000000000003
200.0,0.48648648648648685
235.0,0.4729729729729733
287.0,0.45945945945945976
295.0,0.4459459459459462
312.0,0.43243243243243273
321.0,0.4189189189189192
345.0,0.4054054054054057
358.0,0.39189189189189216
382.0,0.3783783783783787
385.0,0.36486486486486513
398.0,0.36486486486486513
406.0,0.3508316008316011
445.0,0.3508316008316011
465.0,0.33557805296935755
497.0,0.320324505107114
521.0,0.320324505107114
524.0,0.320324505107114
559.0,0.3034653206277922
646.0,0.2866061361484704
849.0,0.26974695166914864
953.0,0.25288776718982686
1152.0,0.23602858271050509
1165.0,0.2191693982311833
1174.0,0.20231021375186153
1211.0,0.20231021375186153
1244.0,0.20231021375186153
1536.0,0.1820791923766754
1553.0,0.1618481710014892
1579.0,0.14161714962630306
1887.0,0.14161714962630306
1889.0,0.14161714962630306
1904.0,0.14161714962630306
1977.0,0.14161714962630306
2006.0,0.14161714962630306
2126.0,0.14161714962630306
2156.0,0.14161714962630306
