{
  "closed": "right",
  "cut_points": {
    "mcg": [
      0.0,
      0.31,
      0.43,
      0.6,
      0.6880000000000001,
      0.89
    ],
    "gvh": [
      0.16,
      0.38,
      0.44400000000000006,
      0.51,
      0.6080000000000001,
      1.0
    ],
    "lip": [
      0.48,
      1.0
    ],
    "chg": [
      -Infinity,
      Infinity
    ],
    "aac": [
      0.0,
      0.41,
      0.47,
      0.52,
      0.58,
      0.88
    ],
    "alm1": [
      0.03,
      0.3,
      0.39,
      0.5359999999999999,
      0.7480000000000001,
      1.0
    ],
    "alm2": [
      0.0,
      0.33,
      0.3940000000000001,
      0.5,
      0.75,
      0.99
    ]
  }
}