{
  "closed": "right",
  "cut_points": {
    "AGE": [
      30.0
    ],
    "BILIRUBIN": [
      1.350000023841858
    ],
    "ALK_PHOSPHATE": [
      105.0
    ],
    "SGOT": [],
    "ALBUMIN": [
      3.799999952316284
    ],
    "PROTIME": [
      41.5,
      46.0
    ]
  }
}