{
  "closed": "right",
  "cut_points": {
    "RI": [
      1.515625,
      1.5159900188446045,
      1.5171949863433838,
      1.5180150270462036
    ],
    "Na": [
      13.78499984741211
    ],
    "Mg": [
      2.694999933242798
    ],
    "Al": [
      1.4299999475479126,
      1.7599999904632568
    ],
    "Si": [],
    "'K'": [
      0.054999999701976776,
      0.6100000143051147,
      0.7400000095367432
    ],
    "Ca": [
      7.710000038146973,
      8.279999732971191,
      10.074999809265137
    ],
    "Ba": [
      0.33500000834465027
    ],
    "Fe": []
  }
}