{
  "closed": "right",
  "cut_points": {
    "Alcohol": [
      12.1850004196167,
      12.779999732971191,
      13.710000038146973
    ],
    "Malic_acid": [
      1.3450000286102295,
      2.234999895095825
    ],
    "Ash": [
      2.0299999713897705
    ],
    "Alcalinity_of_ash": [
      17.5
    ],
    "Magnesium": [
      88.5
    ],
    "Total_phenols": [
      1.840000033378601,
      2.3350000381469727
    ],
    "Flavanoids": [
      0.9750000238418579,
      1.5750000476837158,
      2.299999952316284
    ],
    "Nonflavanoid_phenols": [
      0.38999998569488525
    ],
    "Proanthocyanins": [
      1.149999976158142,
      1.565000057220459
    ],
    "Color_intensity": [
      3.799999952316284,
      7.550000190734863
    ],
    "Hue": [
      0.6850000023841858,
      0.8199999928474426
    ],
    "OD280/OD315_of_diluted_wines": [
      1.9249999523162842,
      2.4749999046325684
    ],
    "Proline": [
      468.0,
      760.0,
      985.0
    ]
  }
}