time,probability
10.0,0.96875
204.0,0.9375
210.0,0.90625
232.0,0.875
279.0,0.84375
295.0,0.8125
386.0,0.78125
426.0,0.75
493.0,0.71875
529.0,0.6875
621.0,0.65625
629.0,0.625
659.0,0.59375
667.0,0.5625
752.0,0.53125
779.0,0.5
793.0,0.46875
826.0,0.4375
982.0,0.40625
1062.0,0.375
1075.0,0.34375
1252.0,0.3125
1312.0,0.28125
1621.0,0.25
1860.0,0.21875
1955.0,0.21875
1970.0,0.21875
2227.0,0.21875
2565.0,0.1640625
3042.0,0.109375
3388.0,0.109375
3776.0,0.109375
