time,probability
10.0,0.9
99.0,0.7999999999999999
210.0,0.7
493.0,0.6
826.0,0.5
1516.0,0.4
1525.0,0.30000000000000004
1860.0,0.2
1970.0,0.2
2104.0,0.2
