time,probability
10.0,0.9166666666666666
279.0,0.8333333333333333
355.0,0.75
386.0,0.6666666666666666
426.0,0.5833333333333333
621.0,0.4999999999999999
629.0,0.4166666666666666
779.0,0.33333333333333326
793.0,0.24999999999999994
1075.0,0.16666666666666663
1271.0,0.08333333333333331
2264.0,0.08333333333333331
