time,probability
279.0,0.9444444444444444
295.0,0.8888888888888888
355.0,0.8333333333333333
386.0,0.7777777777777777
529.0,0.7222222222222222
629.0,0.6666666666666667
659.0,0.6111111111111112
752.0,0.5555555555555556
779.0,0.5
793.0,0.4444444444444444
826.0,0.38888888888888884
1062.0,0.33333333333333326
1075.0,0.27777777777777773
1621.0,0.2222222222222222
1667.0,0.16666666666666666
1955.0,0.16666666666666666
2565.0,0.08333333333333333
3042.0,0.0
