time,probability
10.0,0.9333333333333333
210.0,0.8666666666666667
279.0,0.8
386.0,0.7333333333333334
469.0,0.6666666666666667
629.0,0.6000000000000001
667.0,0.5333333333333334
718.0,0.4666666666666668
779.0,0.4000000000000001
793.0,0.3333333333333334
1055.0,0.2666666666666668
1062.0,0.20000000000000007
1271.0,0.13333333333333336
1516.0,0.06666666666666668
2227.0,0.06666666666666668
