time,probability
139.0,0.8888888888888888
182.0,0.7777777777777777
538.0,0.7777777777777777
542.0,0.7777777777777777
547.0,0.7777777777777777
548.0,0.7777777777777777
567.0,0.7777777777777777
587.0,0.7777777777777777
654.0,0.7777777777777777
