time,probability
77.0,0.9090909090909091
110.0,0.8181818181818181
179.0,0.7272727272727272
216.0,0.6363636363636362
264.0,0.5454545454545453
400.0,0.4545454545454544
549.0,0.36363636363636354
824.0,0.27272727272727265
1191.0,0.18181818181818177
1434.0,0.09090909090909088
1765.0,0.09090909090909088
