time,probability
41.0,0.9166666666666666
77.0,0.8333333333333333
223.0,0.75
264.0,0.6666666666666666
304.0,0.5833333333333333
326.0,0.4999999999999999
348.0,0.4166666666666666
549.0,0.33333333333333326
552.0,0.24999999999999994
853.0,0.16666666666666663
1320.0,0.16666666666666663
4079.0,0.0
