{
  "closed": "right",
  "cut_points": {
    "mpg": [
      16.100000381469727,
      21.049999237060547,
      30.850000381469727
    ],
    "displacement": [
      97.25,
      190.5
    ],
    "horsepower": [
      75.5,
      78.0,
      134.0
    ],
    "weight": [
      2562.5,
      2945.0,
      3274.0
    ],
    "acceleration": [
      13.5
    ]
  }
}