{
  "closed": "right",
  "cut_points": {
    "age": [
      29.0,
      45.0,
      53.0,
      58.0,
      63.0,
      77.0
    ],
    "trestbps": [
      94.0,
      120.0,
      126.80000000000001,
      132.0,
      143.60000000000002,
      192.0
    ],
    "chol": [
      131.0,
      205.0,
      231.0,
      254.6,
      285.6,
      564.0
    ],
    "thalach": [
      71.0,
      129.2,
      146.0,
      158.6,
      169.0,
      202.0
    ],
    "oldpeak": [
      0.0,
      0.3,
      1.0,
      1.880000000000001,
      6.2
    ],
    "ca": [
      0.0,
      1.0,
      3.0
    ]
  }
}