{
  "closed": "right",
  "cut_points": {
    "sepallength": [
      4.3,
      5.0,
      5.6,
      6.1,
      6.62,
      7.9
    ],
    "sepalwidth": [
      2.2,
      2.7,
      3.0,
      3.1,
      3.4,
      4.4
    ],
    "petallength": [
      1.0,
      1.5,
      4.0,
      4.639999999999999,
      5.32,
      6.9
    ],
    "petalwidth": [
      0.1,
      0.2,
      1.2,
      1.5,
      1.9200000000000002,
      2.5
    ]
  }
}