{
  "closed": "right",
  "cut_points": {
    "Alcohol": [
      12.779999732971191,
      12.975000381469727
    ],
    "Malic_acid": [
      1.409999966621399,
      2.234999895095825
    ],
    "Ash": [
      2.0299999713897705
    ],
    "Alcalinity_of_ash": [
      18.0
    ],
    "Magnesium": [
      88.5
    ],
    "Total_phenols": [
      1.840000033378601,
      2.200000047683716
    ],
    "Flavanoids": [
      0.9750000238418579,
      1.399999976158142,
      2.309999942779541
    ],
    "Nonflavanoid_phenols": [
      0.38999998569488525
    ],
    "Proanthocyanins": [
      1.4149999618530273
    ],
    "Color_intensity": [
      3.799999952316284,
      7.550000190734863
    ],
    "Hue": [
      0.6899999976158142,
      0.8199999928474426
    ],
    "OD280/OD315_of_diluted_wines": [
      2.2049999237060547
    ],
    "Proline": [
      468.0,
      765.0
    ]
  }
}