{
  "closed": "right",
  "cut_points": {
    "Alcohol": [
      12.779999732971191
    ],
    "Malic_acid": [
      1.340000033378601,
      2.234999895095825
    ],
    "Ash": [
      2.0299999713897705
    ],
    "Alcalinity_of_ash": [
      17.5
    ],
    "Magnesium": [
      88.5
    ],
    "Total_phenols": [
      1.840000033378601,
      2.3350000381469727
    ],
    "Flavanoids": [
      0.9750000238418579,
      1.5750000476837158,
      2.309999942779541
    ],
    "Nonflavanoid_phenols": [
      0.3400000035762787
    ],
    "Proanthocyanins": [
      1.350000023841858
    ],
    "Color_intensity": [
      3.4600000381469727,
      7.5
    ],
    "Hue": [
      0.7850000262260437
    ],
    "OD280/OD315_of_diluted_wines": [
      2.059999942779541,
      2.4749999046325684
    ],
    "Proline": [
      467.5,
      755.0,
      985.0
    ]
  }
}