{
  "closed": "right",
  "cut_points": {
    "Alcohol": [
      12.1850004196167,
      12.779999732971191,
      13.494999885559082
    ],
    "Malic_acid": [
      1.350000023841858,
      2.234999895095825
    ],
    "Ash": [
      2.0199999809265137
    ],
    "Alcalinity_of_ash": [
      17.450000762939453
    ],
    "Magnesium": [
      88.5
    ],
    "Total_phenols": [
      2.3350000381469727
    ],
    "Flavanoids": [
      0.9750000238418579,
      1.4249999523162842,
      2.309999942779541
    ],
    "Nonflavanoid_phenols": [
      0.39500001072883606
    ],
    "Proanthocyanins": [
      1.350000023841858
    ],
    "Color_intensity": [
      3.4600000381469727,
      7.5
    ],
    "Hue": [
      0.6800000071525574,
      0.8550000190734863
    ],
    "OD280/OD315_of_diluted_wines": [
      2.190000057220459,
      2.569999933242798
    ],
    "Proline": [
      510.0,
      755.0,
      985.0
    ]
  }
}