time,probability
56.0,0.96875
87.0,0.9375
119.0,0.90625
129.0,0.875
130.0,0.84375
134.0,0.8125
137.0,0.78125
156.0,0.75
164.0,0.71875
180.0,0.65625
199.0,0.625
222.0,0.59375
232.0,0.5625
245.0,0.5
248.0,0.46875
260.0,0.4375
436.0,0.40625
540.0,0.40625
541.0,0.40625
548.0,0.40625
549.0,0.40625
559.0,0.3482142857142857
562.0,0.3482142857142857
567.0,0.3482142857142857
597.0,0.3482142857142857
603.0,0.3482142857142857
634.0,0.3482142857142857
659.0,0.0
