{
  "closed": "right",
  "cut_points": {
    "unit_number": [
      1.0,
      2.0,
      7.0,
      9.0,
      10.0
    ],
    "proof_cut": [
      25.0,
      40.0,
      42.5,
      45.56388888888889,
      51.200000000000045,
      72.5
    ],
    "viscosity": [
      35.0,
      43.0,
      47.0,
      53.0,
      58.0,
      70.0
    ],
    "ink_temperature": [
      12.0,
      14.5,
      15.0,
      15.6,
      16.160000000000004,
      24.5
    ],
    "humifity": [
      57.0,
      72.0,
      76.0,
      80.0,
      84.0,
      105.0
    ],
    "roughness": [
      0.05625,
      0.625,
      0.75,
      0.875,
      1.25
    ],
    "blade_pressure": [
      16.0,
      25.0,
      29.80000000000001,
      30.0,
      32.0,
      70.0
    ],
    "varnish_pct": [
      0.0,
      2.280000000000001,
      5.6,
      11.060000000000002,
      35.8
    ],
    "press_speed": [
      900.0,
      1600.0,
      1732.4,
      1900.0,
      2100.0,
      2600.0
    ],
    "ink_pct": [
      41.0,
      51.0,
      55.580000000000005,
      57.5,
      58.8,
      71.4
    ],
    "solvent_pct": [
      22.5,
      35.94,
      37.5,
      38.9,
      41.2,
      53.4
    ],
    "ESA_Voltage": [
      0.0,
      2.0,
      16.0
    ],
    "ESA_Amperage": [
      0.0,
      4.0
    ],
    "wax": [
      0.0,
      2.1400000000000006,
      2.5,
      2.780000000000001,
      3.1
    ],
    "hardener": [
      0.0,
      0.7700000000000004,
      0.9,
      1.0,
      1.1,
      2.8
    ],
    "roller_durometer": [
      28.0,
      30.0,
      34.0,
      35.0,
      40.0,
      60.0
    ],
    "anode_space_ratio": [
      83.33,
      100.0,
      101.33600000000003,
      103.3,
      106.66,
      117.86
    ]
  }
}