time,probability
1.0,0.9863013698630136
2.0,0.9726027397260274
3.0,0.9452054794520548
6.0,0.9315068493150686
7.0,0.904109589041096
10.0,0.8904109589041097
11.0,0.8630136986301371
14.0,0.8493150684931507
16.0,0.8356164383561645
19.0,0.8082191780821919
22.0,0.7945205479452057
31.0,0.7808219178082193
32.0,0.767123287671233
37.0,0.7534246575342466
49.0,0.7397260273972602
53.0,0.726027397260274
57.0,0.6986301369863014
101.0,0.684931506849315
132.0,0.6712328767123287
134.0,0.6575342465753423
135.0,0.643835616438356
146.0,0.6301369863013696
151.0,0.6164383561643834
200.0,0.602739726027397
226.0,0.5890410958904108
274.0,0.5753424657534244
287.0,0.561643835616438
321.0,0.5479452054794517
328.0,0.5342465753424653
359.0,0.5068493150684927
371.0,0.5068493150684927
400.0,0.5068493150684927
412.0,0.5068493150684927
422.0,0.49149024491490206
446.0,0.4761311747613114
521.0,0.4761311747613114
535.0,0.46026013560260104
542.0,0.4438222736167939
552.0,0.42738441163098667
589.0,0.42738441163098667
632.0,0.41028903516574716
646.0,0.3931936587005077
649.0,0.37609828223526826
659.0,0.37609828223526826
670.0,0.358188840224065
673.0,0.34027939821286174
714.0,0.3223699562016585
865.0,0.3044605141904552
905.0,0.28655107217925196
920.0,0.2686416301680487
1140.0,0.2686416301680487
1152.0,0.24945294229890239
1157.0,0.24945294229890239
1165.0,0.2286651971073272
1174.0,0.2286651971073272
1232.0,0.20579867739659446
1277.0,0.20579867739659446
1377.0,0.18007384272202015
1536.0,0.15434900804744583
1885.0,0.15434900804744583
1914.0,0.15434900804744583
1955.0,0.15434900804744583
1964.0,0.15434900804744583
2057.0,0.15434900804744583
2353.0,0.0
