{
  "closed": "right",
  "cut_points": {
    "mcg": [
      0.5600000023841858,
      0.7549999952316284
    ],
    "gvh": [
      0.5699999928474426
    ],
    "lip": [
      0.7400000095367432
    ],
    "chg": [],
    "aac": [
      0.5600000023841858,
      0.7149999737739563
    ],
    "alm1": [
      0.36000001430511475,
      0.5899999737739563
    ],
    "alm2": [
      0.6150000095367432
    ]
  }
}