{
  "closed": "right",
  "cut_points": {
    "AGE": [
      36.5
    ],
    "BILIRUBIN": [
      1.7000000476837158
    ],
    "ALK_PHOSPHATE": [
      105.0
    ],
    "SGOT": [],
    "ALBUMIN": [
      3.8499999046325684
    ],
    "PROTIME": [
      41.0,
      46.0
    ]
  }
}