{
  "closed": "right",
  "cut_points": {
    "Alcohol": [
      11.41,
      12.238,
      12.793999999999999,
      13.38,
      13.824,
      14.83
    ],
    "Malic_acid": [
      0.74,
      1.506,
      1.73,
      2.128,
      3.438,
      5.8
    ],
    "Ash": [
      1.7,
      2.196,
      2.312,
      2.444,
      2.62,
      3.23
    ],
    "Alcalinity_of_ash": [
      11.4,
      17.0,
      19.0,
      20.4,
      22.5,
      30.0
    ],
    "Magnesium": [
      70.0,
      86.6,
      94.0,
      101.0,
      108.80000000000001,
      151.0
    ],
    "Total_phenols": [
      0.98,
      1.65,
      2.144,
      2.56,
      2.888,
      3.88
    ],
    "Flavanoids": [
      0.34,
      0.836,
      1.766,
      2.526,
      2.984,
      5.08
    ],
    "Nonflavanoid_phenols": [
      0.13,
      0.26,
      0.32,
      0.4,
      0.48,
      0.63
    ],
    "Proanthocyanins": [
      0.42,
      1.1280000000000001,
      1.442,
      1.7519999999999998,
      2.0560000000000005,
      3.58
    ],
    "Color_intensity": [
      1.74,
      2.924,
      4.0200000000000005,
      5.38,
      6.840000000000001,
      13.0
    ],
    "Hue": [
      0.48,
      0.746,
      0.912,
      1.04,
      1.1380000000000001,
      1.42
    ],
    "OD280/OD315_of_diluted_wines": [
      1.27,
      1.812,
      2.5860000000000003,
      2.926,
      3.21,
      4.0
    ],
    "Proline": [
      278.0,
      471.2,
      621.0,
      724.0,
      1095.0,
      1680.0
    ]
  }
}