time,probability
19.0,0.9
31.0,0.7999999999999999
48.0,0.7
59.0,0.6
113.0,0.5
115.0,0.4
137.0,0.30000000000000004
274.0,0.2
382.0,0.1
472.0,0.1
