time,probability
15.0,0.9444444444444444
41.0,0.8333333333333333
55.0,0.7777777777777777
57.0,0.7222222222222222
60.0,0.6666666666666667
68.0,0.6111111111111112
196.0,0.5555555555555556
224.0,0.5
246.0,0.4444444444444444
290.0,0.38888888888888884
353.0,0.33333333333333326
1006.0,0.33333333333333326
1376.0,0.33333333333333326
1838.0,0.33333333333333326
1985.0,0.33333333333333326
2208.0,0.33333333333333326
2761.0,0.33333333333333326
