time,probability
1003.0,0.9523809523809523
1036.0,0.9047619047619047
1042.0,0.857142857142857
1056.0,0.8095238095238093
1064.0,0.7619047619047616
1067.0,0.7142857142857141
1075.0,0.6666666666666665
1076.0,0.5714285714285713
1181.0,0.5238095238095236
1723.0,0.5238095238095236
2247.0,0.47142857142857125
3059.0,0.4190476190476189
3919.0,0.4190476190476189
4154.0,0.3591836734693876
4899.0,0.29931972789115635
5477.0,0.29931972789115635
5837.0,0.22448979591836726
5980.0,0.22448979591836726
