time,probability
1060.0,0.8888888888888888
1064.0,0.7777777777777777
1070.0,0.6666666666666665
1089.0,0.6666666666666665
2479.0,0.6666666666666665
3900.0,0.4999999999999999
5837.0,0.33333333333333326
5980.0,0.33333333333333326
