time,probability
1056.0,0.9473684210526315
1059.0,0.894736842105263
1064.0,0.7894736842105262
1065.0,0.7368421052631579
1076.0,0.6842105263157895
1781.0,0.6315789473684211
2065.0,0.6315789473684211
2082.0,0.5741626794258373
2247.0,0.5167464114832536
3706.0,0.45933014354066987
4108.0,0.4019138755980861
4198.0,0.34449760765550236
4860.0,0.34449760765550236
4899.0,0.2755980861244019
5189.0,0.20669856459330144
5980.0,0.20669856459330144
