time,probability
1003.0,0.9333333333333333
1042.0,0.8666666666666667
1056.0,0.8
1064.0,0.7333333333333334
1067.0,0.6666666666666667
1075.0,0.6000000000000001
1076.0,0.46666666666666673
1181.0,0.4
3313.0,0.33333333333333337
3919.0,0.33333333333333337
5477.0,0.33333333333333337
5893.0,0.22222222222222224
5980.0,0.22222222222222224
