time,probability
1003.0,0.9444444444444444
1036.0,0.8888888888888888
1042.0,0.8333333333333333
1064.0,0.7777777777777777
1067.0,0.7222222222222222
1075.0,0.6666666666666667
1076.0,0.5555555555555557
1181.0,0.5000000000000001
1723.0,0.5000000000000001
3313.0,0.4375000000000001
4867.0,0.4375000000000001
4899.0,0.3645833333333334
5477.0,0.3645833333333334
5674.0,0.27343750000000006
5837.0,0.18229166666666669
5893.0,0.09114583333333334
5980.0,0.09114583333333334
