time,probability
680.0,1.0
1005.0,0.9545454545454546
1036.0,0.9090909090909091
1046.0,0.8181818181818181
1059.0,0.7727272727272726
1064.0,0.7272727272727272
1076.0,0.6363636363636362
1723.0,0.6363636363636362
1919.0,0.5874125874125873
2862.0,0.5874125874125873
3144.0,0.534011443102352
3596.0,0.534011443102352
3973.0,0.4746768383132018
4370.0,0.4153422335240516
4782.0,0.4153422335240516
4899.0,0.34611852793670966
5351.0,0.27689482234936774
5837.0,0.20767111676202582
5980.0,0.20767111676202582
