time,probability
96.0,0.9411764705882353
101.0,0.8823529411764706
102.0,0.8235294117647058
144.0,0.7647058823529411
171.0,0.7058823529411765
220.0,0.6470588235294118
285.0,0.5882352941176471
290.0,0.4705882352941177
538.0,0.4705882352941177
546.0,0.4705882352941177
552.0,0.4705882352941177
555.0,0.4705882352941177
559.0,0.4705882352941177
567.0,0.4705882352941177
575.0,0.4705882352941177
655.0,0.4705882352941177
