time,probability
149.0,0.9230769230769231
321.0,0.8461538461538461
385.0,0.7692307692307692
704.0,0.7692307692307692
1185.0,0.7692307692307692
1301.0,0.7692307692307692
1346.0,0.7692307692307692
1522.0,0.7692307692307692
1791.0,0.7692307692307692
1958.0,0.7692307692307692
2117.0,0.7692307692307692
2153.0,0.7692307692307692
2932.0,0.7692307692307692
