time,probability
19.0,0.9230769230769231
28.0,0.8461538461538461
31.0,0.7692307692307692
48.0,0.6923076923076923
58.0,0.6153846153846153
137.0,0.5384615384615384
150.0,0.4615384615384615
174.0,0.3846153846153846
274.0,0.3076923076923077
385.0,0.23076923076923078
435.0,0.15384615384615385
2461.0,0.15384615384615385
2503.0,0.15384615384615385
