time,probability
11.0,0.8333333333333334
15.0,0.6666666666666667
28.0,0.5
60.0,0.3333333333333333
64.0,0.16666666666666666
202.0,0.0
