time,probability
2.0,0.9354838709677419
3.0,0.9032258064516129
6.0,0.8387096774193549
11.0,0.8064516129032259
14.0,0.7741935483870968
19.0,0.7096774193548386
22.0,0.6774193548387096
32.0,0.6451612903225805
49.0,0.6129032258064515
52.0,0.5806451612903224
64.0,0.5483870967741934
95.0,0.5161290322580644
100.0,0.4838709677419354
118.0,0.4516129032258064
143.0,0.4193548387096774
345.0,0.3870967741935484
358.0,0.3548387096774193
382.0,0.32258064516129026
446.0,0.29032258064516125
458.0,0.29032258064516125
465.0,0.2540322580645161
522.0,0.2540322580645161
644.0,0.21169354838709678
1159.0,0.16935483870967744
1165.0,0.12701612903225806
1174.0,0.0846774193548387
1295.0,0.0846774193548387
1914.0,0.0846774193548387
