time,probability
1.0,0.9814814814814815
2.0,0.9259259259259259
3.0,0.9074074074074074
4.0,0.888888888888889
6.0,0.851851851851852
11.0,0.8333333333333335
14.0,0.8148148148148149
16.0,0.7962962962962964
19.0,0.7407407407407408
22.0,0.7222222222222223
32.0,0.7037037037037038
34.0,0.6851851851851853
49.0,0.6666666666666669
52.0,0.6481481481481484
55.0,0.6296296296296299
64.0,0.6111111111111114
93.0,0.5925925925925929
95.0,0.5740740740740744
100.0,0.5555555555555559
118.0,0.5370370370370374
143.0,0.5185185185185189
200.0,0.5000000000000004
287.0,0.4814814814814819
345.0,0.46296296296296335
358.0,0.4444444444444448
382.0,0.4259259259259263
398.0,0.4259259259259263
445.0,0.4259259259259263
446.0,0.4056437389770727
458.0,0.4056437389770727
465.0,0.38429406850459513
521.0,0.38429406850459513
522.0,0.38429406850459513
535.0,0.3602756892230579
578.0,0.3602756892230579
644.0,0.3345417114214109
849.0,0.30880773361976394
1106.0,0.30880773361976394
1159.0,0.2807343032906945
1165.0,0.25266087296162504
1174.0,0.2245874426325556
1187.0,0.2245874426325556
1244.0,0.2245874426325556
1295.0,0.2245874426325556
1408.0,0.2245874426325556
1914.0,0.2245874426325556
1977.0,0.2245874426325556
2006.0,0.2245874426325556
2126.0,0.2245874426325556
