{
  "closed": "right",
  "cut_points": {
    "sepallength": [
      5.5,
      6.099999904632568
    ],
    "sepalwidth": [
      2.5,
      3.0999999046325684
    ],
    "petallength": [
      2.450000047683716,
      4.800000190734863
    ],
    "petalwidth": [
      0.75,
      1.75
    ]
  }
}