{
  "closed": "right",
  "cut_points": {
    "mpg": [
      21.0,
      30.950000762939453
    ],
    "displacement": [
      97.0,
      134.5,
      140.5,
      190.5
    ],
    "horsepower": [
      78.5,
      134.0
    ],
    "weight": [
      2379.5,
      2959.5,
      3532.5
    ],
    "acceleration": [
      13.5,
      19.450000762939453
    ]
  }
}