time,probability
114.0,1.0
429.0,1.0
761.0,1.0
795.0,0.8888888888888888
1109.0,0.8888888888888888
1208.0,0.8888888888888888
1349.0,0.8888888888888888
1632.0,0.8888888888888888
1976.0,0.8888888888888888
1989.0,0.5925925925925926
2014.0,0.5925925925925926
2438.0,0.5925925925925926
