{
  "closed": "right",
  "cut_points": {
    "Alcohol": [
      11.03,
      12.25,
      12.712,
      13.251999999999999,
      13.752,
      14.83
    ],
    "Malic_acid": [
      0.74,
      1.518,
      1.73,
      2.154,
      3.382,
      5.8
    ],
    "Ash": [
      1.36,
      2.186,
      2.3,
      2.414,
      2.61,
      3.22
    ],
    "Alcalinity_of_ash": [
      10.6,
      16.8,
      18.720000000000002,
      20.159999999999997,
      22.0,
      30.0
    ],
    "Magnesium": [
      70.0,
      88.0,
      95.6,
      101.0,
      110.2,
      162.0
    ],
    "Total_phenols": [
      0.98,
      1.65,
      2.1,
      2.53,
      2.864,
      3.88
    ],
    "Flavanoids": [
      0.34,
      0.92,
      1.69,
      2.4699999999999998,
      2.98,
      3.93
    ],
    "Nonflavanoid_phenols": [
      0.13,
      0.26,
      0.3,
      0.39,
      0.48,
      0.66
    ],
    "Proanthocyanins": [
      0.41,
      1.14,
      1.44,
      1.684,
      1.982,
      3.58
    ],
    "Color_intensity": [
      1.28,
      2.9,
      3.936,
      5.262,
      7.06,
      13.0
    ],
    "Hue": [
      0.48,
      0.73,
      0.9084,
      1.04,
      1.152,
      1.71
    ],
    "OD280/OD315_of_diluted_wines": [
      1.27,
      1.774,
      2.516,
      2.88,
      3.22,
      4.0
    ],
    "Proline": [
      290.0,
      480.0,
      623.0,
      750.0,
      1046.0,
      1680.0
    ]
  }
}