{
  "closed": "right",
  "cut_points": {
    "AGE": [
      7.0,
      30.8,
      37.0,
      43.39999999999999,
      51.2,
      78.0
    ],
    "BILIRUBIN": [
      0.3,
      0.7,
      0.9600000000000002,
      1.1462184873949581,
      1.8200000000000003,
      8.0
    ],
    "ALK_PHOSPHATE": [
      26.0,
      72.0,
      85.0,
      101.31372549019608,
      126.2,
      295.0
    ],
    "SGOT": [
      14.0,
      30.0,
      48.0,
      68.0,
      129.60000000000002,
      648.0
    ],
    "ALBUMIN": [
      2.1,
      3.1518518518518515,
      3.9,
      4.0,
      4.220000000000001,
      5.3
    ],
    "PROTIME": [
      0.0,
      43.5,
      63.6,
      66.57142857142857,
      72.2,
      100.0
    ]
  }
}