time,probability
1.0,0.9848484848484849
2.0,0.9545454545454546
3.0,0.9393939393939393
6.0,0.9242424242424242
7.0,0.9090909090909091
10.0,0.8787878787878788
19.0,0.8636363636363636
22.0,0.8484848484848484
31.0,0.8333333333333333
32.0,0.8181818181818181
33.0,0.803030303030303
49.0,0.7878787878787878
57.0,0.7727272727272727
61.0,0.7575757575757576
101.0,0.7424242424242424
132.0,0.7272727272727273
137.0,0.7121212121212122
151.0,0.696969696969697
197.0,0.6818181818181819
226.0,0.6666666666666667
289.0,0.6515151515151516
321.0,0.6363636363636365
328.0,0.6212121212121213
371.0,0.6212121212121213
385.0,0.6056818181818183
422.0,0.5901515151515153
445.0,0.5901515151515153
451.0,0.5901515151515153
458.0,0.5901515151515153
479.0,0.5732900432900434
516.0,0.5732900432900434
521.0,0.5732900432900434
535.0,0.5732900432900434
550.0,0.5732900432900434
578.0,0.5732900432900434
606.0,0.5732900432900434
632.0,0.5528153988868276
670.0,0.5323407544836117
905.0,0.511866110080396
1065.0,0.4913914656771801
1096.0,0.4709168212739643
1117.0,0.4709168212739643
1170.0,0.4709168212739643
1174.0,0.4484922107371088
1217.0,0.42606760020025336
1232.0,0.4036429896633979
1256.0,0.4036429896633979
1265.0,0.4036429896633979
1274.0,0.4036429896633979
1302.0,0.4036429896633979
1332.0,0.4036429896633979
1333.0,0.4036429896633979
1363.0,0.4036429896633979
1374.0,0.4036429896633979
1377.0,0.3632786906970581
1451.0,0.3632786906970581
1536.0,0.31786885435992585
1577.0,0.27245901802279354
1579.0,0.2270491816856613
1836.0,0.2270491816856613
2123.0,0.2270491816856613
2125.0,0.2270491816856613
2132.0,0.2270491816856613
2145.0,0.2270491816856613
