time,probability
2.0,0.9852941176470589
6.0,0.9705882352941176
18.0,0.9558823529411765
64.0,0.9411764705882354
97.0,0.9264705882352943
145.0,0.911764705882353
233.0,0.8970588235294119
368.0,0.8970588235294119
373.0,0.8970588235294119
376.0,0.8970588235294119
386.0,0.8970588235294119
392.0,0.8810399159663866
398.0,0.8810399159663866
403.0,0.8810399159663866
408.0,0.8810399159663866
424.0,0.8810399159663866
437.0,0.8810399159663866
440.0,0.8810399159663866
445.0,0.8810399159663866
449.0,0.8810399159663866
452.0,0.8810399159663866
457.0,0.8810399159663866
458.0,0.8810399159663866
466.0,0.8810399159663866
475.0,0.8810399159663866
480.0,0.8810399159663866
497.0,0.8810399159663866
507.0,0.8810399159663866
510.0,0.8810399159663866
511.0,0.8810399159663866
516.0,0.8810399159663866
537.0,0.8558673469387756
573.0,0.8558673469387756
587.0,0.8558673469387756
662.0,0.8558673469387756
1098.0,0.8558673469387756
1103.0,0.8558673469387756
1106.0,0.8558673469387756
1107.0,0.8558673469387756
1123.0,0.8558673469387756
1126.0,0.8558673469387756
1160.0,0.8558673469387756
1178.0,0.8558673469387756
1191.0,0.8558673469387756
1200.0,0.8151117589893101
1251.0,0.8151117589893101
1273.0,0.8151117589893101
1279.0,0.8151117589893101
1346.0,0.8151117589893101
1385.0,0.8151117589893101
1430.0,0.8151117589893101
1444.0,0.8151117589893101
1847.0,0.8151117589893101
1883.0,0.8151117589893101
1887.0,0.8151117589893101
1919.0,0.8151117589893101
2032.0,0.8151117589893101
2048.0,0.8151117589893101
2065.0,0.8151117589893101
2123.0,0.8151117589893101
2126.0,0.8151117589893101
2152.0,0.8151117589893101
2175.0,0.8151117589893101
2192.0,0.8151117589893101
2358.0,0.0
