time,probability
1.0,0.9838709677419355
2.0,0.967741935483871
10.0,0.9516129032258064
11.0,0.9354838709677419
33.0,0.9193548387096774
42.0,0.9032258064516128
64.0,0.8870967741935483
145.0,0.8709677419354838
197.0,0.8548387096774193
289.0,0.8387096774193548
373.0,0.8387096774193548
385.0,0.8222643896268184
386.0,0.8222643896268184
392.0,0.8054834837160669
397.0,0.8054834837160669
424.0,0.8054834837160669
445.0,0.8054834837160669
449.0,0.8054834837160669
451.0,0.8054834837160669
458.0,0.8054834837160669
479.0,0.786305305532351
497.0,0.786305305532351
506.0,0.786305305532351
516.0,0.786305305532351
522.0,0.786305305532351
542.0,0.786305305532351
550.0,0.786305305532351
606.0,0.786305305532351
662.0,0.786305305532351
725.0,0.786305305532351
1096.0,0.761733264734465
1103.0,0.761733264734465
1117.0,0.761733264734465
1126.0,0.761733264734465
1160.0,0.761733264734465
1170.0,0.761733264734465
1191.0,0.761733264734465
1200.0,0.7312639341450864
1217.0,0.7007946035557078
1251.0,0.7007946035557078
1257.0,0.7007946035557078
1274.0,0.7007946035557078
1279.0,0.7007946035557078
1302.0,0.7007946035557078
1325.0,0.7007946035557078
1332.0,0.7007946035557078
1333.0,0.7007946035557078
1338.0,0.7007946035557078
1374.0,0.7007946035557078
1385.0,0.7007946035557078
1451.0,0.7007946035557078
1577.0,0.6370860032324616
1579.0,0.5733774029092155
1836.0,0.5733774029092155
1887.0,0.5733774029092155
1919.0,0.5733774029092155
1979.0,0.5733774029092155
2123.0,0.5733774029092155
2125.0,0.5733774029092155
2132.0,0.5733774029092155
2145.0,0.5733774029092155
2358.0,0.0
