time,probability
318.0,0.95
733.0,0.8999999999999999
1003.0,0.8499999999999999
1005.0,0.7999999999999998
1036.0,0.7499999999999998
1056.0,0.6999999999999998
1061.0,0.6499999999999999
1064.0,0.6
1181.0,0.5499999999999999
1522.0,0.49999999999999994
2796.0,0.44999999999999996
4139.0,0.3999999999999999
4370.0,0.3499999999999999
5351.0,0.29999999999999993
5674.0,0.24999999999999994
5893.0,0.19999999999999996
5980.0,0.19999999999999996
