time,probability
318.0,0.8333333333333334
733.0,0.6666666666666667
1059.0,0.5
1065.0,0.3333333333333333
1067.0,0.16666666666666666
3059.0,0.0
