time,probability
318.0,0.9285714285714286
1001.0,0.8571428571428572
1036.0,0.7857142857142857
1042.0,0.7142857142857143
1076.0,0.5714285714285715
1233.0,0.5714285714285715
1522.0,0.489795918367347
2082.0,0.4081632653061225
4139.0,0.32653061224489804
4143.0,0.24489795918367352
5082.0,0.24489795918367352
5189.0,0.12244897959183676
5980.0,0.12244897959183676
