time,probability
5.0,1.0
40.0,1.0
124.0,1.0
162.0,1.0
334.0,0.8888888888888888
408.0,0.8888888888888888
480.0,0.8888888888888888
488.0,0.8888888888888888
490.0,0.8888888888888888
829.0,0.8888888888888888
860.0,0.8888888888888888
907.0,0.8888888888888888
1126.0,0.8888888888888888
