time,probability
71.0,0.9285714285714286
77.0,0.8571428571428572
216.0,0.7857142857142857
264.0,0.7142857142857143
321.0,0.6428571428571429
694.0,0.5714285714285714
750.0,0.5
824.0,0.42857142857142855
1037.0,0.35714285714285715
1083.0,0.28571428571428575
1191.0,0.2142857142857143
1925.0,0.14285714285714285
1932.0,0.14285714285714285
2666.0,0.14285714285714285
