{
  "closed": "right",
  "cut_points": {
    "age": [
      29.0,
      45.0,
      53.0,
      58.0,
      62.0,
      77.0
    ],
    "trestbps": [
      94.0,
      120.0,
      128.0,
      134.0,
      145.0,
      200.0
    ],
    "chol": [
      126.0,
      204.0,
      230.0,
      254.0,
      286.0,
      564.0
    ],
    "thalach": [
      71.0,
      130.0,
      146.8,
      159.0,
      170.0,
      202.0
    ],
    "oldpeak": [
      0.0,
      0.4,
      1.119999999999999,
      1.9600000000000022,
      6.2
    ],
    "ca": [
      0.0,
      1.0,
      3.0
    ]
  }
}