{
  "closed": "right",
  "cut_points": {
    "Alcohol": [
      11.03,
      12.25,
      12.75,
      13.24,
      13.752,
      14.83
    ],
    "Malic_acid": [
      0.74,
      1.5,
      1.726,
      2.138,
      3.43,
      5.8
    ],
    "Ash": [
      1.36,
      2.186,
      2.3,
      2.424,
      2.612,
      3.23
    ],
    "Alcalinity_of_ash": [
      10.6,
      16.8,
      18.720000000000002,
      20.0,
      22.0,
      30.0
    ],
    "Magnesium": [
      70.0,
      88.0,
      94.0,
      101.39999999999999,
      112.0,
      162.0
    ],
    "Total_phenols": [
      0.98,
      1.65,
      2.038,
      2.5199999999999996,
      2.852,
      3.88
    ],
    "Flavanoids": [
      0.34,
      0.9040000000000001,
      1.75,
      2.43,
      2.98,
      5.08
    ],
    "Nonflavanoid_phenols": [
      0.13,
      0.26,
      0.3,
      0.39,
      0.47,
      0.66
    ],
    "Proanthocyanins": [
      0.41,
      1.14,
      1.42,
      1.66,
      1.98,
      3.28
    ],
    "Color_intensity": [
      1.28,
      2.9,
      4.23,
      5.262,
      6.82,
      13.0
    ],
    "Hue": [
      0.48,
      0.738,
      0.9036000000000001,
      1.04,
      1.152,
      1.71
    ],
    "OD280/OD315_of_diluted_wines": [
      1.27,
      1.75,
      2.55,
      2.888,
      3.26,
      4.0
    ],
    "Proline": [
      278.0,
      471.6,
      611.8,
      740.9999999999999,
      1060.0,
      1680.0
    ]
  }
}