{
  "closed": "right",
  "cut_points": {
    "age": [
      29.0,
      45.0,
      52.0,
      58.0,
      62.0,
      76.0
    ],
    "resting_blood_pressure": [
      94.0,
      118.0,
      125.0,
      134.0,
      144.60000000000002,
      200.0
    ],
    "serum_cholestoral": [
      126.0,
      207.4,
      233.0,
      255.2,
      287.20000000000005,
      417.0
    ],
    "maximum_heart_rate_achieved": [
      71.0,
      126.80000000000001,
      147.0,
      159.0,
      170.0,
      202.0
    ],
    "oldpeak": [
      0.0,
      0.4,
      1.2,
      1.8600000000000023,
      6.2
    ],
    "slope": [
      1.0,
      2.0,
      3.0
    ],
    "number_of_major_vessels": [
      0.0,
      1.0,
      3.0
    ]
  }
}