time,probability
1.0,0.8333333333333334
2.0,0.6666666666666667
3.0,0.5
4.0,0.4722222222222222
5.0,0.4444444444444444
7.0,0.38888888888888884
8.0,0.33333333333333326
10.0,0.30555555555555547
12.0,0.2777777777777777
15.0,0.19444444444444436
19.0,0.1666666666666666
28.0,0.13888888888888884
48.0,0.11111111111111108
68.0,0.08333333333333331
234.0,0.05555555555555554
350.0,0.02777777777777777
409.0,0.0
