{
  "closed": "right",
  "cut_points": {
    "attribute_1": [
      0.0015,
      0.012320000000000001,
      0.0201,
      0.02632,
      0.03892000000000002,
      0.1371
    ],
    "attribute_2": [
      0.0006,
      0.01344,
      0.022600000000000006,
      0.03768,
      0.05726000000000002,
      0.1632
    ],
    "attribute_3": [
      0.0024,
      0.01672,
      0.028440000000000003,
      0.040979999999999996,
      0.06226,
      0.1997
    ],
    "attribute_4": [
      0.0058,
      0.02194,
      0.03418,
      0.048459999999999996,
      0.07578000000000001,
      0.2604
    ],
    "attribute_5": [
      0.0067,
      0.03212,
      0.04918,
      0.07117999999999998,
      0.11098000000000004,
      0.3225
    ],
    "attribute_6": [
      0.0102,
      0.05952,
      0.08118,
      0.10694,
      0.14504,
      0.3823
    ],
    "attribute_7": [
      0.0033,
      0.07182,
      0.09838000000000001,
      0.12576,
      0.16720000000000002,
      0.3729
    ],
    "attribute_8": [
      0.0057,
      0.06766,
      0.10167999999999999,
      0.13649999999999998,
      0.18868000000000004,
      0.459
    ],
    "attribute_9": [
      0.0075,
      0.08446000000000001,
      0.13174,
      0.17326,
      0.26064000000000004,
      0.6828
    ],
    "attribute_10": [
      0.0113,
      0.09780000000000001,
      0.15128,
      0.21196,
      0.29536,
      0.7106
    ],
    "attribute_11": [
      0.0327,
      0.11528,
      0.1902,
      0.25035999999999997,
      0.32604000000000005,
      0.7342
    ],
    "attribute_12": [
      0.0236,
      0.11002,
      0.21306000000000003,
      0.27581999999999995,
      0.34824,
      0.706
    ],
    "attribute_13": [
      0.0184,
      0.15006,
      0.22708,
      0.2918,
      0.3794800000000001,
      0.7131
    ],
    "attribute_14": [
      0.0273,
      0.14176000000000002,
      0.22922,
      0.30284,
      0.41334,
      0.997
    ],
    "attribute_15": [
      0.0031,
      0.13186000000000003,
      0.21002,
      0.33322,
      0.4989,
      1.0
    ],
    "attribute_16": [
      0.0162,
      0.17128000000000002,
      0.23314000000000001,
      0.38645999999999997,
      0.5727800000000002,
      0.9988
    ],
    "attribute_17": [
      0.0349,
      0.18210000000000004,
      0.25544000000000006,
      0.39698,
      0.68588,
      1.0
    ],
    "attribute_18": [
      0.0375,
      0.22368,
      0.296,
      0.42211999999999994,
      0.7490800000000002,
      1.0
    ],
    "attribute_19": [
      0.0494,
      0.26914,
      0.36636,
      0.5380799999999999,
      0.7890000000000001,
      1.0
    ],
    "attribute_20": [
      0.0656,
      0.32488,
      0.45586,
      0.63954,
      0.82648,
      1.0
    ],
    "attribute_21": [
      0.0512,
      0.36010000000000003,
      0.5333600000000001,
      0.71878,
      0.8412000000000001,
      1.0
    ],
    "attribute_22": [
      0.0219,
      0.3719,
      0.59104,
      0.7503799999999999,
      0.8531000000000001,
      1.0
    ],
    "attribute_23": [
      0.0563,
      0.42484,
      0.6072800000000002,
      0.77398,
      0.8738600000000001,
      1.0
    ],
    "attribute_24": [
      0.0239,
      0.48624,
      0.63808,
      0.76178,
      0.89624,
      1.0
    ],
    "attribute_25": [
      0.024,
      0.47464000000000006,
      0.66584,
      0.78908,
      0.9058400000000001,
      1.0
    ],
    "attribute_26": [
      0.0921,
      0.51868,
      0.68452,
      0.82542,
      0.93072,
      1.0
    ],
    "attribute_27": [
      0.0481,
      0.49712,
      0.6714400000000001,
      0.84366,
      0.9470000000000001,
      1.0
    ],
    "attribute_28": [
      0.0284,
      0.49368,
      0.66166,
      0.8095,
      0.92198,
      1.0
    ],
    "attribute_29": [
      0.0144,
      0.44252,
      0.5681600000000001,
      0.76916,
      0.87244,
      1.0
    ],
    "attribute_30": [
      0.0613,
      0.38242,
      0.5516200000000001,
      0.65518,
      0.77968,
      1.0
    ],
    "attribute_31": [
      0.0482,
      0.32392,
      0.43534,
      0.56356,
      0.70596,
      0.9646
    ],
    "attribute_32": [
      0.0404,
      0.25816,
      0.37906000000000006,
      0.49506,
      0.63478,
      0.9108
    ],
    "attribute_33": [
      0.0477,
      0.23330000000000004,
      0.34086000000000005,
      0.46676,
      0.6074800000000001,
      1.0
    ],
    "attribute_34": [
      0.0212,
      0.19746,
      0.304,
      0.42205999999999994,
      0.61648,
      0.9647
    ],
    "attribute_35": [
      0.0223,
      0.14544,
      0.25582,
      0.39899999999999997,
      0.65412,
      1.0
    ],
    "attribute_36": [
      0.0185,
      0.14052,
      0.2331,
      0.42651999999999995,
      0.6674000000000001,
      1.0
    ],
    "attribute_37": [
      0.0351,
      0.14298,
      0.24606,
      0.40354,
      0.5891400000000001,
      0.9497
    ],
    "attribute_38": [
      0.0383,
      0.16304,
      0.24192000000000002,
      0.36362,
      0.48558000000000007,
      1.0
    ],
    "attribute_39": [
      0.0371,
      0.16768,
      0.23992000000000002,
      0.34202,
      0.5137000000000002,
      0.9857
    ],
    "attribute_40": [
      0.0117,
      0.15381999999999998,
      0.24636000000000002,
      0.32517999999999997,
      0.47574000000000005,
      0.9297
    ],
    "attribute_41": [
      0.036,
      0.15164,
      0.22716000000000003,
      0.2999,
      0.43370000000000003,
      0.8995
    ],
    "attribute_42": [
      0.0056,
      0.13726,
      0.20684,
      0.28238,
      0.42536000000000007,
      0.7988
    ],
    "attribute_43": [
      0.0,
      0.12822000000000003,
      0.19282000000000002,
      0.25636,
      0.34578,
      0.7733
    ],
    "attribute_44": [
      0.0,
      0.10604000000000001,
      0.15438,
      0.19833999999999996,
      0.30164,
      0.7762
    ],
    "attribute_45": [
      0.0,
      0.07846,
      0.12884,
      0.16798,
      0.27402000000000004,
      0.7034
    ],
    "attribute_46": [
      0.0,
      0.05842000000000001,
      0.09922000000000002,
      0.15819999999999998,
      0.22240000000000001,
      0.7292
    ],
    "attribute_47": [
      0.0,
      0.053,
      0.08182000000000002,
      0.11212,
      0.17216,
      0.5522
    ],
    "attribute_48": [
      0.0,
      0.04072,
      0.06428000000000002,
      0.09523999999999999,
      0.13168000000000002,
      0.3339
    ],
    "attribute_49": [
      0.0,
      0.022240000000000003,
      0.035539999999999995,
      0.05282,
      0.07636,
      0.1981
    ],
    "attribute_50": [
      0.0,
      0.00922,
      0.014680000000000004,
      0.01986,
      0.02716,
      0.0825
    ],
    "attribute_51": [
      0.0,
      0.0066,
      0.0118,
      0.016399999999999998,
      0.0223,
      0.1004
    ],
    "attribute_52": [
      0.0008,
      0.0062,
      0.0091,
      0.01326,
      0.01796,
      0.0709
    ],
    "attribute_53": [
      0.0005,
      0.0045,
      0.0073,
      0.0118,
      0.01598,
      0.039
    ],
    "attribute_54": [
      0.001,
      0.0047,
      0.0081,
      0.01086,
      0.015880000000000002,
      0.0352
    ],
    "attribute_55": [
      0.0006,
      0.00372,
      0.0063,
      0.0087,
      0.013380000000000001,
      0.0447
    ],
    "attribute_56": [
      0.0004,
      0.00382,
      0.00574,
      0.007859999999999999,
      0.012180000000000002,
      0.0394
    ],
    "attribute_57": [
      0.0003,
      0.0032,
      0.005080000000000001,
      0.0076,
      0.011680000000000001,
      0.0355
    ],
    "attribute_58": [
      0.0003,
      0.0031200000000000004,
      0.005,
      0.00802,
      0.012180000000000002,
      0.044
    ],
    "attribute_59": [
      0.0001,
      0.003,
      0.0053,
      0.007579999999999998,
      0.011160000000000002,
      0.0364
    ],