time,probability
1.0,0.6666666666666666
3.0,0.5555555555555556
4.0,0.4444444444444445
8.0,0.33333333333333337
15.0,0.22222222222222224
28.0,0.11111111111111112
68.0,0.0
