time,probability
1.0,0.8235294117647058
2.0,0.7058823529411764
3.0,0.4705882352941176
4.0,0.41176470588235287
5.0,0.35294117647058815
7.0,0.2941176470588235
8.0,0.2352941176470588
15.0,0.1764705882352941
28.0,0.1176470588235294
48.0,0.0588235294117647
68.0,0.0
