time,probability
128.0,0.8571428571428571
252.0,0.8571428571428571
416.0,0.8571428571428571
465.0,0.6428571428571428
829.0,0.6428571428571428
1005.0,0.6428571428571428
1292.0,0.6428571428571428
