time,probability
7.0,0.875
18.0,0.75
101.0,0.625
142.0,0.5
157.0,0.5
363.0,0.3333333333333333
383.0,0.16666666666666666
571.0,0.0
