time,probability
1.0,0.9473684210526315
3.0,0.8421052631578947
5.0,0.7894736842105263
6.0,0.7894736842105263
10.0,0.7330827067669173
22.0,0.6766917293233083
68.0,0.6203007518796992
82.0,0.5639097744360902
115.0,0.5075187969924813
145.0,0.5075187969924813
151.0,0.5075187969924813
155.0,0.43501611170784105
176.0,0.3625134264232009
177.0,0.3625134264232009
247.0,0.3625134264232009
307.0,0.24167561761546724
380.0,0.24167561761546724
1040.0,0.24167561761546724
