time,probability
8.0,0.9473684210526315
17.0,0.894736842105263
37.0,0.8421052631578946
49.0,0.8421052631578946
53.0,0.8421052631578946
62.0,0.781954887218045
64.0,0.781954887218045
163.0,0.781954887218045
167.0,0.7108680792891318
242.0,0.6397812713602186
248.0,0.5686944634313054
273.0,0.49760765550239217
319.0,0.49760765550239217
333.0,0.41467304625199347
360.0,0.3317384370015948
373.0,0.24880382775119608
484.0,0.1658692185007974
702.0,0.0829346092503987
1355.0,0.0829346092503987
