time,probability
5.0,0.875
16.0,0.875
19.0,0.8076923076923077
89.0,0.7403846153846154
109.0,0.6730769230769231
124.0,0.6730769230769231
160.0,0.5982905982905983
220.0,0.5235042735042735
227.0,0.44871794871794873
248.0,0.37393162393162394
366.0,0.37393162393162394
441.0,0.37393162393162394
462.0,0.24928774928774927
467.0,0.12464387464387464
788.0,0.0
