time,probability
19.0,0.9090909090909091
31.0,0.8181818181818181
48.0,0.7272727272727272
113.0,0.6363636363636362
115.0,0.5454545454545453
137.0,0.4545454545454544
174.0,0.36363636363636354
274.0,0.27272727272727265
306.0,0.18181818181818177
382.0,0.09090909090909088
1243.0,0.0
