{
  "closed": "right",
  "cut_points": {
    "mpg": [
      21.049999237060547,
      30.950000762939453
    ],
    "displacement": [
      97.25,
      106.0,
      120.0,
      122.0,
      190.5
    ],
    "horsepower": [
      78.5,
      134.0
    ],
    "weight": [
      2379.5,
      2959.5
    ],
    "acceleration": [
      13.5
    ]
  }
}