time,probability
41.0,0.8571428571428571
42.0,0.7142857142857143
45.0,0.5714285714285715
48.0,0.4285714285714286
68.0,0.2857142857142857
90.0,0.14285714285714285
1006.0,0.14285714285714285
