{
  "closed": "right",
  "cut_points": {
    "age": [
      29.0,
      45.0,
      52.0,
      57.0,
      62.0,
      77.0
    ],
    "trestbps": [
      94.0,
      120.0,
      126.0,
      134.0,
      144.60000000000002,
      200.0
    ],
    "chol": [
      126.0,
      204.0,
      229.0,
      254.0,
      286.0,
      564.0
    ],
    "thalach": [
      71.0,
      130.0,
      145.8,
      158.2,
      170.0,
      202.0
    ],
    "oldpeak": [
      0.0,
      0.38000000000000117,
      1.119999999999999,
      1.9600000000000022,
      6.2
    ],
    "ca": [
      0.0,
      1.0,
      3.0
    ]
  }
}