time,probability
318.0,0.9
733.0,0.7999999999999999
1036.0,0.7
1042.0,0.6
1076.0,0.39999999999999997
1522.0,0.3
2247.0,0.19999999999999998
3706.0,0.09999999999999999
5980.0,0.09999999999999999
