{
  "closed": "right",
  "cut_points": {
    "mpg": [
      10.0,
      16.0,
      20.0,
      25.0,
      30.880000000000006,
      46.6
    ],
    "displacement": [
      68.0,
      98.0,
      122.0,
      225.0,
      305.0,
      455.0
    ],
    "horsepower": [
      46.0,
      72.0,
      88.0,
      100.0,
      140.0,
      230.0
    ],
    "weight": [
      1613.0,
      2155.0,
      2586.6,
      3105.7999999999997,
      3806.000000000001,
      5140.0
    ],
    "acceleration": [
      8.0,
      13.5,
      14.8,
      16.0,
      17.7,
      24.8
    ]
  }
}