time,probability
1.0,0.8529411764705882
2.0,0.7058823529411764
3.0,0.5294117647058822
4.0,0.47058823529411753
5.0,0.44117647058823517
7.0,0.4117647058823528
8.0,0.3529411764705881
10.0,0.32352941176470573
12.0,0.2941176470588234
15.0,0.2352941176470587
19.0,0.20588235294117638
28.0,0.17647058823529402
48.0,0.1470588235294117
68.0,0.11764705882352935
234.0,0.08823529411764702
350.0,0.05882352941176468
409.0,0.02941176470588234
1647.0,0.02941176470588234
