time,probability
51.0,0.9523809523809523
87.0,0.8571428571428571
164.0,0.8095238095238094
243.0,0.7619047619047618
260.0,0.7142857142857142
285.0,0.6666666666666666
436.0,0.6190476190476191
477.0,0.5714285714285715
516.0,0.5238095238095238
539.0,0.5238095238095238
540.0,0.5238095238095238
560.0,0.5238095238095238
564.0,0.5238095238095238
568.0,0.5238095238095238
576.0,0.5238095238095238
630.0,0.5238095238095238
634.0,0.5238095238095238
658.0,0.5238095238095238
1172.0,0.5238095238095238
