time,probability
79.0,0.8888888888888888
259.0,0.7777777777777777
519.0,0.6666666666666665
537.0,0.6666666666666665
546.0,0.6666666666666665
567.0,0.6666666666666665
603.0,0.6666666666666665
659.0,0.6666666666666665
734.0,0.6666666666666665
