time,probability
31.0,0.9166666666666666
638.0,0.8333333333333333
4959.0,0.75
5441.0,0.6666666666666666
6089.0,0.5833333333333333
7884.0,0.5833333333333333
7954.0,0.5833333333333333
8023.0,0.5833333333333333
8030.0,0.5833333333333333
8080.0,0.5833333333333333
8165.0,0.5833333333333333
8806.0,0.0
