time,probability
0.5,0.95
31.0,0.85
60.0,0.7999999999999999
273.0,0.7499999999999999
277.0,0.7
499.0,0.65
518.0,0.55
547.0,0.5
760.0,0.45
791.0,0.39999999999999997
845.0,0.35
1369.0,0.3
1767.0,0.25
1857.0,0.2
2099.0,0.15000000000000002
2223.0,0.1
2435.0,0.05
5757.0,0.0
