model_type,variant,dataset,M-of-N count,integrated_brier_score (train),integrated_brier_score (test),rules,conditions_count,avg conditions per rule,avg rule quality,avg rule precision,avg rule coverage,training time total (s),training time growing (s),training time pruning (s),induction measure,pruning measure,voting measure
exact_M-of-N,no_discretization,pbc,3,0.1492652821282007,0.2671638120377022,4,8.0,2.0,0.999999985048957,1.0,0.3537234042553192,0.7174439430236816,0.427082235,0.066750192,Correlation,Correlation,Correlation
exact_M-of-N,no_discretization,pbc,0,0.1465478952386231,0.1449712618715854,2,2.0,1.0,1.0,1.0,0.5,0.1343348026275634,0.0650358779999999,0.038239747,Correlation,Correlation,Correlation
exact_M-of-N,no_discretization,pbc,0,0.143024736888886,0.1828161259938256,2,2.0,1.0,1.0,1.0,0.5,11.73289942741394,8.563018237,0.3450428989999999,Correlation,Correlation,Correlation
exact_M-of-N,no_discretization,pbc,0,0.1389839798940128,0.1047796503119588,2,2.0,1.0,1.0,1.0,0.5,0.3017802238464355,0.116522829,0.019904548,Correlation,Correlation,Correlation
exact_M-of-N,no_discretization,pbc,0,0.1446480225146749,0.1295208080999632,2,2.0,1.0,1.0,1.0,0.5,31.249897241592407,17.676201724000002,11.75768415,Correlation,Correlation,Correlation
exact_M-of-N,no_discretization,pbc,6,0.1540995905814259,0.1763696612236468,4,8.0,2.0,0.999754938833278,1.0,0.394281914893617,3.058337450027466,1.052820126,1.842866928,Correlation,Correlation,Correlation
exact_M-of-N,no_discretization,pbc,1,0.1495250274655583,0.1535459769475811,3,4.0,1.3333333333333333,1.0,1.0,0.5168439716312057,9.804680347442629,6.729170997000001,2.095533718,Correlation,Correlation,Correlation
exact_M-of-N,no_discretization,pbc,0,0.1428291658182365,0.1271626424364254,2,2.0,1.0,1.0,1.0,0.5,4.453952789306641,2.892764954,0.969100026,Correlation,Correlation,Correlation
exact_M-of-N,no_discretization,pbc,0,0.1404891507057455,0.1172753267707302,2,2.0,1.0,1.0,1.0,0.5,4.708921194076538,2.601953468,0.131644242,Correlation,Correlation,Correlation
