{
  "closed": "right",
  "cut_points": {
    "age": [
      34.0,
      45.0,
      52.0,
      58.0,
      63.0,
      77.0
    ],
    "resting_blood_pressure": [
      94.0,
      118.0,
      125.0,
      134.2,
      144.60000000000002,
      200.0
    ],
    "serum_cholestoral": [
      126.0,
      208.0,
      233.0,
      258.0,
      289.0,
      564.0
    ],
    "maximum_heart_rate_achieved": [
      71.0,
      130.0,
      147.0,
      158.2,
      169.60000000000002,
      195.0
    ],
    "oldpeak": [
      0.0,
      0.4,
      1.2,
      1.9,
      6.2
    ],
    "slope": [
      1.0,
      2.0,
      3.0
    ],
    "number_of_major_vessels": [
      0.0,
      1.0,
      1.6000000000000227,
      3.0
    ]
  }
}