time,probability
163.0,0.9090909090909091
1059.0,0.8181818181818181
1064.0,0.7272727272727272
1070.0,0.6363636363636362
1781.0,0.5454545454545453
3059.0,0.4545454545454544
3144.0,0.36363636363636354
5172.0,0.36363636363636354
5189.0,0.24242424242424235
5980.0,0.24242424242424235
