{
  "closed": "right",
  "cut_points": {
    "AGE": [
      7.0,
      30.0,
      36.6,
      43.39999999999999,
      51.2,
      78.0
    ],
    "BILIRUBIN": [
      0.3,
      0.7,
      0.9600000000000002,
      1.0,
      1.7,
      8.0
    ],
    "ALK_PHOSPHATE": [
      26.0,
      73.6,
      85.0,
      101.31372549019608,
      130.60000000000002,
      295.0
    ],
    "SGOT": [
      14.0,
      28.0,
      47.2,
      66.19999999999997,
      118.4,
      648.0
    ],
    "ALBUMIN": [
      2.1,
      3.1518518518518515,
      3.9,
      4.0,
      4.2,
      6.4
    ],
    "PROTIME": [
      0.0,
      43.5,
      63.6,
      66.57142857142857,
      70.4,
      100.0
    ]
  }
}