time,probability
1060.0,0.875
1064.0,0.75
1070.0,0.625
1089.0,0.625
2247.0,0.46875
2479.0,0.46875
3900.0,0.234375
5837.0,0.0
