{
  "closed": "right",
  "cut_points": {
    "attribute_1": [
      0.0015,
      0.0126,
      0.02014,
      0.026459999999999997,
      0.03936,
      0.1371
    ],
    "attribute_2": [
      0.0017,
      0.01344,
      0.022600000000000006,
      0.03706,
      0.05454000000000002,
      0.2339
    ],
    "attribute_3": [
      0.0015,
      0.016460000000000002,
      0.027520000000000003,
      0.04226,
      0.0627,
      0.3059
    ],
    "attribute_4": [
      0.0058,
      0.02282,
      0.03714,
      0.051719999999999995,
      0.07728,
      0.4264
    ],
    "attribute_5": [
      0.0067,
      0.03212,
      0.050420000000000006,
      0.07228,
      0.11098000000000004,
      0.401
    ],
    "attribute_6": [
      0.0102,
      0.05722,
      0.08048,
      0.10444,
      0.14416,
      0.3823
    ],
    "attribute_7": [
      0.0033,
      0.07078,
      0.09888,
      0.12761999999999998,
      0.1678,
      0.3729
    ],
    "attribute_8": [
      0.0055,
      0.06766,
      0.10118,
      0.13641999999999999,
      0.19008,
      0.459
    ],
    "attribute_9": [
      0.0075,
      0.08408,
      0.13174,
      0.17522,
      0.26064000000000004,
      0.6828
    ],
    "attribute_10": [
      0.0113,
      0.09204,
      0.14804,
      0.21158,
      0.29040000000000005,
      0.7106
    ],
    "attribute_11": [
      0.0289,
      0.11066000000000001,
      0.19484,
      0.25288,
      0.31774,
      0.7342
    ],
    "attribute_12": [
      0.0236,
      0.11846000000000001,
      0.21270000000000006,
      0.281,
      0.35626,
      0.706
    ],
    "attribute_13": [
      0.0184,
      0.15330000000000002,
      0.22786,
      0.29418,
      0.38317999999999997,
      0.7131
    ],
    "attribute_14": [
      0.0273,
      0.14824,
      0.22922,
      0.3087,
      0.42942,
      0.997
    ],
    "attribute_15": [
      0.0031,
      0.14134,
      0.21002,
      0.33443999999999996,
      0.50814,
      1.0
    ],
    "attribute_16": [
      0.0162,
      0.17326,
      0.24046,
      0.40193999999999996,
      0.6115,
      0.9988
    ],
    "attribute_17": [
      0.0349,
      0.18210000000000004,
      0.26008000000000003,
      0.41225999999999985,
      0.69928,
      1.0
    ],
    "attribute_18": [
      0.0375,
      0.22068000000000002,
      0.29941999999999996,
      0.45708,
      0.7642600000000002,
      1.0
    ],
    "attribute_19": [
      0.0494,
      0.27516,
      0.37420000000000003,
      0.58438,
      0.79572,
      1.0
    ],
    "attribute_20": [
      0.0656,
      0.31644000000000005,
      0.45382,
      0.67724,
      0.8369,
      1.0
    ],
    "attribute_21": [
      0.0512,
      0.34887999999999997,
      0.5260800000000001,
      0.7279199999999999,
      0.8412000000000001,
      1.0
    ],
    "attribute_22": [
      0.0689,
      0.36944,
      0.5616,
      0.7371399999999999,
      0.8486400000000001,
      1.0
    ],
    "attribute_23": [
      0.0563,
      0.42212000000000005,
      0.6072800000000002,
      0.77166,
      0.8695200000000001,
      1.0
    ],
    "attribute_24": [
      0.0239,
      0.48624,
      0.64136,
      0.76208,
      0.89732,
      1.0
    ],
    "attribute_25": [
      0.0395,
      0.46308,
      0.66372,
      0.7796,
      0.8945200000000001,
      1.0
    ],
    "attribute_26": [
      0.0921,
      0.48788000000000004,
      0.65854,
      0.8105,
      0.91178,
      1.0
    ],
    "attribute_27": [
      0.0481,
      0.4702,
      0.65546,
      0.83204,
      0.93422,
      1.0
    ],
    "attribute_28": [
      0.0284,
      0.46398,
      0.6482600000000001,
      0.80658,
      0.9134,
      1.0
    ],
    "attribute_29": [
      0.0144,
      0.44252,
      0.57416,
      0.7612,
      0.87426,
      1.0
    ],
    "attribute_30": [
      0.0613,
      0.38378,
      0.53774,
      0.6494,
      0.8103800000000001,
      1.0
    ],
    "attribute_31": [
      0.0482,
      0.31518,
      0.43534,
      0.56034,
      0.7304,
      0.9657
    ],
    "attribute_32": [
      0.0404,
      0.24678,
      0.35724000000000006,
      0.4849,
      0.6397200000000001,
      0.9306
    ],
    "attribute_33": [
      0.0477,
      0.21912,
      0.33736,
      0.46025999999999995,
      0.6062600000000001,
      1.0
    ],
    "attribute_34": [
      0.0212,
      0.19746,
      0.304,
      0.4200999999999999,
      0.61648,
      0.9647
    ],
    "attribute_35": [
      0.0223,
      0.15986,
      0.25758000000000003,
      0.3967,
      0.6357400000000001,
      1.0
    ],
    "attribute_36": [
      0.008,
      0.13522,
      0.2331,
      0.41622,
      0.5866399999999999,
      1.0
    ],
    "attribute_37": [
      0.0351,
      0.13962000000000002,
      0.23693999999999998,
      0.38246,
      0.55304,
      0.9497
    ],
    "attribute_38": [
      0.0411,
      0.16304,
      0.23254000000000002,
      0.35074,
      0.47032000000000007,
      1.0
    ],
    "attribute_39": [
      0.0371,
      0.16186,
      0.2284,
      0.32517999999999997,
      0.46094,
      0.9857
    ],
    "attribute_40": [
      0.0117,
      0.14722000000000002,
      0.23876,
      0.31438,
      0.43596,
      0.9297
    ],
    "attribute_41": [
      0.036,
      0.13414000000000004,
      0.21098000000000003,
      0.29266,
      0.4178200000000001,
      0.8995
    ],
    "attribute_42": [
      0.0056,
      0.13566,
      0.20624,
      0.28328,
      0.4155400000000001,
      0.8246
    ],
    "attribute_43": [
      0.0,
      0.12802000000000002,
      0.18930000000000002,
      0.25883999999999996,
      0.3483,
      0.7733
    ],
    "attribute_44": [
      0.0,
      0.10604000000000001,
      0.15108000000000002,
      0.19598,
      0.28840000000000005,
      0.7762
    ],
    "attribute_45": [
      0.0,
      0.07602,
      0.12404000000000001,
      0.16798,
      0.2798400000000001,
      0.7034
    ],
    "attribute_46": [
      0.0,
      0.05802,
      0.09738000000000001,
      0.15201999999999996,
      0.2242,
      0.7292
    ],
    "attribute_47": [
      0.0,
      0.05732000000000001,
      0.08562000000000002,
      0.11411999999999999,
      0.17574000000000006,
      0.5522
    ],
    "attribute_48": [
      0.0,
      0.04044,
      0.06644000000000001,
      0.09508,
      0.13168000000000002,
      0.3339
    ],
    "attribute_49": [
      0.0,
      0.02194,
      0.03484,
      0.05148,
      0.07608000000000002,
      0.1981
    ],
    "attribute_50": [
      0.0,
      0.0095,
      0.0154,
      0.02046,
      0.028380000000000013,
      0.0825
    ],
    "attribute_51": [
      0.0,
      0.0071200000000000005,
      0.0122,
      0.0156,
      0.02228,
      0.1004
    ],
    "attribute_52": [
      0.0008,
      0.006240000000000001,
      0.009340000000000001,
      0.013059999999999999,
      0.01874000000000001,
      0.0709
    ],
    "attribute_53": [
      0.001,
      0.00464,
      0.0073,
      0.011319999999999998,
      0.015880000000000002,
      0.039
    ],
    "attribute_54": [
      0.001,
      0.0047,
      0.00804,
      0.01062,
      0.01528,
      0.0344
    ],
    "attribute_55": [
      0.0006,
      0.00372,
      0.006080000000000001,
      0.0087,
      0.013060000000000002,
      0.0447
    ],
    "attribute_56": [
      0.0004,
      0.00372,
      0.0058,
      0.00862,
      0.012040000000000004,
      0.0394
    ],
    "attribute_57": [
      0.0003,
      0.0031200000000000004,
      0.005080000000000001,
      0.007519999999999999,
      0.01098,
      0.0355
    ],
    "attribute_58": [
      0.0003,
      0.0031200000000000004,
      0.0049,
      0.0077,
      0.0115,
      0.044
    ],
    "attribute_59": [
      0.0001,
      0.00302,
      0.0053,
      0.007359999999999999,
      0.011160000000000002,
      0.0364
    ],