{
  "closed": "right",
  "cut_points": {
    "mpg": [
      16.100000381469727,
      21.049999237060547,
      30.950000762939453
    ],
    "displacement": [
      97.25,
      190.5
    ],
    "horsepower": [
      52.0,
      78.5,
      134.0
    ],
    "weight": [
      2027.5,
      2981.5
    ],
    "acceleration": [
      13.5,
      19.450000762939453
    ]
  }
}