{
  "closed": "right",
  "cut_points": {
    "survival": [
      0.03,
      1.5500000000000016,
      16.800000000000004,
      26.0,
      35.0,
      57.0
    ],
    "age-at-heart-attack": [
      35.0,
      56.400000000000006,
      61.0,
      63.2,
      69.60000000000001,
      86.0
    ],
    "fractional-shortening": [
      0.01,
      0.13400000000000004,
      0.17025641025641028,
      0.23805882352941177,
      0.29,
      0.61
    ],
    "epss": [
      0.0,
      7.0,
      9.96,
      12.062199999999999,
      16.060000000000002,
      40.0
    ],
    "lvdd": [
      2.32,
      4.148,
      4.534,
      4.96,
      5.316,
      6.78
    ],
    "wall-motion-score": [
      2.0,
      11.0,
      13.400000000000002,
      14.0,
      17.698,
      39.0
    ],
    "wall-motion-index": [
      1.0,
      1.1320000000000001,
      1.371,
      1.6562000000000001,
      3.0
    ],
    "mult": [
      0.14,
      0.643,
      0.785,
      0.857,
      2.0
    ],
    "group": [
      1.0,
      1.7625538020086085,
      2.0
    ]
  }
}