{
  "closed": "right",
  "cut_points": {
    "RI": [
      1.517335057258606,
      1.5179849863052368
    ],
    "Na": [
      14.0649995803833
    ],
    "Mg": [
      2.694999933242798
    ],
    "Al": [
      1.399999976158142,
      1.774999976158142
    ],
    "Si": [],
    "'K'": [
      0.05000000074505806,
      0.6100000143051147,
      0.7450000047683716
    ],
    "Ca": [
      7.019999980926514,
      8.319999694824219,
      10.170000076293945
    ],
    "Ba": [
      0.33500000834465027
    ],
    "Fe": []
  }
}