{
  "closed": "right",
  "cut_points": {
    "attribute_1": [],
    "attribute_2": [],
    "attribute_3": [],
    "attribute_4": [],
    "attribute_5": [],
    "attribute_6": [],
    "attribute_7": [],
    "attribute_8": [],
    "attribute_9": [
      0.11640000343322754
    ],
    "attribute_10": [
      0.15060000121593475
    ],
    "attribute_11": [
      0.19795000553131104
    ],
    "attribute_12": [
      0.19625000655651093
    ],
    "attribute_13": [
      0.20960000157356262
    ],
    "attribute_14": [
      0.13615000247955322
    ],
    "attribute_15": [],
    "attribute_16": [],
    "attribute_17": [],
    "attribute_18": [],
    "attribute_19": [],
    "attribute_20": [],
    "attribute_21": [
      0.6799499988555908
    ],
    "attribute_22": [],
    "attribute_23": [],
    "attribute_24": [],
    "attribute_25": [],
    "attribute_26": [],
    "attribute_27": [],
    "attribute_28": [
      0.9580000042915344
    ],
    "attribute_29": [],
    "attribute_30": [],
    "attribute_31": [],
    "attribute_32": [],
    "attribute_33": [],
    "attribute_34": [],
    "attribute_35": [
      0.22454999387264252
    ],
    "attribute_36": [
      0.4426499903202057
    ],
    "attribute_37": [
      0.45465001463890076
    ],
    "attribute_38": [],
    "attribute_39": [],
    "attribute_40": [],
    "attribute_41": [],
    "attribute_42": [],
    "attribute_43": [],
    "attribute_44": [
      0.4271000027656555
    ],
    "attribute_45": [
      0.2779499888420105
    ],
    "attribute_46": [
      0.07429999858140945
    ],
    "attribute_47": [
      0.06235000118613243
    ],
    "attribute_48": [
      0.0758500024676323
    ],
    "attribute_49": [
      0.045249998569488525
    ],
    "attribute_50": [],
    "attribute_51": [
      0.012500000186264515
    ],
    "attribute_52": [
      0.009349999949336052
    ],
    "attribute_53": [],
    "attribute_54": [
      0.020749999210238457
    ],
    "attribute_55": [],
    "attribute_56": [],
    "attribute_57": [],
    "attribute_58": [],
    "attribute_59": [],
    "attribute_60": []
  }
}