time,probability
7.0,0.9411764705882353
411.0,0.9411764705882353
418.0,0.9411764705882353
442.0,0.9411764705882353
521.0,0.9411764705882353
529.0,0.9411764705882353
568.0,0.9411764705882353
1248.0,0.9411764705882353
1253.0,0.9411764705882353
1319.0,0.9411764705882353
1378.0,0.9411764705882353
1390.0,0.9411764705882353
1454.0,0.9411764705882353
1993.0,0.9411764705882353
2084.0,0.9411764705882353
2146.0,0.9411764705882353
2172.0,0.9411764705882353
