time,probability
1.0,0.9411764705882353
18.0,0.8823529411764706
95.0,0.8235294117647058
297.0,0.7647058823529411
371.0,0.7647058823529411
589.0,0.7647058823529411
903.0,0.695187165775401
1114.0,0.695187165775401
1223.0,0.695187165775401
1314.0,0.695187165775401
1320.0,0.695187165775401
1409.0,0.695187165775401
1883.0,0.695187165775401
2032.0,0.695187165775401
2057.0,0.695187165775401
2114.0,0.695187165775401
2353.0,0.0
