{
  "closed": "right",
  "cut_points": {
    "age": [
      55.0
    ],
    "trestbps": [],
    "chol": [],
    "thalach": [
      147.0
    ],
    "oldpeak": [
      1.7000000476837158
    ],
    "ca": [
      0.6366459727287292
    ]
  }
}