time,probability
1.0,0.8888888888888888
11.0,0.7777777777777777
18.0,0.6666666666666665
20.0,0.5555555555555555
26.0,0.4444444444444444
473.0,0.3333333333333333
1257.0,0.3333333333333333
1548.0,0.16666666666666666
1939.0,0.16666666666666666
