{
  "closed": "right",
  "cut_points": {
    "mcg": [
      0.5600000023841858,
      0.7749999761581421
    ],
    "gvh": [
      0.44999998807907104,
      0.5899999737739563
    ],
    "lip": [
      0.7400000095367432,
      1.0
    ],
    "chg": [],
    "aac": [
      0.5649999976158142,
      0.6499999761581421
    ],
    "alm1": [
      0.35499998927116394,
      0.5899999737739563
    ],
    "alm2": [
      0.6150000095367432
    ]
  }
}