{
  "closed": "right",
  "cut_points": {
    "carbon": [
      0.0,
      3.5
    ],
    "hardness": [
      0.0,
      75.0
    ],
    "strength": [
      0.0,
      500.0
    ],
    "thick": [
      0.4754999876022339,
      0.6000000238418579,
      0.7994999885559082,
      2.0999999046325684
    ],
    "width": [
      1167.5,
      1235.0,
      1410.050048828125
    ],
    "len": [
      0.5
    ]
  }
}