time,probability
0.003,0.9421487603305785
0.2,0.9338842975206612
0.4,0.8842975206611571
0.5,0.8677685950413223
0.6,0.8512396694214875
0.7,0.8264462809917354
1.0,0.793388429752066
1.1,0.7685950413223139
1.2,0.7603305785123966
1.3,0.7520661157024792
1.5,0.7024793388429751
1.6,0.6942148760330578
1.7,0.677685950413223
1.8,0.6694214876033057
1.9,0.652892561983471
2.1,0.6363636363636362
2.4,0.6280991735537189
2.5,0.6198347107438016
2.7,0.6033057851239669
2.9,0.5867768595041323
3.0,0.5702479338842976
3.1,0.5619834710743803
3.2,0.553719008264463
3.4,0.5454545454545456
3.5,0.5371900826446283
3.7,0.5206611570247935
4.0,0.5123966942148761
4.1,0.4958677685950414
4.3,0.487603305785124
4.7,0.4793388429752067
5.3,0.46280991735537197
5.4,0.44628099173553726
5.6,0.43801652892561993
5.7,0.4297520661157026
6.0,0.4132231404958679
6.1,0.4049586776859505
6.4,0.3884297520661158
6.8,0.3801652892561984
6.9,0.3719008264462811
7.0,0.3636363636363637
7.1,0.3553719008264464
7.5,0.347107438016529
7.8,0.3388429752066116
8.9,0.3305785123966942
9.0,0.32231404958677684
9.5,0.31404958677685946
10.2,0.30578512396694213
10.5,0.30578512396694213
10.8,0.2887970615243342
11.1,0.2803030303030303
11.3,0.2803030303030303
11.4,0.27154356060606055
12.0,0.2627840909090909
13.0,0.2540246212121212
13.1,0.23650568181818182
13.2,0.21898674242424243
13.3,0.21022727272727273
13.6,0.20146780303030304
13.7,0.20146780303030304
13.9,0.19231017561983474
14.0,0.1739949207988981
14.4,0.16483729338842978
14.7,0.15567966597796146
15.4,0.15567966597796146
15.5,0.14594968685433887
15.9,0.1362197077307163
16.2,0.1264897286070937
16.4,0.11675974948347112
16.5,0.10702977035984852
16.6,0.10702977035984852
16.8,0.09513757365319868
17.0,0.09513757365319868
17.2,0.09513757365319868
18.1,0.071353180239899
19.4,0.071353180239899
22.7,0.071353180239899
24.0,0.071353180239899
