{
  "closed": "right",
  "cut_points": {
    "mcg": [
      0.0,
      0.31400000000000006,
      0.44,
      0.6,
      0.69,
      0.89
    ],
    "gvh": [
      0.16,
      0.37400000000000005,
      0.44,
      0.51,
      0.6060000000000002,
      1.0
    ],
    "lip": [
      0.48,
      1.0
    ],
    "chg": [
      0.5,
      1.0
    ],
    "aac": [
      0.0,
      0.41,
      0.47,
      0.52,
      0.58,
      0.88
    ],
    "alm1": [
      0.03,
      0.3,
      0.39,
      0.53,
      0.7360000000000002,
      1.0
    ],
    "alm2": [
      0.0,
      0.33,
      0.39,
      0.48,
      0.74,
      0.99
    ]
  }
}