{
  "closed": "right",
  "cut_points": {
    "RI": [
      1.517335057258606,
      1.5179849863052368
    ],
    "Na": [
      14.0649995803833
    ],
    "Mg": [
      2.694999933242798
    ],
    "Al": [
      1.399999976158142,
      1.7599999904632568
    ],
    "Si": [],
    "'K'": [
      0.054999999701976776,
      0.6200000047683716,
      0.7450000047683716
    ],
    "Ca": [
      7.019999980926514,
      8.270000457763672,
      10.170000076293945
    ],
    "Ba": [
      0.33500000834465027
    ],
    "Fe": []
  }
}