{
  "closed": "right",
  "cut_points": {
    "mpg": [
      9.0,
      16.0,
      20.0,
      25.02,
      30.96,
      44.6
    ],
    "displacement": [
      68.0,
      97.7,
      121.80000000000001,
      225.0,
      305.0,
      455.0
    ],
    "horsepower": [
      46.0,
      74.4,
      88.0,
      100.0,
      140.0,
      230.0
    ],
    "weight": [
      1613.0,
      2155.0,
      2580.6,
      3062.0,
      3836.0,
      5140.0
    ],
    "acceleration": [
      8.0,
      13.280000000000001,
      14.7,
      16.0,
      17.6,
      24.8
    ]
  }
}