{
  "closed": "right",
  "cut_points": {
    "attribute_1": [
      0.0015,
      0.01244,
      0.0201,
      0.02704,
      0.039319999999999994,
      0.1371
    ],
    "attribute_2": [
      0.0006,
      0.013479999999999999,
      0.024139999999999998,
      0.03702,
      0.05522,
      0.2339
    ],
    "attribute_3": [
      0.0015,
      0.01688,
      0.02814,
      0.04222,
      0.06358,
      0.3059
    ],
    "attribute_4": [
      0.0058,
      0.02284,
      0.03588,
      0.049620000000000004,
      0.08113999999999999,
      0.4264
    ],
    "attribute_5": [
      0.0067,
      0.03234,
      0.05111999999999999,
      0.07534,
      0.1158,
      0.401
    ],
    "attribute_6": [
      0.0116,
      0.05826,
      0.08088,
      0.10798,
      0.15142,
      0.3823
    ],
    "attribute_7": [
      0.0033,
      0.07440000000000001,
      0.09882,
      0.12572,
      0.1759,
      0.3729
    ],
    "attribute_8": [
      0.0055,
      0.07146,
      0.1007,
      0.13286,
      0.19091999999999998,
      0.459
    ],
    "attribute_9": [
      0.0075,
      0.08376,
      0.13124,
      0.17642000000000002,
      0.25416,
      0.6828
    ],
    "attribute_10": [
      0.0113,
      0.09312,
      0.15303999999999998,
      0.2157,
      0.28959999999999997,
      0.7106
    ],
    "attribute_11": [
      0.0289,
      0.11535999999999999,
      0.19627999999999998,
      0.25236,
      0.31999999999999995,
      0.7342
    ],
    "attribute_12": [
      0.0269,
      0.11339999999999999,
      0.20815999999999998,
      0.2808,
      0.35602,
      0.706
    ],
    "attribute_13": [
      0.0184,
      0.14895999999999998,
      0.23042,
      0.29692,
      0.38389999999999996,
      0.7131
    ],
    "attribute_14": [
      0.0273,
      0.15248,
      0.25761999999999996,
      0.32238,
      0.42261999999999994,
      0.997
    ],
    "attribute_15": [
      0.0031,
      0.14264,
      0.22372,
      0.33768000000000004,
      0.5150199999999999,
      1.0
    ],
    "attribute_16": [
      0.0162,
      0.17332,
      0.25611999999999996,
      0.4219,
      0.6108,
      0.9988
    ],
    "attribute_17": [
      0.0349,
      0.19121999999999997,
      0.26498,
      0.44332000000000005,
      0.70372,
      1.0
    ],
    "attribute_18": [
      0.0375,
      0.22396,
      0.30398,
      0.4791800000000002,
      0.76262,
      1.0
    ],
    "attribute_19": [
      0.0494,
      0.28008,
      0.38066,
      0.5932999999999999,
      0.79792,
      1.0
    ],
    "attribute_20": [
      0.0656,
      0.32336,
      0.45642,
      0.6846,
      0.8445199999999999,
      1.0
    ],
    "attribute_21": [
      0.0512,
      0.35704,
      0.5339200000000001,
      0.73656,
      0.85986,
      1.0
    ],
    "attribute_22": [
      0.0219,
      0.37642,
      0.5948,
      0.75498,
      0.8632599999999999,
      1.0
    ],
    "attribute_23": [
      0.0563,
      0.426,
      0.6312,
      0.78022,
      0.87034,
      1.0
    ],
    "attribute_24": [
      0.0239,
      0.49492,
      0.63896,
      0.76196,
      0.90062,
      1.0
    ],
    "attribute_25": [
      0.024,
      0.4754,
      0.6688999999999999,
      0.78072,
      0.89256,
      1.0
    ],
    "attribute_26": [
      0.0921,
      0.5022,
      0.67094,
      0.8204400000000001,
      0.9145,
      1.0
    ],
    "attribute_27": [
      0.0481,
      0.47193999999999997,
      0.65572,
      0.83068,
      0.93046,
      1.0
    ],
    "attribute_28": [
      0.0284,
      0.46436,
      0.6532,
      0.8085,
      0.9153199999999999,
      1.0
    ],
    "attribute_29": [
      0.0144,
      0.42638,
      0.56058,
      0.76632,
      0.86776,
      1.0
    ],
    "attribute_30": [
      0.0613,
      0.37624,
      0.52134,
      0.64456,
      0.77304,
      1.0
    ],
    "attribute_31": [
      0.0482,
      0.30492,
      0.43018,
      0.5544600000000001,
      0.6660999999999999,
      0.9657
    ],
    "attribute_32": [
      0.0404,
      0.24538000000000001,
      0.35396,
      0.4843,
      0.62822,
      0.9306
    ],
    "attribute_33": [
      0.0477,
      0.21716,
      0.33166,
      0.45676,
      0.60136,
      1.0
    ],
    "attribute_34": [
      0.0212,
      0.18982,
      0.29104,
      0.40648,
      0.61616,
      0.9647
    ],
    "attribute_35": [
      0.0223,
      0.14628,
      0.25826,
      0.39704,
      0.6322999999999999,
      1.0
    ],
    "attribute_36": [
      0.008,
      0.14124,
      0.23414,
      0.42344000000000004,
      0.6408599999999998,
      1.0
    ],
    "attribute_37": [
      0.0379,
      0.14986,
      0.24094,
      0.39630000000000004,
      0.5601799999999999,
      0.9419
    ],
    "attribute_38": [
      0.0383,
      0.1611,
      0.23653999999999997,
      0.351,
      0.4626799999999999,
      1.0
    ],
    "attribute_39": [
      0.0371,
      0.16232,
      0.2286,
      0.3364,
      0.5176000000000001,
      0.9857
    ],
    "attribute_40": [
      0.0117,
      0.15203999999999998,
      0.2411,
      0.32311999999999996,
      0.47165999999999997,
      0.9297
    ],
    "attribute_41": [
      0.036,
      0.13892,
      0.22396,
      0.3011,
      0.42749999999999994,
      0.8995
    ],
    "attribute_42": [
      0.0056,
      0.13782,
      0.21031999999999998,
      0.28414,
      0.42932,
      0.8246
    ],
    "attribute_43": [
      0.0,
      0.1317,
      0.19474,
      0.25808,
      0.3560399999999999,
      0.7733
    ],
    "attribute_44": [
      0.0,
      0.11116,
      0.15678,
      0.20060000000000003,
      0.28584,
      0.7762
    ],
    "attribute_45": [
      0.0,
      0.08345999999999999,
      0.12997999999999998,
      0.1688,
      0.26536,
      0.7034
    ],
    "attribute_46": [
      0.0,
      0.05804,
      0.09698,
      0.14954,
      0.22096,
      0.6214
    ],
    "attribute_47": [
      0.0,
      0.0564,
      0.08434,
      0.11256000000000001,
      0.17798,
      0.4331
    ],
    "attribute_48": [
      0.0,
      0.04074,
      0.06914,
      0.09544,
      0.13422,
      0.2945
    ],
    "attribute_49": [
      0.0,
      0.02288,
      0.0355,
      0.050780000000000006,
      0.07564,
      0.1981
    ],
    "attribute_50": [
      0.0,
      0.00952,
      0.015179999999999999,
      0.01964,
      0.02712,
      0.0825
    ],
    "attribute_51": [
      0.0,
      0.00694,
      0.01218,
      0.01666,
      0.023319999999999997,
      0.0798
    ],
    "attribute_52": [
      0.0008,
      0.0061,
      0.009279999999999998,
      0.013120000000000001,
      0.01806,
      0.0459
    ],
    "attribute_53": [
      0.0005,
      0.00414,
      0.0071,
      0.011120000000000001,
      0.01596,
      0.039
    ],
    "attribute_54": [
      0.001,
      0.00484,
      0.0083,
      0.01122,
      0.015719999999999998,
      0.0352
    ],
    "attribute_55": [
      0.0006,
      0.0038399999999999997,
      0.00638,
      0.0094,
      0.013219999999999999,
      0.0447
    ],
    "attribute_56": [
      0.0004,
      0.00374,
      0.0057,
      0.00854,
      0.01232,
      0.0394
    ],
    "attribute_57": [
      0.0003,
      0.0034,
      0.0054,
      0.0078,
      0.011659999999999998,
      0.0355
    ],
    "attribute_58": [
      0.0003,
      0.00324,
      0.0049,
      0.0079,
      0.012159999999999999,
      0.044
    ],
    "attribute_59": [
      0.0001,
      0.00324,
      0.0055,
      0.007460000000000001,
      0.0113,
      0.0364
    ],
    "attribute_60": [
      0.0007,
      0.00274,
      0.00448,
      0.00644,
      0.009559999999999999,
      0.0439
    ]
  }
}