time,probability
28.0,0.8333333333333334
136.0,0.6666666666666667
202.0,0.5
246.0,0.3333333333333333
274.0,0.16666666666666666
576.0,0.0
