time,probability
41.0,0.9
42.0,0.7999999999999999
48.0,0.7
53.0,0.6
68.0,0.5
90.0,0.4
108.0,0.30000000000000004
117.0,0.2
1006.0,0.2
1214.0,0.2
