time,probability
41.0,0.8571428571428571
56.0,0.7142857142857143
57.0,0.5714285714285715
60.0,0.28571428571428575
174.0,0.14285714285714288
306.0,0.0
