time,probability
0.002738,0.7391304347826086
0.238193,0.6956521739130435
0.405202,0.6086956521739131
0.835044,0.5652173913043479
0.906229,0.5217391304347827
0.960986,0.47826086956521746
1.067762,0.4347826086956522
1.229295,0.39130434782608703
1.284052,0.3478260869565218
1.303217,0.30434782608695654
1.437372,0.2608695652173913
1.448323,0.21739130434782608
1.451061,0.17391304347826086
1.880903,0.13043478260869565
2.193018,0.08695652173913043
2.778919,0.043478260869565216
13.839836,0.0
