time,probability
0.002738,0.75
0.240931,0.7083333333333333
0.303901,0.6666666666666666
0.391513,0.625
0.405202,0.5833333333333334
0.558522,0.5416666666666667
0.689938,0.5000000000000001
0.826831,0.4583333333333334
0.906229,0.41666666666666674
1.067762,0.37500000000000006
1.407255,0.33333333333333337
1.437372,0.2916666666666667
1.486653,0.25
2.110883,0.20833333333333334
2.696783,0.16666666666666669
3.537303,0.125
5.253936,0.08333333333333333
6.058864,0.041666666666666664
8.922656,0.0
